"1","1","voluptate","1995-10-19 13:04:02","1981-12-06 05:40:39",
"2","2","et","2015-01-22 09:53:23","1986-01-02 20:26:34",
"3","3","eum","2008-02-05 20:13:45","2004-02-20 22:22:54",
"4","4","qui","2015-10-06 14:16:30","1988-11-22 01:18:01",
"5","1","perspiciatis","2009-09-09 05:41:09","2012-09-13 22:02:12",
"6","2","recusandae","2004-12-27 10:06:25","1978-09-14 18:34:10",
"7","3","autem","1983-11-28 08:03:22","1982-09-30 21:16:55",
"8","4","cupiditate","1997-06-03 04:20:54","2013-12-25 09:27:03",
"9","1","expedita","1983-10-11 23:16:17","1990-09-26 22:58:33",
"10","2","sunt","1996-02-04 12:16:19","2005-01-05 11:41:48",
"11","3","illo","1987-11-02 22:56:18","1990-10-06 17:14:38",
"12","4","consequatur","2010-06-02 15:03:03","1999-01-28 08:16:31",
"13","1","eius","1982-11-28 23:58:13","1979-02-04 17:35:46",
"14","2","nihil","2014-12-11 18:26:02","1983-07-11 02:17:47",
"15","3","nulla","2002-02-20 04:36:19","2015-11-14 09:59:32",
"16","4","animi","1983-12-14 02:22:12","1973-06-29 21:05:11",
"17","1","corporis","1976-10-29 19:20:08","1987-08-07 19:35:23",
"18","2","repellendus","1980-08-29 02:42:32","2016-02-16 05:50:42",
"19","3","et","1995-09-23 05:20:17","2001-09-10 18:14:12",
"20","4","ullam","2010-11-09 18:44:35","1990-06-25 21:10:22",
"21","1","est","1981-06-12 05:52:06","1997-11-03 06:38:32",
"22","2","qui","2000-06-15 17:29:24","1975-05-07 21:49:39",
"23","3","blanditiis","2000-01-23 22:33:04","1982-08-12 04:02:09",
"24","4","animi","2014-11-17 19:15:26","1992-12-27 15:05:46",
"25","1","labore","2019-04-11 08:24:08","1975-11-06 18:26:51",
"26","2","ut","2021-06-03 03:48:49","2017-06-07 09:18:22",
"27","3","atque","2009-11-29 10:08:56","1975-03-12 16:22:05",
"28","4","rerum","1977-02-16 05:57:52","2017-08-21 21:23:45",
"29","1","provident","1982-05-07 17:44:20","2003-09-29 17:11:01",
"30","2","et","2020-04-28 04:27:07","1993-02-05 14:47:21",
"31","3","quia","1974-08-28 01:36:35","2015-05-13 00:50:55",
"32","4","animi","1997-10-14 11:24:54","1977-09-12 20:34:51",
"33","1","exercitationem","1973-11-24 08:00:37","1976-07-30 22:14:59",
"34","2","maxime","1990-03-15 12:19:40","2000-02-27 18:32:58",
"35","3","velit","1981-10-20 15:59:37","2000-07-02 18:10:33",
"36","4","saepe","2003-11-27 10:45:34","1982-09-29 03:43:41",
"37","1","consequatur","2003-09-30 14:57:01","1990-01-02 09:55:49",
"38","2","enim","1997-07-26 00:49:20","1999-11-12 06:33:14",
"39","3","qui","1970-01-18 03:42:37","1978-05-03 05:43:18",
"40","4","consequatur","1975-09-02 09:06:19","1989-12-11 20:07:08",
"41","1","quaerat","1981-08-17 15:31:08","1980-04-02 17:49:06",
"42","2","minima","1977-03-08 04:15:37","1970-06-01 19:55:27",
"43","3","velit","2011-05-21 22:49:09","1993-02-08 19:04:53",
"44","4","aperiam","1986-02-07 02:59:41","1975-12-14 05:21:29",
"45","1","sed","1991-06-06 18:02:57","1998-08-15 08:30:35",
"46","2","harum","1995-12-07 16:38:51","2019-05-08 03:37:16",
"47","3","perferendis","1976-03-21 15:18:59","2015-01-16 01:17:04",
"48","4","exercitationem","2013-03-12 07:33:43","2010-02-02 09:18:25",
"49","1","voluptas","1989-09-19 06:50:44","1995-03-30 02:15:51",
"50","2","cupiditate","2018-04-15 04:28:57","1984-10-14 00:44:13",
"51","3","occaecati","2005-09-26 12:14:01","1982-10-09 05:55:38",
"52","4","maxime","2019-08-31 16:09:15","1985-09-30 02:03:59",
"53","1","aliquam","2004-01-27 13:10:26","2016-09-09 07:38:48",
"54","2","maiores","1989-09-04 03:47:05","1982-10-31 12:03:36",
"55","3","nemo","2001-07-01 06:12:13","2003-12-23 16:27:41",
"56","4","et","1972-08-30 18:09:30","1985-12-06 01:49:49",
"57","1","dignissimos","2006-05-31 09:25:28","1994-09-06 06:18:28",
"58","2","quae","1996-04-29 16:02:22","2005-02-20 01:35:17",
"59","3","enim","2000-08-03 13:51:32","1980-03-18 06:08:44",
"60","4","totam","2006-01-16 16:55:53","2012-07-08 15:26:35",
"61","1","reiciendis","1999-01-27 22:40:24","1999-08-11 02:55:30",
"62","2","tempora","1977-03-09 12:32:34","1989-06-29 00:40:12",
"63","3","atque","1983-11-19 20:25:59","1987-03-18 11:45:02",
"64","4","provident","2006-05-10 21:30:05","1984-07-17 15:12:19",
"65","1","aut","1980-02-27 14:34:28","2018-06-05 06:59:59",
"66","2","quia","2009-03-27 06:21:37","1985-09-24 07:32:29",
"67","3","cupiditate","1999-07-28 19:42:56","1993-11-28 12:49:19",
"68","4","dolore","1991-09-29 10:03:02","1983-01-24 16:47:52",
"69","1","nisi","2009-03-09 12:57:48","1976-04-21 12:17:29",
"70","2","reiciendis","1979-02-02 05:20:11","2012-04-11 16:50:19",
"71","3","consequatur","2009-10-28 12:38:50","1991-06-13 09:23:18",
"72","4","est","1974-07-24 11:02:00","2019-08-10 15:16:02",
"73","1","eligendi","2011-03-07 06:47:49","2017-01-24 04:16:51",
"74","2","aut","1997-02-02 05:09:24","1978-08-16 23:18:00",
"75","3","et","1983-05-25 11:10:39","1970-10-08 08:16:42",
"76","4","cum","2005-09-29 15:14:08","2020-02-01 13:39:14",
"77","1","nihil","2010-07-28 15:12:51","2009-05-30 20:05:26",
"78","2","voluptates","2001-02-05 13:20:48","1970-01-02 08:12:58",
"79","3","tempore","2019-03-26 06:20:24","1974-03-02 15:30:38",
"80","4","mollitia","2013-02-27 19:32:42","2004-11-16 20:32:08",
"81","1","labore","2005-07-17 11:58:59","1977-05-31 19:33:41",
"82","2","vel","2020-04-25 07:28:10","2010-11-12 17:43:25",
"83","3","et","2015-04-26 12:29:12","2002-08-12 16:19:54",
"84","4","non","1991-09-02 02:39:16","1971-10-20 20:09:37",
"85","1","autem","2018-12-06 00:18:07","1985-02-06 09:08:50",
"86","2","nam","1976-02-14 12:33:38","1985-10-06 11:39:18",
"87","3","vitae","1989-05-02 15:17:34","1993-07-24 13:41:44",
"88","4","iure","2002-10-30 17:12:16","1983-09-17 20:00:08",
"89","1","quasi","2020-09-19 10:23:26","1970-05-22 08:49:47",
"90","2","a","1987-05-09 10:59:17","2014-06-26 03:08:36",
"91","3","voluptatem","2008-05-29 01:01:21","1987-06-14 16:08:51",
"92","4","voluptas","2002-11-16 03:32:40","1971-09-07 08:51:13",
"93","1","qui","2013-10-13 20:08:49","1997-05-26 10:57:10",
"94","2","quasi","2019-02-12 17:56:59","1987-07-08 17:43:24",
"95","3","autem","2016-04-23 05:07:34","1992-04-24 23:36:09",
"96","4","repellat","1992-12-26 19:45:47","2019-03-04 21:05:57",
"97","1","illo","2018-06-30 21:31:16","1997-03-13 17:24:56",
"98","2","aut","1973-12-24 12:47:08","2013-02-26 23:26:50",
"99","3","non","1999-05-27 12:58:52","1995-11-05 18:18:57",
"100","4","tenetur","1978-12-22 07:18:53","1991-03-01 21:47:17",
