"1","1","2011-08-04 07:09:11","2013-11-26 22:23:06",
"2","2","1991-02-17 04:00:56","1986-07-05 16:43:03",
"3","3","2007-01-25 12:44:37","1987-07-02 18:08:51",
"4","4","1973-01-13 14:41:43","1988-11-26 10:21:45",
"5","5","1993-08-24 18:18:04","1982-03-14 21:39:53",
"1","6","1985-09-25 14:32:06","1989-01-16 20:37:59",
"2","7","1983-03-31 18:21:57","2012-06-08 06:07:13",
"3","8","2000-06-30 22:57:12","1985-12-03 04:45:17",
"4","9","1992-11-27 23:43:09","1993-03-20 01:49:43",
"5","10","2006-09-02 12:22:53","1998-03-03 22:47:09",
"1","11","1979-02-28 22:48:23","2004-04-01 11:12:34",
"2","12","2015-09-08 10:12:59","2015-01-05 04:03:03",
"3","13","1981-02-25 07:34:44","1974-10-31 03:30:25",
"4","14","1982-02-13 03:12:50","2019-02-04 21:39:16",
"5","15","2016-07-17 05:53:54","2013-11-27 21:12:34",
