"1","1","1","","1995-10-14 19:17:45","2003-02-24 13:41:42",
"2","2","2","","2010-05-10 08:01:23","1979-10-06 11:00:52",
"3","3","3","","2005-11-21 15:30:38","2008-08-08 07:31:09",
"4","4","4","","1974-08-21 15:57:44","1988-10-30 21:13:49",
"5","5","5","","2004-09-15 09:29:23","1997-08-26 20:15:18",
"6","6","6","","2017-07-14 04:48:41","1994-12-01 05:05:58",
"7","7","1","","2019-12-06 11:37:39","1980-05-26 06:05:44",
"8","8","2","","2000-04-05 09:07:20","2016-01-01 03:37:35",
"9","9","3","","1997-11-19 21:58:32","2021-01-10 11:33:52",
"10","10","4","","1984-09-01 07:01:31","1987-07-06 21:26:27",
"11","11","5","","1971-12-09 18:23:53","1970-05-23 18:12:18",
"12","12","6","","1985-01-31 12:06:10","1994-10-16 12:23:16",
"13","13","1","","2020-09-29 22:30:46","1997-10-19 18:51:43",
"14","14","2","","1996-03-16 18:58:21","1986-03-04 00:09:36",
"15","15","3","","1998-07-26 03:19:48","2003-10-24 03:11:30",
"16","16","4","","2001-09-16 06:03:46","2019-09-21 13:09:07",
