"1","wo'connell@example.org","565.124.7072x8747","2020-08-06 01:46:12","1999-12-03 09:21:39",
"2","zachary84@example.com","460-685-8030x92171","1990-08-21 13:14:02","2017-05-03 15:22:03",
"3","ilabadie@example.net","05918920677","1981-12-02 05:06:22","1989-08-08 10:26:11",
"4","kozey.pearline@example.net","615-859-8996x47247","2020-09-23 22:27:44","2015-05-31 15:35:31",
"5","bertha.kshlerin@example.org","135-612-0360x8411","1972-11-21 02:42:13","1986-01-05 09:54:28",
"6","klocko.river@example.org","+49(3)7806598096","2005-10-17 02:20:46","2005-12-02 18:08:52",
"7","gblanda@example.org","1-620-816-9773x160","2019-11-10 16:18:10","2015-09-26 08:05:03",
"8","edgardo81@example.org","1-621-106-4469x882","1979-05-10 03:28:25","2002-07-17 02:51:52",
"9","bogan.flavio@example.org","02810064527","2007-08-30 19:32:14","2013-07-23 09:32:14",
"10","loren88@example.org","+69(9)5824583456","1987-12-09 23:35:20","1988-03-12 00:29:06",
"11","gutmann.tremayne@example.com","+04(3)3890785379","1997-01-31 03:23:34","2005-10-30 09:01:36",
"12","cindy17@example.net","744.801.8677","1993-06-17 15:09:08","1987-02-01 09:28:31",
"13","gking@example.net","+68(5)3074537722","1987-01-17 23:39:23","2015-10-24 12:35:30",
"14","jude.hudson@example.com","553.164.0110","1979-12-31 16:33:37","1983-04-18 12:26:38",
"15","schaden.ana@example.net","1-579-527-2123","1993-02-21 19:29:53","2013-11-07 09:36:59",
"16","melyna.bechtelar@example.net","711-717-9216x032","1992-12-14 15:33:11","1993-08-19 13:46:43",
"17","clarabelle30@example.org","(320)378-7438","1998-06-06 04:11:23","1997-10-25 20:31:09",
"18","streich.consuelo@example.org","1-076-303-4431x36878","2015-04-16 02:57:32","2018-01-07 15:54:45",
"19","delmer.hyatt@example.org","017-955-6302x64356","1984-12-19 13:57:32","2015-04-02 06:13:46",
"20","greta.waelchi@example.net","490-641-8842x04470","1988-10-25 10:32:29","2008-05-19 01:36:49",
