-- MySQL dump 10.13  Distrib 8.0.25, for Win64 (x86_64)
--
-- Host: localhost    Database: vk_20210918
-- ------------------------------------------------------
-- Server version	8.0.25

/*!40101 SET @OLD_CHARACTER_SET_CLIENT=@@CHARACTER_SET_CLIENT */;
/*!40101 SET @OLD_CHARACTER_SET_RESULTS=@@CHARACTER_SET_RESULTS */;
/*!40101 SET @OLD_COLLATION_CONNECTION=@@COLLATION_CONNECTION */;
/*!50503 SET NAMES utf8mb4 */;
/*!40103 SET @OLD_TIME_ZONE=@@TIME_ZONE */;
/*!40103 SET TIME_ZONE='+00:00' */;
/*!40014 SET @OLD_UNIQUE_CHECKS=@@UNIQUE_CHECKS, UNIQUE_CHECKS=0 */;
/*!40014 SET @OLD_FOREIGN_KEY_CHECKS=@@FOREIGN_KEY_CHECKS, FOREIGN_KEY_CHECKS=0 */;
/*!40101 SET @OLD_SQL_MODE=@@SQL_MODE, SQL_MODE='NO_AUTO_VALUE_ON_ZERO' */;
/*!40111 SET @OLD_SQL_NOTES=@@SQL_NOTES, SQL_NOTES=0 */;

--
-- Table structure for table `communities`
--

DROP TABLE IF EXISTS `communities`;
/*!40101 SET @saved_cs_client     = @@character_set_client */;
/*!50503 SET character_set_client = utf8mb4 */;
CREATE TABLE `communities` (
  `id` int unsigned NOT NULL AUTO_INCREMENT COMMENT 'Идентификатор строки',
  `name` varchar(150) NOT NULL COMMENT 'Название группы',
  `created_at` datetime DEFAULT CURRENT_TIMESTAMP COMMENT 'Время создания строки',
  `updated_at` datetime DEFAULT CURRENT_TIMESTAMP ON UPDATE CURRENT_TIMESTAMP COMMENT 'Время обновления строки',
  PRIMARY KEY (`id`),
  UNIQUE KEY `name` (`name`)
) ENGINE=InnoDB AUTO_INCREMENT=101 DEFAULT CHARSET=utf8mb4 COLLATE=utf8mb4_0900_ai_ci COMMENT='Таблица сообществ';
/*!40101 SET character_set_client = @saved_cs_client */;

--
-- Dumping data for table `communities`
--

LOCK TABLES `communities` WRITE;
/*!40000 ALTER TABLE `communities` DISABLE KEYS */;
INSERT INTO `communities` VALUES (1,'dolorem','2013-10-12 13:43:49','1980-10-14 10:16:45'),(2,'et','1990-04-29 19:01:58','2007-10-18 00:55:14'),(3,'ipsum','1995-05-20 00:13:56','1996-05-06 01:53:59'),(4,'quod','1986-01-20 09:04:44','1977-03-22 22:33:26'),(5,'enim','2000-03-15 10:06:18','1985-03-26 02:44:00'),(6,'sed','1973-06-30 15:53:15','2000-12-26 06:58:30'),(7,'maiores','1992-07-10 18:18:57','1982-04-02 08:18:33'),(8,'nemo','2004-08-04 22:57:55','1982-08-16 23:24:26'),(9,'exercitationem','1992-03-22 10:12:27','2000-05-05 03:33:53'),(10,'odio','1979-06-19 03:40:55','1973-12-15 02:18:04'),(11,'voluptatibus','1972-10-03 12:33:08','2007-05-14 18:15:59'),(12,'ducimus','1985-07-25 14:38:03','1986-11-05 19:26:24'),(13,'animi','2020-01-17 15:28:08','1975-04-24 08:24:28'),(14,'velit','1999-11-19 13:51:47','1985-03-19 00:28:59'),(15,'cupiditate','2009-09-22 15:02:08','1987-09-17 00:32:04'),(16,'aut','2018-06-13 16:13:53','1973-05-18 11:55:45'),(17,'saepe','1999-03-03 03:33:06','2007-06-05 12:08:21'),(18,'amet','1987-11-02 17:42:56','1975-04-08 09:55:16'),(19,'architecto','2007-08-08 13:48:57','2003-11-16 07:43:50'),(20,'error','2015-03-31 05:14:54','1996-04-07 06:24:55'),(21,'sapiente','1987-05-17 00:01:00','2003-04-10 01:38:44'),(22,'veritatis','2014-05-14 01:50:25','1978-04-07 17:02:05'),(23,'placeat','1993-12-28 13:31:34','1986-03-09 17:49:51'),(24,'asperiores','1985-09-08 15:12:24','2015-08-04 17:33:23'),(25,'omnis','2003-07-08 02:59:04','1986-05-01 20:26:21'),(26,'quo','1985-03-12 16:53:21','2017-11-22 21:27:16'),(27,'at','1974-06-12 13:28:03','1987-10-16 23:30:36'),(28,'aliquam','1994-05-09 03:45:11','1989-05-06 22:53:33'),(29,'autem','1977-06-22 02:43:48','1993-11-07 03:01:37'),(30,'est','1994-03-29 20:07:58','2002-08-18 06:30:07'),(31,'iste','1970-11-21 17:24:43','1995-11-21 16:35:40'),(32,'nobis','1992-02-24 01:54:38','1994-03-11 04:01:02'),(33,'qui','2020-11-08 10:58:28','1974-12-20 15:49:21'),(34,'voluptatem','2003-05-19 08:40:39','2019-08-23 08:33:55'),(35,'corrupti','2013-04-02 17:56:18','1998-11-28 01:46:40'),(36,'repellat','1971-07-10 02:16:24','1975-01-21 12:16:06'),(37,'cumque','2000-10-13 22:07:21','1984-09-18 19:43:33'),(38,'dignissimos','2005-06-19 11:24:21','1977-04-21 22:37:40'),(39,'alias','1988-05-07 02:43:03','1989-02-22 06:39:49'),(40,'voluptate','1988-06-07 15:28:42','1996-11-02 00:03:36'),(41,'ut','1989-02-22 01:54:44','2005-01-22 03:37:49'),(42,'unde','2008-06-18 13:49:05','2009-11-15 07:31:00'),(43,'doloribus','2002-07-19 21:17:24','1982-08-24 22:59:18'),(44,'quia','1979-02-24 20:54:03','2010-10-13 17:30:21'),(45,'molestiae','1980-11-11 07:06:22','1982-04-29 03:26:24'),(46,'dolores','2016-05-25 09:51:23','1998-06-30 11:03:21'),(47,'nihil','2004-02-25 08:51:39','1972-05-24 15:30:36'),(48,'nisi','1996-11-09 10:53:21','2005-03-19 23:42:30'),(49,'labore','1998-11-08 21:13:37','1997-04-09 09:42:21'),(50,'ad','1986-05-08 20:49:36','1982-07-16 22:04:26'),(51,'neque','1998-04-28 13:25:56','1978-04-18 08:12:16'),(52,'aperiam','2009-09-06 23:05:40','1998-12-19 07:00:16'),(53,'id','2005-10-24 16:40:55','1975-09-20 11:29:38'),(54,'eligendi','2008-09-04 01:04:42','1970-06-30 16:08:02'),(55,'vel','1973-01-31 03:44:36','1971-09-17 05:02:37'),(56,'sunt','2010-07-22 03:52:47','1980-05-12 20:37:29'),(57,'nulla','1982-01-04 00:19:11','2020-12-31 01:20:41'),(58,'delectus','1980-06-19 05:43:27','2015-10-19 20:50:36'),(59,'debitis','2005-10-28 17:31:54','1979-06-30 23:26:18'),(60,'ab','1977-10-04 22:52:29','2000-11-19 21:13:26'),(61,'maxime','2005-12-11 15:21:54','2001-08-21 19:10:58'),(62,'eius','2000-02-03 04:12:59','2014-06-29 17:03:26'),(63,'soluta','1977-08-06 18:31:25','2006-11-19 19:06:10'),(64,'numquam','2020-05-28 09:36:22','2001-12-22 00:24:37'),(65,'earum','1974-10-21 00:43:22','1988-05-05 11:48:25'),(66,'laboriosam','1982-05-23 10:59:31','1970-08-10 21:32:48'),(67,'quos','1972-06-30 19:53:51','2013-06-30 01:48:29'),(68,'non','1970-05-02 03:56:55','1973-01-31 01:38:04'),(69,'pariatur','1999-06-24 03:53:43','1971-12-14 04:09:19'),(70,'commodi','2016-07-05 04:25:07','2020-06-08 16:46:05'),(71,'accusantium','1971-05-27 16:19:42','2008-04-12 22:16:19'),(72,'consequatur','1997-02-02 02:07:08','1977-02-26 12:59:11'),(73,'eaque','2021-03-26 11:11:20','1986-09-09 20:53:28'),(74,'perspiciatis','2021-05-04 18:15:09','2013-03-13 10:19:10'),(75,'rerum','2019-04-03 21:41:13','1977-05-13 21:04:11'),(76,'sit','1980-12-18 07:10:58','2019-05-17 04:17:59'),(77,'voluptatum','2001-07-16 12:50:58','1998-12-05 20:16:55'),(78,'explicabo','1998-10-01 00:20:16','2011-11-02 13:10:25'),(79,'mollitia','1990-01-24 07:02:47','2015-03-14 14:11:34'),(80,'corporis','2011-12-15 05:40:14','2014-02-10 22:38:59'),(81,'modi','1976-04-18 05:28:04','2007-01-18 17:43:58'),(82,'culpa','1980-06-06 02:50:43','1976-05-25 05:33:58'),(83,'quidem','1975-10-29 13:20:07','2003-02-24 23:15:37'),(84,'tenetur','1990-04-21 14:32:47','2010-05-09 07:16:22'),(85,'reprehenderit','1991-09-29 13:06:54','1991-05-18 03:47:13'),(86,'impedit','1986-05-06 07:14:49','1996-07-12 12:38:28'),(87,'dolorum','1973-05-12 13:17:11','2015-06-15 10:30:30'),(88,'a','2004-08-30 13:15:19','1983-07-24 22:51:45'),(89,'suscipit','1974-11-07 00:14:54','2001-11-03 20:54:00'),(90,'possimus','1973-08-23 03:58:14','1989-03-23 02:47:03'),(91,'vero','1983-02-02 18:01:55','1988-04-20 13:55:57'),(92,'dolore','2010-01-24 08:20:54','2012-11-11 07:33:44'),(93,'beatae','2014-02-05 20:54:20','2012-01-20 10:51:47'),(94,'quam','1993-05-31 18:50:04','1971-04-24 06:49:12'),(95,'quisquam','2014-08-22 10:33:54','2003-03-25 21:18:10'),(96,'voluptas','1970-07-04 10:27:53','2016-02-11 03:45:06'),(97,'ex','1999-04-23 16:50:16','2006-08-01 03:11:39'),(98,'similique','2013-04-10 09:06:34','2003-12-14 23:03:57'),(99,'quis','1991-04-04 19:12:18','1998-01-14 01:16:19'),(100,'ea','2002-03-01 09:12:36','2000-05-29 21:35:51');
/*!40000 ALTER TABLE `communities` ENABLE KEYS */;
UNLOCK TABLES;

--
-- Table structure for table `communities_users`
--

DROP TABLE IF EXISTS `communities_users`;
/*!40101 SET @saved_cs_client     = @@character_set_client */;
/*!50503 SET character_set_client = utf8mb4 */;
CREATE TABLE `communities_users` (
  `community_id` int unsigned NOT NULL COMMENT 'Идентификатор группы',
  `user_id` int unsigned NOT NULL COMMENT 'Идентификатор пользователя',
  `created_at` datetime DEFAULT CURRENT_TIMESTAMP COMMENT 'Время создания строки',
  `updated_at` datetime DEFAULT CURRENT_TIMESTAMP ON UPDATE CURRENT_TIMESTAMP COMMENT 'Время обновления строки',
  PRIMARY KEY (`community_id`,`user_id`),
  KEY `fk_cu_user_id` (`user_id`),
  CONSTRAINT `fk_cu_community_id` FOREIGN KEY (`community_id`) REFERENCES `communities` (`id`),
  CONSTRAINT `fk_cu_user_id` FOREIGN KEY (`user_id`) REFERENCES `users` (`id`)
) ENGINE=InnoDB DEFAULT CHARSET=utf8mb4 COLLATE=utf8mb4_0900_ai_ci COMMENT='Таблица связи сообществ и пользователей';
/*!40101 SET character_set_client = @saved_cs_client */;

--
-- Dumping data for table `communities_users`
--

LOCK TABLES `communities_users` WRITE;
/*!40000 ALTER TABLE `communities_users` DISABLE KEYS */;
INSERT INTO `communities_users` VALUES (1,1,'1970-02-13 20:41:15','2003-03-15 09:01:56'),(2,2,'1976-09-09 07:47:48','1980-01-05 23:36:10'),(3,3,'2014-06-11 01:25:45','1973-06-18 01:16:27'),(4,4,'1989-06-09 07:16:06','2013-12-07 01:00:21'),(5,5,'2005-07-06 14:14:09','2014-01-22 04:46:44'),(6,6,'1971-09-29 04:23:04','1971-11-21 14:12:59'),(7,7,'1976-10-19 13:19:18','2006-04-10 11:27:59'),(8,8,'1983-02-13 21:33:41','1996-08-19 01:42:02'),(9,9,'2016-07-28 07:17:06','1997-11-02 01:35:16'),(10,10,'2014-09-14 07:36:13','2008-05-15 02:34:43'),(11,11,'2006-01-06 17:47:52','1983-02-26 00:26:50'),(12,12,'1995-07-01 15:13:41','1996-08-12 12:38:04'),(13,13,'2018-09-16 21:30:45','1997-10-06 17:20:03'),(14,14,'2013-08-10 10:32:44','2004-01-13 19:22:36'),(15,15,'2020-01-04 13:07:48','1999-05-10 00:16:55'),(16,16,'1998-11-02 16:10:06','2005-07-08 05:59:05'),(17,17,'2017-03-04 13:22:10','2005-08-16 04:54:39'),(18,18,'2003-09-09 19:12:53','2016-06-24 01:34:35'),(19,19,'1973-08-15 03:32:00','1971-09-24 01:45:27'),(20,20,'1984-01-29 20:10:37','1978-02-23 00:44:00'),(21,21,'2005-06-08 14:48:44','2020-10-12 10:01:43'),(22,22,'2019-06-05 03:05:26','1982-03-21 10:07:40'),(23,23,'2014-10-23 07:10:46','1980-02-11 14:24:32'),(24,24,'2009-08-21 09:49:04','1980-11-27 20:49:02'),(25,25,'2006-03-02 13:26:54','1990-02-13 23:58:21'),(26,26,'1998-04-14 11:01:34','1990-09-20 17:34:46'),(27,27,'2009-10-27 20:41:47','1986-01-15 17:40:43'),(28,28,'1975-01-13 19:59:09','1985-02-19 17:53:44'),(29,29,'1971-02-26 22:02:31','1976-08-05 04:24:13'),(30,30,'2004-10-12 21:24:37','1989-04-22 08:32:00'),(31,31,'2007-08-31 17:47:16','1974-09-21 23:33:48'),(32,32,'1993-06-13 20:43:04','1992-05-11 06:27:33'),(33,33,'1998-12-05 02:32:42','2007-05-22 18:26:14'),(34,34,'2010-09-24 13:54:11','1972-02-29 20:45:49'),(35,35,'1976-07-03 12:12:27','1990-02-06 19:46:34'),(36,36,'2019-05-30 03:18:48','1971-07-31 03:24:49'),(37,37,'1980-10-29 01:14:55','1979-01-14 12:05:22'),(38,38,'2011-11-08 09:35:31','2018-08-20 20:46:44'),(39,39,'2014-03-26 21:40:41','1983-07-11 20:33:08'),(40,40,'1980-10-04 06:30:28','1977-05-17 17:21:50'),(41,41,'1987-05-27 14:03:33','1994-12-03 14:29:56'),(42,42,'2008-02-18 21:06:50','1989-10-28 01:36:43'),(43,43,'2008-03-14 02:26:03','1991-10-01 05:14:45'),(44,44,'2009-09-23 18:17:13','1999-06-28 00:37:12'),(45,45,'2015-12-08 15:42:02','2011-10-10 08:53:02'),(46,46,'2020-12-13 05:46:40','1987-09-06 01:12:17'),(47,47,'1973-08-11 00:20:05','1994-10-28 11:12:03'),(48,48,'2016-10-17 07:04:11','1975-07-08 11:10:44'),(49,49,'1971-10-25 13:25:22','1983-12-31 07:56:19'),(50,50,'1985-11-04 03:17:40','2011-11-14 14:53:40'),(51,51,'2000-09-22 06:25:28','1999-06-28 18:26:01'),(52,52,'1988-08-22 01:37:48','1992-11-21 03:43:50'),(53,53,'2001-08-17 20:21:34','2018-05-14 04:08:11'),(54,54,'1986-05-27 16:12:31','1995-12-16 00:59:11'),(55,55,'1996-10-30 01:04:10','1991-05-05 14:33:35'),(56,56,'1984-01-17 04:31:11','1986-10-19 08:33:53'),(57,57,'1989-07-14 22:52:28','2012-04-19 11:06:33'),(58,58,'2011-03-05 21:46:23','2017-01-26 06:49:28'),(59,59,'1973-12-09 02:49:16','2007-09-28 21:08:01'),(60,60,'1994-11-27 20:25:11','2016-07-15 23:32:55'),(61,61,'2019-07-14 09:45:39','2019-10-11 09:56:10'),(62,62,'2011-06-22 13:23:40','1993-03-04 11:58:40'),(63,63,'1987-03-08 04:02:28','2005-03-01 02:03:13'),(64,64,'2016-08-09 09:14:47','1971-02-25 18:00:39'),(65,65,'1995-06-25 06:33:24','2008-01-13 13:38:45'),(66,66,'2006-11-23 13:11:46','1995-07-09 10:12:35'),(67,67,'1973-12-04 17:57:20','1991-08-11 16:59:49'),(68,68,'1982-10-23 08:02:11','1986-04-18 06:52:24'),(69,69,'1977-08-10 07:27:59','2012-08-01 21:24:03'),(70,70,'1992-03-02 13:32:08','1994-11-25 12:43:00'),(71,71,'1974-03-02 22:42:23','2004-09-15 00:10:35'),(72,72,'1976-12-31 10:07:23','2002-06-22 04:56:54'),(73,73,'1983-09-08 12:03:08','2007-01-13 12:10:42'),(74,74,'1972-08-08 02:13:33','2014-12-25 10:24:13'),(75,75,'1987-12-25 02:14:57','1983-12-20 05:04:52'),(76,76,'2007-12-10 19:50:03','2000-08-14 00:30:14'),(77,77,'1978-03-25 17:24:09','1970-02-28 17:31:34'),(78,78,'1984-09-24 21:38:48','1973-03-11 09:38:35'),(79,79,'2017-01-30 14:17:14','2018-11-02 08:46:47'),(80,80,'2014-03-05 03:05:09','1994-01-03 19:36:02'),(81,81,'2021-04-09 11:12:24','1980-09-08 18:49:01'),(82,82,'2004-04-26 04:20:18','2017-04-18 12:14:21'),(83,83,'1977-12-12 05:20:16','1985-07-26 01:19:20'),(84,84,'1999-04-28 12:01:27','2015-04-16 13:45:32'),(85,85,'1972-11-23 20:57:56','1977-04-02 04:33:02'),(86,86,'1982-04-13 11:14:52','1984-07-27 10:50:34'),(87,87,'1989-09-22 07:54:00','1975-01-10 16:34:42'),(88,88,'1988-09-17 09:29:13','1987-09-10 23:45:17'),(89,89,'1980-12-27 15:58:00','1977-11-12 01:13:17'),(90,90,'1998-09-22 14:57:37','1999-02-04 20:28:41'),(91,91,'1997-07-17 15:33:46','1970-11-16 12:05:52'),(92,92,'1981-06-03 13:10:52','1982-11-20 16:34:19'),(93,93,'1977-08-13 07:03:15','1997-07-28 09:35:35'),(94,94,'2001-05-13 18:42:48','1986-02-15 11:32:13'),(95,95,'1986-01-12 16:48:20','1978-01-26 19:22:37'),(96,96,'1991-07-04 21:33:21','1971-08-20 01:05:02'),(97,97,'1987-01-15 14:19:50','1975-10-10 13:38:57'),(98,98,'1974-12-21 15:11:26','1989-07-15 20:24:35'),(99,99,'2008-08-19 17:14:11','2003-09-23 12:56:46'),(100,100,'1995-04-02 00:09:19','2014-03-25 18:11:24');
/*!40000 ALTER TABLE `communities_users` ENABLE KEYS */;
UNLOCK TABLES;

--
-- Table structure for table `entity_types`
--

DROP TABLE IF EXISTS `entity_types`;
/*!40101 SET @saved_cs_client     = @@character_set_client */;
/*!50503 SET character_set_client = utf8mb4 */;
CREATE TABLE `entity_types` (
  `id` int unsigned NOT NULL AUTO_INCREMENT COMMENT 'Идентификатор строки',
  `entity_name` varchar(100) NOT NULL COMMENT 'Имя сущности',
  PRIMARY KEY (`id`),
  UNIQUE KEY `entity_name` (`entity_name`)
) ENGINE=InnoDB AUTO_INCREMENT=6 DEFAULT CHARSET=utf8mb4 COLLATE=utf8mb4_0900_ai_ci COMMENT='Справочная таблица с перечнем сущностей, которым можно поставить лайк';
/*!40101 SET character_set_client = @saved_cs_client */;

--
-- Dumping data for table `entity_types`
--

LOCK TABLES `entity_types` WRITE;
/*!40000 ALTER TABLE `entity_types` DISABLE KEYS */;
INSERT INTO `entity_types` VALUES (3,'messages'),(2,'posts'),(1,'profiles');
/*!40000 ALTER TABLE `entity_types` ENABLE KEYS */;
UNLOCK TABLES;

--
-- Table structure for table `friendship`
--

DROP TABLE IF EXISTS `friendship`;
/*!40101 SET @saved_cs_client     = @@character_set_client */;
/*!50503 SET character_set_client = utf8mb4 */;
CREATE TABLE `friendship` (
  `user_id` int unsigned NOT NULL COMMENT 'Ссылка на инициатора дружеских отношений',
  `friend_id` int unsigned NOT NULL COMMENT 'Ссылка на получателя приглашения дружить',
  `requested_at` datetime DEFAULT CURRENT_TIMESTAMP COMMENT 'Время отправления приглашения дружить',
  `confirmed_at` datetime DEFAULT NULL COMMENT 'Время подтверждения приглашения',
  `created_at` datetime DEFAULT CURRENT_TIMESTAMP COMMENT 'Время создания строки',
  `updated_at` datetime DEFAULT CURRENT_TIMESTAMP ON UPDATE CURRENT_TIMESTAMP COMMENT 'Время обновления строки',
  `status` enum('Friend','Following','Blocked') DEFAULT NULL,
  PRIMARY KEY (`user_id`,`friend_id`),
  KEY `fk_friendship_friend_id` (`friend_id`),
  CONSTRAINT `fk_friendship_friend_id` FOREIGN KEY (`friend_id`) REFERENCES `users` (`id`),
  CONSTRAINT `fk_friendship_user_id` FOREIGN KEY (`user_id`) REFERENCES `users` (`id`)
) ENGINE=InnoDB DEFAULT CHARSET=utf8mb4 COLLATE=utf8mb4_0900_ai_ci COMMENT='Таблица дружбы';
/*!40101 SET character_set_client = @saved_cs_client */;

--
-- Dumping data for table `friendship`
--

LOCK TABLES `friendship` WRITE;
/*!40000 ALTER TABLE `friendship` DISABLE KEYS */;
INSERT INTO `friendship` VALUES (1,2,'1988-08-18 12:15:03',NULL,'1989-10-24 20:53:16','2021-07-07 15:59:17','Friend'),(1,3,'2004-06-12 11:28:16',NULL,'1982-08-03 03:03:07','2021-07-07 15:59:17','Friend'),(1,4,'1987-11-15 15:40:28',NULL,'1974-08-14 22:33:48','2021-07-07 15:59:17','Following'),(1,5,'1992-04-23 08:46:58',NULL,'1998-04-08 14:49:27','2021-07-07 15:59:17','Following'),(1,6,'1981-08-25 17:37:00','1999-12-05 16:47:42','1983-05-20 16:27:44','2021-07-07 15:59:17','Friend'),(1,7,'1995-04-30 04:33:33',NULL,'1979-11-06 12:06:14','2021-07-07 15:59:17','Following'),(1,8,'2002-03-07 19:55:20',NULL,'1997-08-04 08:06:25','2021-07-07 15:59:17','Following'),(1,9,'1994-01-09 23:19:54',NULL,'1987-08-30 15:19:35','2021-07-07 15:59:17','Friend'),(1,10,'2007-04-30 21:30:10',NULL,'1970-10-25 22:15:26','2021-07-07 15:59:17','Following'),(1,11,'1974-01-07 06:36:26',NULL,'2014-01-09 02:06:33','2021-07-07 15:59:17','Friend'),(1,12,'2008-10-31 04:18:27',NULL,'2001-12-17 07:01:56','2021-07-07 15:59:17','Blocked'),(1,13,'2007-06-01 04:54:03',NULL,'1993-08-16 05:16:29','2021-07-07 15:59:17','Following'),(1,14,'1981-03-14 07:26:05',NULL,'1980-08-18 01:01:07','2021-07-07 15:59:17','Blocked'),(1,15,'2007-06-09 15:19:23',NULL,'2013-10-11 22:14:30','2021-07-07 15:59:17','Friend'),(1,16,'2003-06-20 15:21:52',NULL,'2010-06-24 14:24:15','2021-07-07 15:59:17','Blocked'),(1,17,'1978-01-04 09:23:39',NULL,'2007-02-04 04:39:40','2021-07-07 15:59:17','Blocked'),(1,18,'1970-03-11 23:24:45','1997-07-07 09:53:19','1997-06-21 17:57:00','2021-07-07 15:59:17','Friend'),(1,19,'1996-07-20 11:31:56',NULL,'2004-07-29 05:45:17','2021-07-07 15:59:17','Friend'),(1,20,'2007-05-06 03:21:24',NULL,'1989-11-11 02:15:55','2021-07-07 15:59:17','Following'),(1,21,'1988-11-28 01:06:59',NULL,'2011-09-07 06:14:15','2021-07-07 15:59:17','Friend'),(1,22,'2004-01-29 08:05:44','2019-02-03 02:55:27','2017-10-20 12:51:41','2021-07-07 15:59:17','Blocked'),(1,23,'1984-08-05 07:47:05',NULL,'2000-09-10 07:09:36','2021-07-07 15:59:17','Following'),(1,24,'2007-05-14 09:08:39',NULL,'1986-06-07 23:32:20','2021-07-07 15:59:17','Following'),(1,25,'2012-02-22 17:00:19','2012-10-18 15:59:00','1994-01-27 13:53:47','2021-07-07 15:59:17','Following'),(1,26,'2011-12-09 05:44:05',NULL,'1993-05-04 21:08:11','2021-07-07 15:59:17','Blocked'),(1,27,'1981-06-20 08:42:55',NULL,'2019-05-18 02:10:59','2021-07-07 15:59:17','Friend'),(1,28,'2015-05-21 12:11:49','2001-01-17 05:49:33','2005-06-01 00:10:52','2021-07-07 15:59:17','Following'),(1,29,'1990-12-18 02:07:31',NULL,'2016-04-14 17:40:16','2021-07-07 15:59:17','Following'),(1,99,'1997-06-05 05:41:20','2020-06-28 10:44:24','1977-03-04 23:26:29','2021-07-07 15:59:17','Friend'),(6,1,'2021-07-03 20:56:52','2021-07-03 20:56:52','2021-07-03 20:56:52','2021-07-07 15:59:17','Blocked'),(6,2,'2021-07-07 18:00:29','2021-07-07 18:00:29','2021-07-07 18:00:29','2021-07-07 18:00:29','Friend'),(6,3,'2021-07-07 18:00:29','2021-07-07 18:00:29','2021-07-07 18:00:29','2021-07-07 18:00:29','Friend'),(6,4,'2021-07-07 18:00:29','2021-07-07 18:00:29','2021-07-07 18:00:29','2021-07-07 18:00:29','Friend'),(18,1,'2021-07-03 20:57:22','2021-07-03 20:57:22','2021-07-03 20:57:22','2021-07-07 15:59:17','Blocked'),(18,2,'2021-07-07 18:00:29','2021-07-07 18:00:29','2021-07-07 18:00:29','2021-07-07 18:00:29','Friend'),(18,3,'2021-07-07 18:00:29','2021-07-07 18:00:29','2021-07-07 18:00:29','2021-07-07 18:00:29','Friend'),(18,4,'2021-07-07 18:00:29','2021-07-07 18:00:29','2021-07-07 18:00:29','2021-07-07 18:00:29','Friend'),(22,1,'2021-07-03 20:57:22','2021-07-03 20:57:22','2021-07-03 20:57:22','2021-07-07 15:59:17','Following'),(22,2,'2021-07-07 18:00:29','2021-07-07 18:00:29','2021-07-07 18:00:29','2021-07-07 18:00:29','Friend'),(22,3,'2021-07-07 18:00:29','2021-07-07 18:00:29','2021-07-07 18:00:29','2021-07-07 18:00:29','Friend'),(22,4,'2021-07-07 18:00:29','2021-07-07 18:00:29','2021-07-07 18:00:29','2021-07-07 18:00:29','Friend'),(25,1,'2021-07-03 20:57:14','2021-07-03 20:57:14','2021-07-03 20:57:14','2021-07-07 15:59:17','Following'),(25,2,'2021-07-07 18:00:29','2021-07-07 18:00:29','2021-07-07 18:00:29','2021-07-07 18:00:29','Friend'),(25,3,'2021-07-07 18:00:29','2021-07-07 18:00:29','2021-07-07 18:00:29','2021-07-07 18:00:29','Friend'),(25,4,'2021-07-07 18:00:29','2021-07-07 18:00:29','2021-07-07 18:00:29','2021-07-07 18:00:29','Friend'),(28,1,'2021-07-03 20:57:23','2021-07-03 20:57:23','2021-07-03 20:57:23','2021-07-07 15:59:17','Friend'),(28,2,'2021-07-07 18:00:29','2021-07-07 18:00:29','2021-07-07 18:00:29','2021-07-07 18:00:29','Friend'),(28,3,'2021-07-07 18:00:29','2021-07-07 18:00:29','2021-07-07 18:00:29','2021-07-07 18:00:29','Friend'),(28,4,'2021-07-07 18:00:29','2021-07-07 18:00:29','2021-07-07 18:00:29','2021-07-07 18:00:29','Friend'),(30,30,'1984-02-29 18:56:16','2008-11-27 11:30:20','2021-06-02 12:50:35','2021-07-07 15:59:17','Following'),(31,31,'2011-02-23 03:25:34',NULL,'1986-01-19 20:05:17','2021-07-07 15:59:17','Following'),(32,32,'2007-04-08 01:48:14',NULL,'1976-07-06 10:48:32','2021-07-07 15:59:17','Friend'),(33,33,'1989-06-07 06:27:01',NULL,'1986-10-04 11:55:25','2021-07-07 15:59:17','Following'),(34,34,'1983-01-25 14:46:19',NULL,'1993-05-12 15:17:40','2021-07-07 15:59:17','Blocked'),(35,35,'1994-06-10 11:53:12',NULL,'1995-02-11 20:45:48','2021-07-07 15:59:17','Blocked'),(36,36,'1980-01-31 17:55:09',NULL,'1975-02-22 19:52:32','2021-07-07 15:59:17','Following'),(37,37,'1981-08-12 09:45:28',NULL,'2004-04-21 16:26:23','2021-07-07 15:59:17','Friend'),(38,38,'2020-01-27 18:44:42',NULL,'2003-12-04 10:26:42','2021-07-07 15:59:17','Following'),(39,39,'1994-06-15 10:15:27',NULL,'1973-09-22 15:02:27','2021-07-07 15:59:17','Blocked'),(40,40,'2007-08-18 09:01:28','1977-05-14 18:17:44','2014-04-21 16:46:00','2021-07-07 15:59:17','Blocked'),(41,41,'2003-04-01 22:12:20','2018-11-08 19:04:39','1995-03-17 21:43:53','2021-07-07 15:59:17','Following'),(42,42,'1986-02-05 11:32:59','2015-07-29 02:51:55','1987-04-05 15:18:31','2021-07-07 15:59:17','Friend'),(43,43,'2017-07-22 04:00:40','2002-09-07 09:04:48','1998-08-04 14:40:15','2021-07-07 15:59:17','Following'),(44,44,'2013-12-11 18:58:20',NULL,'2001-11-05 05:12:25','2021-07-07 15:59:17','Following'),(45,45,'1988-11-12 22:13:10',NULL,'2007-05-31 01:22:23','2021-07-07 15:59:17','Blocked'),(46,46,'2005-11-01 06:49:01','1988-09-13 14:32:37','1997-03-23 13:54:49','2021-07-07 15:59:17','Friend'),(47,47,'1981-10-24 15:34:35','1972-02-04 15:09:42','1976-09-19 11:11:15','2021-07-07 15:59:17','Blocked'),(48,48,'2013-08-01 00:20:16','1987-09-21 17:06:47','1983-11-22 14:18:24','2021-07-07 15:59:17','Blocked'),(49,49,'1977-03-19 09:00:57',NULL,'1975-04-07 11:41:07','2021-07-07 15:59:17','Friend'),(50,50,'1990-04-13 20:43:16','1970-06-19 10:24:09','2000-09-30 10:04:14','2021-07-07 15:59:17','Friend'),(51,51,'2000-08-20 02:25:04','1991-06-15 23:50:11','2000-06-02 20:42:19','2021-07-07 15:59:17','Following'),(52,52,'2010-05-24 12:44:29',NULL,'2011-05-30 01:44:42','2021-07-07 15:59:17','Friend'),(53,53,'1978-07-19 06:45:50',NULL,'2014-07-12 19:00:53','2021-07-07 15:59:17','Following'),(54,54,'2012-10-29 18:23:21','1979-12-30 05:49:55','2014-09-29 13:12:08','2021-07-07 15:59:17','Following'),(55,55,'1974-04-16 14:15:32',NULL,'1982-07-23 23:45:04','2021-07-07 15:59:17','Blocked'),(56,56,'1981-01-27 12:49:57','2011-05-31 17:58:01','2016-03-06 11:30:25','2021-07-07 15:59:17','Blocked'),(57,57,'2008-10-11 02:47:50',NULL,'2017-03-30 10:41:48','2021-07-07 15:59:17','Following'),(58,58,'2011-06-19 08:38:38',NULL,'1993-05-16 01:44:24','2021-07-07 15:59:17','Friend'),(59,59,'1991-11-14 05:48:53',NULL,'1980-09-19 11:02:21','2021-07-07 15:59:17','Blocked'),(60,60,'2001-05-26 22:52:40',NULL,'1973-06-30 03:22:38','2021-07-07 15:59:17','Friend'),(61,61,'1975-03-16 06:57:35','1980-09-06 10:33:13','1996-01-29 13:18:17','2021-07-07 15:59:17','Following'),(62,62,'2005-07-17 02:13:43',NULL,'1990-10-05 19:11:06','2021-07-07 15:59:17','Blocked'),(63,63,'1984-06-08 15:34:22',NULL,'1972-02-18 06:22:25','2021-07-07 15:59:17','Friend'),(64,64,'1991-08-11 15:05:26','2015-01-31 22:19:45','2011-01-27 10:54:09','2021-07-07 15:59:17','Blocked'),(65,65,'1992-08-25 04:14:42',NULL,'1980-02-18 21:50:39','2021-07-07 15:59:17','Following'),(66,66,'2002-03-25 01:21:43','2000-02-03 01:12:41','1997-06-21 20:32:55','2021-07-07 15:59:17','Blocked'),(67,67,'1991-10-22 18:11:46',NULL,'2019-10-29 22:36:00','2021-07-07 15:59:17','Friend'),(68,68,'1998-12-29 09:38:55',NULL,'1980-07-04 01:56:25','2021-07-07 15:59:17','Following'),(69,69,'1994-05-31 04:47:20',NULL,'2006-03-15 07:18:35','2021-07-07 15:59:17','Following'),(70,70,'1970-10-05 23:25:33',NULL,'2011-03-24 02:59:20','2021-07-07 15:59:17','Blocked'),(71,71,'1993-09-03 20:06:57',NULL,'1974-09-22 02:11:22','2021-07-07 15:59:17','Blocked'),(72,72,'1998-06-29 06:24:08','2013-05-14 15:34:12','2010-03-15 01:23:20','2021-07-07 15:59:17','Following'),(73,73,'2000-11-23 03:39:42',NULL,'1986-12-05 22:08:20','2021-07-07 15:59:17','Following'),(74,74,'1995-09-30 21:09:10',NULL,'1986-10-24 15:39:23','2021-07-07 15:59:17','Following'),(75,75,'2012-03-20 10:42:40','1972-07-01 23:14:20','2018-12-11 21:28:37','2021-07-07 15:59:17','Friend'),(76,76,'1984-08-10 15:25:14','2019-10-02 22:12:36','1990-10-04 09:31:06','2021-07-07 15:59:17','Following'),(77,77,'1992-07-05 02:17:08',NULL,'2004-01-18 18:30:37','2021-07-07 15:59:17','Blocked'),(78,78,'1980-05-09 01:32:05',NULL,'2013-12-04 06:36:23','2021-07-07 15:59:17','Blocked'),(79,79,'1997-05-05 16:59:38',NULL,'1982-03-27 23:55:30','2021-07-07 15:59:17','Blocked'),(80,80,'1992-03-19 16:54:40',NULL,'1980-11-28 21:12:13','2021-07-07 15:59:17','Friend'),(81,81,'1990-01-10 03:15:19',NULL,'1985-06-27 17:33:31','2021-07-07 15:59:17','Friend'),(82,82,'2003-03-11 04:31:22',NULL,'2005-12-27 01:51:38','2021-07-07 15:59:17','Friend'),(83,83,'1971-12-12 02:22:11','1974-06-12 18:08:42','1989-01-19 03:53:13','2021-07-07 15:59:17','Blocked'),(84,84,'2011-04-09 11:16:14',NULL,'1973-02-01 01:10:22','2021-07-07 15:59:17','Friend'),(85,85,'1998-04-17 08:14:52',NULL,'1986-08-09 21:27:38','2021-07-07 15:59:17','Blocked'),(86,86,'2005-07-30 19:39:18','2013-04-16 06:54:18','1976-03-31 01:18:52','2021-07-07 15:59:17','Following'),(87,87,'2002-04-25 05:11:11',NULL,'1988-07-05 03:40:21','2021-07-07 15:59:17','Following'),(88,88,'1993-08-21 04:48:33','2002-03-31 19:39:20','1991-10-01 15:21:22','2021-07-07 15:59:17','Blocked'),(89,89,'2001-06-15 11:17:19',NULL,'1980-09-24 20:46:26','2021-07-07 15:59:17','Friend'),(90,90,'2008-11-18 20:03:48',NULL,'2007-09-28 20:14:46','2021-07-07 15:59:17','Blocked'),(91,91,'1978-04-16 16:22:14','2009-03-12 16:25:39','1990-11-17 23:25:11','2021-07-07 15:59:17','Blocked'),(92,92,'2008-12-30 18:10:14','2001-09-09 09:52:57','2015-12-19 21:20:56','2021-07-07 15:59:17','Blocked'),(93,93,'2011-12-24 15:50:13',NULL,'1993-02-01 13:16:11','2021-07-07 15:59:17','Friend'),(94,94,'2017-02-27 19:34:49',NULL,'2016-03-19 00:41:12','2021-07-07 15:59:17','Blocked'),(95,95,'1984-05-13 04:21:41',NULL,'1985-04-14 11:51:35','2021-07-07 15:59:17','Friend'),(96,96,'1981-06-02 13:43:55',NULL,'2002-02-28 14:36:02','2021-07-07 15:59:17','Blocked'),(97,97,'2019-10-12 00:31:47',NULL,'1978-01-25 04:12:03','2021-07-07 15:59:17','Friend'),(98,98,'1992-07-24 07:38:05','1986-10-27 14:29:44','2004-01-19 02:33:50','2021-07-07 15:59:17','Following'),(99,1,'1974-09-20 03:42:15','1976-07-15 01:39:12','1984-04-30 09:06:20','2021-07-07 15:59:17','Blocked'),(99,2,'2021-07-07 18:00:29','2021-07-07 18:00:29','2021-07-07 18:00:29','2021-07-07 18:00:29','Friend'),(99,3,'2021-07-07 18:00:29','2021-07-07 18:00:29','2021-07-07 18:00:29','2021-07-07 18:00:29','Friend'),(99,4,'2021-07-07 18:00:29','2021-07-07 18:00:29','2021-07-07 18:00:29','2021-07-07 18:00:29','Friend'),(100,100,'1983-11-18 00:49:26',NULL,'2003-08-25 07:45:08','2021-07-07 15:59:17','Blocked');
/*!40000 ALTER TABLE `friendship` ENABLE KEYS */;
UNLOCK TABLES;

--
-- Table structure for table `like_types`
--

DROP TABLE IF EXISTS `like_types`;
/*!40101 SET @saved_cs_client     = @@character_set_client */;
/*!50503 SET character_set_client = utf8mb4 */;
CREATE TABLE `like_types` (
  `id` int unsigned NOT NULL AUTO_INCREMENT COMMENT 'Идентификатор строки',
  `like_type_name` varchar(100) NOT NULL COMMENT 'Название варианта лайка',
  PRIMARY KEY (`id`),
  UNIQUE KEY `like_type_name` (`like_type_name`)
) ENGINE=InnoDB AUTO_INCREMENT=3 DEFAULT CHARSET=utf8mb4 COLLATE=utf8mb4_0900_ai_ci COMMENT='Справочная таблица с типами лайков';
/*!40101 SET character_set_client = @saved_cs_client */;

--
-- Dumping data for table `like_types`
--

LOCK TABLES `like_types` WRITE;
/*!40000 ALTER TABLE `like_types` DISABLE KEYS */;
INSERT INTO `like_types` VALUES (2,'dislike'),(1,'like');
/*!40000 ALTER TABLE `like_types` ENABLE KEYS */;
UNLOCK TABLES;

--
-- Table structure for table `likes`
--

DROP TABLE IF EXISTS `likes`;
/*!40101 SET @saved_cs_client     = @@character_set_client */;
/*!50503 SET character_set_client = utf8mb4 */;
CREATE TABLE `likes` (
  `id` int unsigned NOT NULL AUTO_INCREMENT COMMENT 'Идентификатор строки',
  `entity_id` int unsigned NOT NULL COMMENT 'Ссылка на идентификатор сущности',
  `from_user_id` int unsigned NOT NULL COMMENT 'Ссылка на идентификатор пользователя',
  `like_type_id` int unsigned NOT NULL COMMENT 'Ссылка на тип лайка',
  `created_at` datetime DEFAULT CURRENT_TIMESTAMP COMMENT 'Время создания строки',
  `updated_at` datetime DEFAULT CURRENT_TIMESTAMP ON UPDATE CURRENT_TIMESTAMP COMMENT 'Время обновления строки',
  PRIMARY KEY (`id`),
  KEY `fk_likes_entity_id` (`entity_id`),
  KEY `fk_likes_type_id` (`like_type_id`),
  CONSTRAINT `fk_likes_entity_id` FOREIGN KEY (`entity_id`) REFERENCES `entity_types` (`id`),
  CONSTRAINT `fk_likes_type_id` FOREIGN KEY (`like_type_id`) REFERENCES `like_types` (`id`)
) ENGINE=InnoDB AUTO_INCREMENT=1001 DEFAULT CHARSET=utf8mb4 COLLATE=utf8mb4_0900_ai_ci COMMENT='Таблица лайков';
/*!40101 SET character_set_client = @saved_cs_client */;

--
-- Dumping data for table `likes`
--

LOCK TABLES `likes` WRITE;
/*!40000 ALTER TABLE `likes` DISABLE KEYS */;
INSERT INTO `likes` VALUES (1,1,1,1,'1993-12-15 01:21:19','2021-07-07 15:05:15'),(2,2,2,2,'2014-04-10 06:00:45','2021-07-07 15:05:15'),(3,3,3,2,'1988-05-27 08:42:08','2021-07-07 15:05:30'),(4,1,4,2,'2014-09-07 18:55:58','2021-07-07 15:05:15'),(5,2,5,1,'1996-01-15 12:03:17','2021-07-07 15:05:19'),(6,3,6,2,'2018-10-28 03:26:33','2021-07-07 15:05:19'),(7,3,7,1,'2016-09-22 09:26:56','2021-07-07 15:05:19'),(8,1,8,2,'2005-11-03 21:56:08','2021-07-07 15:05:15'),(9,2,9,1,'1984-09-27 07:41:45','2021-07-07 15:05:19'),(10,3,10,1,'1991-02-26 11:35:07','2021-07-07 15:05:30'),(11,1,11,2,'2014-12-27 05:53:16','2021-07-07 15:05:30'),(12,2,12,1,'1997-08-24 22:28:50','2021-07-07 15:05:30'),(13,3,13,1,'2000-06-05 18:40:29','2021-07-07 15:05:19'),(14,2,14,2,'2004-06-02 06:07:19','2021-07-07 15:05:19'),(15,1,15,2,'2017-04-15 15:03:58','2021-07-07 15:05:30'),(16,1,16,2,'2012-01-04 05:46:12','2021-07-07 15:05:19'),(17,1,17,1,'2020-06-18 00:04:24','2021-07-07 15:05:19'),(18,1,18,1,'2007-08-28 03:17:25','2021-07-07 15:05:30'),(19,1,19,2,'2020-07-07 02:17:19','2021-07-07 15:05:30'),(20,1,20,1,'2015-04-22 20:31:14','2021-07-07 15:05:30'),(21,1,21,2,'2003-05-27 09:07:14','2021-07-07 15:05:30'),(22,2,22,1,'2011-06-07 22:50:32','2021-07-07 15:05:30'),(23,2,23,1,'1978-01-20 12:52:18','2021-07-07 15:05:19'),(24,1,24,1,'2020-11-22 13:45:08','2021-07-07 15:05:30'),(25,2,25,2,'1972-09-09 12:11:16','2021-07-07 15:05:30'),(26,1,26,1,'1980-05-06 16:47:05','2021-07-07 15:05:30'),(27,1,27,2,'1987-09-13 21:39:55','2021-07-07 15:05:30'),(28,1,28,1,'1999-07-01 05:53:12','2021-07-07 15:05:30'),(29,2,29,1,'1975-11-03 08:09:33','2021-07-07 15:05:07'),(30,1,30,2,'1986-07-21 01:56:31','2021-07-07 15:05:19'),(31,1,31,2,'2007-09-28 15:38:18','2021-07-07 15:05:30'),(32,2,32,2,'1992-12-31 12:34:55','2021-07-07 15:05:19'),(33,1,33,1,'1970-05-09 16:44:14','2021-07-03 20:17:40'),(34,2,34,2,'2005-03-31 03:42:30','2021-07-07 15:05:15'),(35,3,35,1,'1985-03-12 00:41:37','2021-07-07 15:05:19'),(36,3,36,1,'2011-04-16 02:10:46','2021-07-07 15:05:30'),(37,2,37,1,'2000-06-29 06:17:18','1975-12-26 02:02:16'),(38,3,38,1,'1989-12-09 19:14:20','2021-07-07 15:05:30'),(39,3,39,2,'1974-07-02 06:44:30','2021-07-07 15:05:30'),(40,3,40,1,'1983-06-29 20:45:50','2021-07-07 15:05:30'),(41,2,41,2,'1984-08-19 05:12:05','2021-07-07 15:05:30'),(42,3,42,2,'1994-07-01 11:32:35','2021-07-07 15:05:19'),(43,3,43,1,'2013-03-10 22:33:30','2021-07-07 15:05:19'),(44,1,44,1,'2005-04-24 23:19:43','2021-07-07 15:05:30'),(45,3,45,2,'1997-07-14 02:00:33','2021-07-07 15:05:30'),(46,1,46,2,'2013-02-18 12:41:09','2021-07-07 15:05:19'),(47,2,47,2,'2002-06-17 18:36:03','2021-07-07 15:05:30'),(48,2,48,2,'1979-12-17 19:26:58','2021-07-07 15:05:19'),(49,2,49,1,'2008-03-12 05:09:25','2021-07-07 15:05:19'),(50,2,50,1,'2014-09-09 23:23:14','2021-07-07 15:05:30'),(51,3,51,2,'1999-12-02 04:48:19','2021-07-07 15:05:30'),(52,2,52,1,'2019-11-26 10:07:39','2021-07-07 15:05:30'),(53,2,53,1,'1994-04-06 21:47:01','2021-07-07 15:05:15'),(54,1,54,1,'2002-11-23 16:32:23','2021-07-07 15:05:30'),(55,2,55,1,'2000-01-07 18:38:44','2021-07-07 15:05:15'),(56,2,56,2,'1972-11-19 06:10:19','2021-07-07 15:05:15'),(57,1,57,2,'1986-01-12 17:35:59','2021-07-07 15:05:30'),(58,3,58,1,'1990-02-23 03:22:10','2021-07-07 15:05:30'),(59,1,59,2,'1972-02-17 15:33:23','2021-07-07 15:05:30'),(60,1,60,2,'2000-02-27 21:55:27','2021-07-07 15:05:19'),(61,1,61,2,'2009-07-28 19:13:07','2021-07-07 15:05:30'),(62,2,62,2,'1978-09-10 11:57:32','2021-07-07 15:05:19'),(63,1,63,1,'1978-06-30 08:18:17','2021-07-07 15:05:15'),(64,3,64,1,'2009-01-29 22:36:27','2021-07-07 15:05:30'),(65,1,65,2,'2004-12-06 15:15:06','2021-07-07 15:05:30'),(66,2,66,2,'1997-12-13 17:39:03','2021-07-07 15:05:19'),(67,2,67,2,'1977-12-10 22:57:04','2021-07-07 15:05:30'),(68,3,68,1,'1999-11-17 10:24:12','2021-07-07 15:05:30'),(69,3,69,2,'1972-04-29 21:06:31','2021-07-07 15:05:30'),(70,1,70,2,'1986-10-04 00:00:15','2021-07-07 15:05:07'),(71,3,71,1,'2018-02-09 06:02:20','2021-07-07 15:05:19'),(72,3,72,2,'1971-07-09 12:36:40','2021-07-07 15:05:19'),(73,3,73,2,'1974-01-27 09:30:21','2021-07-07 15:05:30'),(74,2,74,1,'1999-05-28 08:50:24','2021-07-07 15:05:30'),(75,2,75,1,'1991-11-25 02:15:03','2021-07-07 15:05:19'),(76,2,76,2,'1991-02-10 08:29:59','2021-07-03 20:17:40'),(77,1,77,1,'2017-11-14 13:12:25','2021-07-07 15:05:19'),(78,3,78,2,'1999-01-22 13:07:26','2021-07-07 15:05:19'),(79,3,79,1,'2010-01-20 15:04:25','2021-07-07 15:05:19'),(80,2,80,1,'2003-07-11 15:02:51','2021-07-07 15:05:30'),(81,2,81,2,'1986-06-19 05:57:41','2021-07-07 15:05:30'),(82,3,82,1,'1999-11-17 06:02:58','2021-07-07 15:05:30'),(83,3,83,2,'2003-07-13 04:21:37','2021-07-07 15:05:30'),(84,2,84,1,'1976-03-14 06:42:32','2021-07-07 15:05:30'),(85,3,85,1,'1976-06-21 23:27:33','2021-07-07 15:05:19'),(86,1,86,1,'1983-11-19 04:16:37','2021-07-07 15:05:30'),(87,1,87,1,'1995-10-06 11:45:24','2021-07-07 15:05:19'),(88,2,88,1,'1975-08-20 03:10:30','2021-07-07 15:05:30'),(89,1,89,2,'2011-09-16 23:36:43','2021-07-07 15:05:30'),(90,3,90,2,'1974-11-13 11:35:19','2021-07-07 15:05:19'),(91,1,91,2,'1986-09-05 03:02:54','2021-07-07 15:05:30'),(92,1,92,1,'2002-04-27 13:24:56','2021-07-07 15:05:30'),(93,2,93,1,'2001-11-19 11:27:19','2021-07-07 15:05:15'),(94,1,94,2,'2002-10-16 05:35:16','2021-07-07 15:05:19'),(95,3,95,2,'2014-12-22 04:41:47','2021-07-07 15:05:30'),(96,1,96,1,'2003-02-15 00:06:39','2021-07-07 15:05:30'),(97,1,97,1,'1996-02-12 03:23:15','2021-07-07 15:05:19'),(98,3,98,2,'2010-11-25 08:35:10','2021-07-07 15:05:19'),(99,3,99,2,'1970-11-07 09:47:10','2021-07-07 15:05:30'),(100,3,100,1,'2008-06-05 10:01:14','2021-07-07 15:05:30'),(101,2,1,1,'2019-01-10 07:49:07','2021-07-07 15:05:15'),(102,1,2,2,'2010-01-07 13:03:48','2021-07-07 15:05:15'),(103,1,3,2,'1998-02-18 14:05:50','2021-07-07 15:05:30'),(104,3,4,2,'2002-02-09 20:56:55','2021-07-07 15:05:19'),(105,1,5,1,'1974-09-25 13:02:06','2021-07-07 15:05:19'),(106,2,6,2,'1973-11-28 10:28:09','2021-07-07 15:05:15'),(107,2,7,2,'2001-03-12 23:03:27','2021-07-07 15:05:30'),(108,3,8,1,'1972-11-30 01:35:15','2021-07-07 15:05:30'),(109,3,9,1,'1981-11-12 17:59:59','2021-07-07 15:05:19'),(110,1,10,1,'1994-07-21 02:11:32','2021-07-07 15:05:30'),(111,3,11,2,'1989-02-03 11:32:01','2021-07-07 15:05:30'),(112,2,12,2,'1987-06-03 23:34:52','2021-07-07 15:05:19'),(113,1,13,1,'1997-06-24 21:22:31','2021-07-07 15:05:19'),(114,1,14,1,'1977-07-18 04:26:13','2021-07-07 15:05:30'),(115,1,15,2,'1977-07-18 22:33:41','2021-07-07 15:05:30'),(116,3,16,2,'1984-02-10 12:25:42','2021-07-07 15:05:19'),(117,3,17,2,'1998-06-13 16:46:18','2021-07-07 15:05:30'),(118,1,18,2,'2000-11-17 00:24:26','2021-07-07 15:05:07'),(119,3,19,1,'2010-12-24 09:49:04','2021-07-07 15:05:19'),(120,1,20,1,'1979-04-29 19:45:13','2021-07-07 15:05:30'),(121,2,21,2,'1988-11-09 06:08:16','2021-07-07 15:05:30'),(122,3,22,2,'2009-05-01 11:57:58','2021-07-07 15:05:19'),(123,2,23,2,'1991-07-20 16:44:31','2021-07-07 15:05:30'),(124,1,24,2,'1977-07-14 05:47:06','2021-07-03 20:17:40'),(125,2,25,1,'1989-08-02 20:20:27','2021-07-07 15:05:15'),(126,1,26,2,'2005-05-27 08:35:08','2021-07-07 15:05:15'),(127,2,27,2,'2001-04-26 14:01:47','2021-07-07 15:05:30'),(128,1,28,2,'1999-02-16 11:35:40','2021-07-07 15:05:19'),(129,2,29,2,'1986-06-25 00:06:24','2021-07-07 15:05:30'),(130,3,30,1,'1972-07-02 19:58:45','2021-07-07 15:05:30'),(131,3,31,2,'1977-05-06 16:54:27','2021-07-07 15:05:30'),(132,2,32,2,'1994-02-04 09:00:16','2021-07-07 15:05:07'),(133,3,33,1,'1983-09-22 07:46:08','2021-07-07 15:05:19'),(134,2,34,2,'2013-03-15 20:18:52','2021-07-07 15:05:19'),(135,3,35,2,'1976-08-20 03:02:48','2021-07-07 15:05:30'),(136,3,36,1,'2011-06-21 18:20:28','2021-07-07 15:05:30'),(137,3,37,2,'1973-01-02 20:39:06','2021-07-07 15:05:30'),(138,2,38,1,'1973-06-05 22:44:36','2021-07-07 15:05:30'),(139,1,39,2,'1986-02-04 11:12:41','2021-07-07 15:05:30'),(140,3,40,1,'1976-12-21 03:48:14','2021-07-07 15:05:30'),(141,2,41,1,'1987-03-16 11:18:38','2021-07-07 15:05:19'),(142,3,42,2,'1978-05-28 02:41:48','2021-07-07 15:05:19'),(143,1,43,2,'1974-05-15 07:48:02','2021-07-07 15:05:30'),(144,2,44,1,'2018-12-16 04:03:17','2021-07-07 15:05:30'),(145,2,45,1,'1992-03-23 01:03:17','2021-07-07 15:05:19'),(146,1,46,2,'1994-05-05 06:40:32','2021-07-07 15:05:19'),(147,2,47,2,'2017-10-12 01:16:41','2021-07-07 15:05:30'),(148,2,48,1,'1997-09-13 10:43:25','2021-07-07 15:05:30'),(149,3,49,2,'1975-03-30 20:39:32','2021-07-07 15:05:30'),(150,3,50,1,'1981-09-11 02:30:19','2021-07-07 15:05:30'),(151,3,51,2,'1989-05-30 13:19:17','2021-07-07 15:05:30'),(152,2,52,1,'2002-09-12 15:25:52','2021-07-07 15:05:30'),(153,2,53,1,'1994-02-03 10:21:08','2021-07-07 15:05:19'),(154,2,54,1,'1995-06-10 14:20:55','2021-07-07 15:05:30'),(155,1,55,2,'1981-03-21 08:17:37','2021-07-07 15:05:30'),(156,3,56,2,'2005-04-19 16:28:04','2021-07-07 15:05:19'),(157,3,57,1,'1996-06-03 20:33:32','2021-07-07 15:05:19'),(158,1,58,1,'1971-05-29 23:35:32','2021-07-07 15:05:30'),(159,2,59,1,'1977-06-08 03:17:18','2021-07-03 20:17:40'),(160,1,60,1,'1990-10-18 13:12:33','2021-07-07 15:05:30'),(161,2,61,2,'1998-02-06 06:06:18','2021-07-07 15:05:30'),(162,1,62,2,'2007-07-09 03:28:31','2021-07-07 15:05:19'),(163,3,63,2,'2012-10-05 08:19:23','2021-07-07 15:05:30'),(164,3,64,2,'1994-10-20 07:39:33','2021-07-07 15:05:19'),(165,3,65,2,'1992-06-19 05:40:20','2021-07-07 15:05:30'),(166,3,66,2,'1983-12-12 00:18:16','2021-07-07 15:05:19'),(167,2,67,2,'1971-11-26 01:16:19','2021-07-07 15:05:30'),(168,3,68,1,'1982-09-09 08:13:20','2021-07-07 15:05:30'),(169,2,69,1,'1987-08-16 12:59:47','2021-07-07 15:05:19'),(170,3,70,1,'1995-08-17 11:16:05','2021-07-07 15:05:30'),(171,3,71,1,'2010-05-23 03:49:31','2021-07-07 15:05:19'),(172,1,72,2,'1975-07-01 22:45:40','2021-07-07 15:05:15'),(173,2,73,1,'1972-06-14 13:31:23','2021-07-07 15:05:19'),(174,3,74,2,'1991-11-02 01:19:05','2021-07-07 15:05:19'),(175,3,75,1,'2016-05-29 19:54:44','2021-07-07 15:05:19'),(176,1,76,1,'2008-01-17 10:12:31','2021-07-07 15:05:30'),(177,1,77,1,'1975-01-06 19:43:22','2021-07-07 15:05:19'),(178,1,78,1,'1974-09-29 23:58:09','2021-07-07 15:05:30'),(179,3,79,1,'1992-01-05 04:28:19','2021-07-07 15:05:19'),(180,2,80,1,'1985-07-30 23:10:46','2021-07-07 15:05:30'),(181,3,81,1,'1985-05-02 08:19:01','2021-07-07 15:05:19'),(182,2,82,2,'1970-12-07 11:29:04','2021-07-07 15:05:19'),(183,1,83,2,'1981-08-12 04:09:36','2021-07-07 15:05:30'),(184,1,84,2,'2016-10-28 17:04:26','2021-07-03 20:17:40'),(185,1,85,2,'1986-11-19 16:13:58','2021-07-07 15:05:30'),(186,2,86,1,'2001-02-13 04:38:23','2021-07-07 15:05:30'),(187,3,87,2,'2019-10-08 03:41:33','2021-07-07 15:05:30'),(188,1,88,1,'2012-05-19 08:22:48','2021-07-07 15:05:30'),(189,1,89,1,'1973-10-02 18:39:12','2021-07-03 20:17:40'),(190,2,90,2,'2002-06-13 02:18:05','2021-07-07 15:05:15'),(191,3,91,2,'1976-02-11 09:28:59','2021-07-07 15:05:30'),(192,1,92,1,'2018-11-20 19:53:55','2021-07-07 15:05:30'),(193,2,93,1,'1992-01-14 22:49:11','2021-07-07 15:05:19'),(194,3,94,2,'2018-12-30 21:15:25','2021-07-07 15:05:19'),(195,2,95,2,'1981-09-16 00:58:11','2021-07-07 15:05:30'),(196,3,96,1,'2011-09-19 18:25:43','2021-07-07 15:05:30'),(197,2,97,1,'2011-05-23 20:34:42','1982-08-12 10:01:02'),(198,2,98,2,'1987-12-08 18:02:26','2021-07-07 15:05:19'),(199,3,99,2,'2012-03-01 12:40:25','2021-07-07 15:05:30'),(200,3,100,2,'1991-03-22 18:47:44','2021-07-07 15:05:19'),(201,2,1,1,'1982-03-01 05:07:05','2021-07-07 15:05:19'),(202,2,2,1,'1991-02-21 00:14:01','2021-07-07 15:05:30'),(203,2,3,2,'1990-02-11 07:59:13','2021-07-07 15:05:30'),(204,3,4,2,'1983-10-15 05:54:55','2021-07-07 15:05:19'),(205,2,5,2,'1971-09-09 23:04:56','2021-07-07 15:05:30'),(206,2,6,2,'2018-12-04 14:32:54','2021-07-07 15:05:07'),(207,2,7,2,'1995-11-04 15:22:19','2021-07-07 15:05:30'),(208,2,8,1,'1992-03-14 07:24:54','2021-07-07 15:05:30'),(209,2,9,1,'2018-03-11 17:46:31','2021-07-07 15:05:15'),(210,3,10,2,'2005-04-20 22:16:03','2021-07-07 15:05:19'),(211,1,11,1,'2009-07-10 15:18:37','2021-07-07 15:05:19'),(212,3,12,2,'1990-03-23 00:23:01','2021-07-07 15:05:19'),(213,1,13,1,'1983-07-16 10:22:29','2021-07-07 15:05:19'),(214,2,14,2,'2006-11-30 09:05:13','2021-07-07 15:05:19'),(215,1,15,1,'2014-07-22 17:43:49','2021-07-07 15:05:19'),(216,1,16,2,'2010-01-11 05:02:29','2021-07-07 15:05:07'),(217,2,17,1,'1974-03-18 02:08:00','2021-07-07 15:05:15'),(218,2,18,1,'2002-10-15 02:32:10','2021-07-07 15:05:30'),(219,1,19,1,'1972-09-04 16:10:17','2021-07-07 15:05:07'),(220,3,20,2,'2013-01-20 12:30:26','2021-07-07 15:05:19'),(221,1,21,2,'1995-11-26 11:42:29','2021-07-07 15:05:30'),(222,3,22,2,'1986-07-22 03:50:55','2021-07-07 15:05:19'),(223,3,23,1,'2000-09-23 18:50:46','2021-07-07 15:05:19'),(224,2,24,1,'2016-11-15 00:56:02','2021-07-07 15:05:30'),(225,3,25,2,'1976-04-10 12:52:32','2021-07-07 15:05:30'),(226,3,26,1,'2007-03-17 17:20:49','2021-07-07 15:05:30'),(227,3,27,2,'1999-12-02 02:33:09','2021-07-07 15:05:30'),(228,2,28,1,'2010-07-06 03:50:28','2021-07-07 15:05:30'),(229,3,29,1,'1978-10-06 00:02:56','2021-07-07 15:05:19'),(230,2,30,1,'2004-06-10 01:57:37','2021-07-07 15:05:30'),(231,1,31,1,'2012-03-26 22:27:30','2021-07-07 15:05:19'),(232,1,32,2,'1985-02-14 05:36:38','2021-07-03 20:17:40'),(233,3,33,2,'1997-02-09 16:48:08','2021-07-07 15:05:30'),(234,2,34,1,'1987-10-20 08:02:34','2021-07-07 15:05:30'),(235,3,35,2,'2017-03-20 02:03:47','2021-07-07 15:05:30'),(236,2,36,1,'2002-05-22 21:23:11','2021-07-07 15:05:30'),(237,2,37,1,'1972-03-12 04:09:46','2021-07-07 15:05:19'),(238,2,38,1,'2009-02-16 03:33:40','2021-07-07 15:05:30'),(239,2,39,1,'1986-08-14 18:06:15','2021-07-07 15:05:19'),(240,2,40,1,'1989-06-18 18:06:39','2021-07-07 15:05:30'),(241,2,41,2,'1986-04-03 07:13:10','2021-07-07 15:05:30'),(242,1,42,1,'2002-11-03 05:30:09','2021-07-07 15:05:30'),(243,1,43,1,'2016-12-14 03:26:19','2021-07-07 15:05:07'),(244,2,44,1,'2004-05-17 14:00:29','2021-07-07 15:05:30'),(245,2,45,1,'1977-01-04 20:58:08','2021-07-07 15:05:19'),(246,3,46,1,'1983-02-25 14:03:47','2021-07-07 15:05:30'),(247,3,47,2,'2019-08-27 19:59:42','2021-07-07 15:05:30'),(248,1,48,1,'2013-01-30 13:47:30','2021-07-07 15:05:30'),(249,2,49,2,'1999-09-21 18:27:45','2021-07-07 15:05:30'),(250,1,50,1,'2018-06-02 07:18:04','2021-07-07 15:05:30'),(251,2,51,1,'2019-09-30 10:34:14','2021-07-07 15:05:19'),(252,1,52,1,'1995-10-28 21:55:42','2021-07-07 15:05:30'),(253,1,53,1,'2001-06-19 16:05:03','2021-07-07 15:05:15'),(254,2,54,1,'1983-05-31 09:35:13','2021-07-07 15:05:30'),(255,2,55,1,'1970-12-12 11:54:53','2021-07-03 20:17:40'),(256,1,56,1,'2019-04-11 07:20:21','2021-07-07 15:05:30'),(257,1,57,1,'2012-05-05 02:36:13','2021-07-07 15:05:19'),(258,3,58,1,'1981-06-17 23:15:56','2021-07-07 15:05:30'),(259,2,59,1,'1979-07-01 17:43:59','2021-07-07 15:05:19'),(260,3,60,1,'1971-02-09 11:38:27','2021-07-07 15:05:30'),(261,2,61,2,'1976-02-07 00:10:42','2021-07-07 15:05:30'),(262,3,62,1,'2002-08-18 08:23:28','2021-07-07 15:05:30'),(263,2,63,1,'2002-05-10 13:09:28','2021-07-07 15:05:19'),(264,3,64,1,'1975-05-14 20:25:40','2021-07-07 15:05:30'),(265,2,65,1,'1993-05-26 09:37:51','2021-07-07 15:05:07'),(266,2,66,1,'1975-01-20 17:20:57','2021-07-07 15:05:30'),(267,2,67,1,'1990-03-16 01:19:39','2021-07-07 15:05:15'),(268,2,68,1,'2017-05-09 23:32:27','2021-07-07 15:05:30'),(269,1,69,1,'1981-08-11 08:28:38','2021-07-07 15:05:19'),(270,2,70,2,'2002-12-19 23:26:06','2021-07-07 15:05:19'),(271,1,71,2,'1989-02-28 23:34:40','2021-07-07 15:05:30'),(272,1,72,1,'2013-06-25 15:50:28','2021-07-07 15:05:30'),(273,2,73,2,'1970-10-05 08:48:01','2021-07-07 15:05:30'),(274,2,74,2,'1997-03-17 19:32:39','2021-07-07 15:05:19'),(275,2,75,1,'1972-05-09 07:26:46','2021-07-07 15:05:19'),(276,2,76,2,'1981-03-24 10:57:34','2021-07-07 15:05:19'),(277,2,77,2,'2000-12-02 06:00:16','2021-07-07 15:05:30'),(278,1,78,2,'1971-09-28 23:58:33','2021-07-07 15:05:19'),(279,1,79,2,'1992-02-15 05:21:38','2021-07-07 15:05:30'),(280,3,80,2,'2021-05-05 03:43:45','2021-07-07 15:05:19'),(281,3,81,2,'1982-07-23 06:25:40','2021-07-07 15:05:30'),(282,3,82,1,'2006-08-10 09:23:08','2021-07-07 15:05:30'),(283,2,83,2,'2007-04-03 10:47:58','2021-07-07 15:05:30'),(284,1,84,1,'1982-06-23 22:21:28','2021-07-07 15:05:30'),(285,3,85,1,'1990-08-06 23:08:56','2021-07-07 15:05:19'),(286,1,86,1,'2005-03-09 05:28:15','2021-07-07 15:05:30'),(287,2,87,2,'1979-03-25 13:15:43','2021-07-07 15:05:30'),(288,1,88,2,'2012-02-13 17:00:30','2021-07-07 15:05:07'),(289,1,89,1,'2004-04-19 09:46:26','2021-07-07 15:05:07'),(290,1,90,2,'1981-07-21 23:50:29','2021-07-07 15:05:15'),(291,1,91,1,'2015-09-28 03:47:46','2021-07-07 15:05:19'),(292,1,92,2,'2015-09-05 15:19:38','2021-07-07 15:05:15'),(293,2,93,1,'1992-07-27 00:21:11','2021-07-07 15:05:15'),(294,3,94,2,'1970-10-23 01:25:01','2021-07-07 15:05:19'),(295,3,95,1,'1978-09-04 16:45:03','2021-07-07 15:05:19'),(296,2,96,2,'1976-05-29 07:37:53','2021-07-07 15:05:07'),(297,3,97,1,'1988-09-07 16:07:04','2021-07-07 15:05:19'),(298,3,98,1,'2008-01-29 11:02:06','2021-07-07 15:05:30'),(299,3,99,2,'1971-11-25 22:08:57','2021-07-07 15:05:30'),(300,2,100,2,'1972-12-28 06:02:19','2021-07-07 15:05:07'),(301,2,1,2,'1996-09-10 01:51:54','2021-07-07 15:05:30'),(302,3,2,2,'2008-08-31 04:17:24','2021-07-07 15:05:19'),(303,1,3,2,'1991-07-20 05:56:40','2021-07-07 15:05:30'),(304,1,4,1,'1976-07-19 20:43:05','2021-07-07 15:05:30'),(305,3,5,1,'2017-10-25 06:48:50','2021-07-07 15:05:19'),(306,2,6,1,'2013-01-01 11:33:36','2021-07-07 15:05:30'),(307,1,7,2,'1994-05-16 01:43:55','2021-07-07 15:05:30'),(308,2,8,2,'1997-01-20 13:07:20','2021-07-07 15:05:15'),(309,1,9,1,'1984-05-23 00:19:31','2021-07-07 15:05:15'),(310,2,10,2,'1991-01-26 18:01:06','2021-07-07 15:05:19'),(311,2,11,2,'1980-04-12 00:13:22','2021-07-07 15:05:30'),(312,1,12,2,'1982-12-24 11:36:17','2021-07-07 15:05:15'),(313,3,13,1,'2004-08-16 13:14:35','2021-07-07 15:05:19'),(314,2,14,2,'2012-09-05 10:32:46','2021-07-07 15:05:15'),(315,1,15,1,'2005-08-09 09:48:55','2021-07-07 15:05:15'),(316,1,16,2,'1994-01-18 13:27:20','2021-07-07 15:05:19'),(317,2,17,2,'2020-10-26 23:52:29','2021-07-07 15:05:30'),(318,3,18,2,'2020-02-20 16:35:13','2021-07-07 15:05:19'),(319,1,19,1,'2003-08-31 00:59:25','2021-07-07 15:05:19'),(320,2,20,1,'1982-01-01 17:49:22','2021-07-07 15:05:30'),(321,2,21,2,'1989-05-17 12:07:25','2021-07-07 15:05:30'),(322,2,22,1,'2013-03-22 03:31:39','2021-07-07 15:05:30'),(323,1,23,2,'1980-09-06 15:36:04','2021-07-07 15:05:30'),(324,2,24,1,'1982-07-23 02:43:38','2021-07-07 15:05:30'),(325,1,25,1,'2017-07-25 10:38:23','2021-07-03 20:17:40'),(326,2,26,1,'1995-04-06 08:30:02','2021-07-07 15:05:30'),(327,2,27,1,'2010-09-06 06:31:00','2021-07-07 15:05:19'),(328,2,28,1,'2011-06-14 14:30:42','2021-07-07 15:05:30'),(329,2,29,2,'1984-10-25 09:20:24','2021-07-07 15:05:30'),(330,2,30,2,'2016-03-27 06:42:45','2021-07-07 15:05:15'),(331,2,31,2,'1999-01-28 14:56:58','2021-07-07 15:05:30'),(332,1,32,2,'2016-12-19 11:31:45','2021-07-07 15:05:15'),(333,3,33,1,'2013-11-13 15:21:38','2021-07-07 15:05:19'),(334,3,34,1,'2000-06-16 11:05:39','2021-07-07 15:05:30'),(335,3,35,2,'2007-03-26 20:42:48','2021-07-07 15:05:30'),(336,2,36,2,'2003-07-15 04:05:39','2021-07-07 15:05:07'),(337,2,37,1,'1977-08-19 07:09:05','2021-07-07 15:05:15'),(338,2,38,2,'1978-12-05 16:17:33','2021-07-07 15:05:19'),(339,2,39,2,'1984-10-06 22:16:36','2021-07-07 15:05:30'),(340,3,40,2,'1977-08-25 15:06:39','2021-07-07 15:05:19'),(341,3,41,2,'1994-03-17 00:51:08','2021-07-07 15:05:30'),(342,2,42,2,'1981-10-06 23:47:51','2021-07-07 15:05:19'),(343,2,43,2,'1978-03-04 07:47:34','2021-07-07 15:05:30'),(344,3,44,1,'2006-04-26 12:02:17','2021-07-07 15:05:30'),(345,2,45,1,'1984-01-19 19:56:00','2021-07-07 15:05:07'),(346,3,46,1,'2021-02-20 22:58:44','2021-07-07 15:05:30'),(347,1,47,2,'1989-05-21 02:32:24','2021-07-07 15:05:30'),(348,1,48,1,'2015-01-13 22:39:27','2021-07-07 15:05:30'),(349,1,49,2,'2013-05-06 02:38:18','2021-07-07 15:05:30'),(350,2,50,1,'1976-05-18 13:26:45','2021-07-07 15:05:30'),(351,1,51,1,'2008-01-16 15:47:06','2021-07-07 15:05:19'),(352,2,52,2,'1970-11-25 10:57:03','2021-07-07 15:05:15'),(353,3,53,1,'1980-10-19 18:08:33','2021-07-07 15:05:19'),(354,1,54,2,'1991-12-01 14:00:27','2021-07-07 15:05:19'),(355,3,55,1,'2007-11-23 06:24:54','2021-07-07 15:05:19'),(356,2,56,2,'1973-11-27 19:18:03','2021-07-07 15:05:07'),(357,3,57,2,'1998-01-16 07:42:54','2021-07-07 15:05:30'),(358,1,58,2,'1998-07-12 09:46:10','2021-07-07 15:05:15'),(359,2,59,2,'1992-04-11 19:06:16','2021-07-07 15:05:30'),(360,2,60,1,'1988-05-30 21:26:42','2021-07-07 15:05:30'),(361,2,61,1,'1985-09-07 17:06:44','2021-07-07 15:05:19'),(362,3,62,2,'2019-01-10 19:29:19','2021-07-07 15:05:19'),(363,3,63,1,'2013-07-25 10:13:41','2021-07-07 15:05:19'),(364,3,64,2,'2017-08-26 04:10:43','2021-07-07 15:05:19'),(365,2,65,2,'1978-06-26 20:14:41','2021-07-07 15:05:30'),(366,1,66,2,'2014-03-13 16:25:20','2021-07-07 15:05:19'),(367,1,67,2,'1990-12-01 00:47:47','2021-07-07 15:05:30'),(368,3,68,1,'2012-08-17 15:29:08','2021-07-07 15:05:30'),(369,1,69,2,'2016-07-02 03:45:01','2021-07-07 15:05:30'),(370,1,70,1,'2013-09-12 23:59:02','2021-07-07 15:05:30'),(371,1,71,2,'2017-08-10 12:45:23','2021-07-07 15:05:30'),(372,3,72,2,'2011-10-31 21:33:12','2021-07-07 15:05:19'),(373,1,73,2,'2004-07-16 03:10:34','2021-07-07 15:05:30'),(374,2,74,2,'1991-05-06 23:12:29','2021-07-07 15:05:15'),(375,3,75,1,'2002-10-19 22:24:07','2021-07-07 15:05:19'),(376,3,76,2,'1973-09-11 12:43:51','2021-07-07 15:05:19'),(377,3,77,1,'1977-05-25 11:05:58','2021-07-07 15:05:19'),(378,2,78,2,'1991-02-03 11:35:48','2021-07-07 15:05:15'),(379,2,79,1,'1980-11-19 02:20:35','2021-07-03 20:17:40'),(380,3,80,1,'1997-04-15 15:07:20','2021-07-07 15:05:30'),(381,2,81,1,'1973-01-24 17:16:50','2021-07-07 15:05:19'),(382,2,82,2,'1985-03-29 23:43:06','2021-07-07 15:05:19'),(383,3,83,2,'1997-08-25 11:27:24','2021-07-07 15:05:30'),(384,3,84,2,'2008-05-07 22:12:56','2021-07-07 15:05:19'),(385,1,85,2,'1988-05-02 17:18:36','2021-07-07 15:05:30'),(386,2,86,2,'1975-12-19 16:11:01','2021-07-07 15:05:15'),(387,2,87,1,'2020-02-25 09:52:07','2021-07-07 15:05:07'),(388,3,88,2,'1987-01-25 18:22:56','2021-07-07 15:05:19'),(389,3,89,2,'1996-01-08 00:24:51','2021-07-07 15:05:30'),(390,1,90,2,'1989-08-15 12:41:49','2021-07-07 15:05:15'),(391,1,91,2,'1984-05-04 14:57:40','2021-07-07 15:05:30'),(392,3,92,2,'2021-03-11 18:17:15','2021-07-07 15:05:19'),(393,3,93,1,'2002-04-21 10:03:49','2021-07-07 15:05:19'),(394,2,94,1,'2011-08-08 01:56:09','2021-07-07 15:05:30'),(395,2,95,1,'1980-06-03 02:48:27','2021-07-07 15:05:07'),(396,3,96,2,'2001-04-11 21:17:24','2021-07-07 15:05:19'),(397,2,97,2,'1983-12-04 02:20:32','2021-07-07 15:05:30'),(398,1,98,1,'1985-12-27 12:15:07','2021-07-07 15:05:30'),(399,2,99,1,'2013-07-30 15:11:37','2021-07-07 15:05:15'),(400,3,100,2,'1977-12-06 23:21:05','2021-07-07 15:05:19'),(401,1,1,1,'2008-08-06 13:03:45','2021-07-07 15:05:15'),(402,1,2,2,'2008-08-06 02:58:31','2021-07-07 15:05:15'),(403,2,3,2,'2001-08-25 23:59:51','2021-07-07 15:05:30'),(404,3,4,2,'2001-08-10 17:45:34','2021-07-07 15:05:19'),(405,1,5,2,'2003-10-24 00:13:32','2021-07-07 15:05:30'),(406,2,6,1,'1984-10-30 15:09:44','2021-07-07 15:05:30'),(407,3,7,1,'2009-10-07 10:38:20','2021-07-07 15:05:19'),(408,2,8,2,'1988-07-31 18:34:26','2021-07-03 20:17:40'),(409,1,9,2,'2003-02-02 03:43:27','2021-07-07 15:05:30'),(410,3,10,1,'1982-12-02 17:58:07','2021-07-07 15:05:30'),(411,1,11,1,'1980-11-25 01:12:58','2021-07-07 15:05:15'),(412,1,12,1,'1995-04-22 13:20:20','2021-07-07 15:05:30'),(413,2,13,2,'2007-02-18 13:53:19','2021-07-07 15:05:30'),(414,1,14,1,'2011-03-30 05:06:49','2021-07-07 15:05:30'),(415,1,15,2,'2009-02-18 13:25:27','2021-07-07 15:05:30'),(416,2,16,1,'1992-01-25 15:36:11','2021-07-07 15:05:30'),(417,2,17,2,'2017-04-29 05:53:22','2021-07-07 15:05:30'),(418,2,18,2,'2020-08-04 09:08:51','2021-07-07 15:05:19'),(419,1,19,2,'1990-06-29 12:55:46','2021-07-07 15:05:30'),(420,2,20,2,'2019-02-22 06:36:57','2021-07-07 15:05:15'),(421,2,21,2,'2020-04-17 09:20:21','2021-07-07 15:05:30'),(422,2,22,2,'1973-01-24 23:22:00','2021-07-07 15:05:15'),(423,2,23,2,'1984-02-09 14:21:30','2021-07-07 15:05:30'),(424,1,24,1,'2015-01-27 00:25:04','2021-07-07 15:05:30'),(425,1,25,1,'1976-04-09 20:57:38','2021-07-07 15:05:19'),(426,1,26,2,'2010-02-12 15:10:15','2021-07-07 15:05:07'),(427,3,27,2,'2013-02-02 18:07:37','2021-07-07 15:05:30'),(428,1,28,2,'1991-06-22 03:24:37','2021-07-07 15:05:19'),(429,1,29,2,'2005-04-23 14:14:10','2021-07-07 15:05:30'),(430,2,30,1,'2019-04-02 15:30:52','2021-07-07 15:05:30'),(431,3,31,1,'2002-12-01 08:33:42','2021-07-07 15:05:19'),(432,1,32,2,'1997-09-21 05:49:28','2021-07-07 15:05:19'),(433,2,33,2,'1995-05-03 14:05:07','2021-07-07 15:05:30'),(434,1,34,1,'2015-05-17 21:48:49','2021-07-07 15:05:30'),(435,2,35,2,'2001-12-18 17:59:40','2021-07-07 15:05:30'),(436,3,36,1,'2013-05-13 19:38:06','2021-07-07 15:05:30'),(437,2,37,2,'1996-01-01 23:13:14','2021-07-07 15:05:30'),(438,1,38,1,'2011-07-15 08:07:53','2021-07-07 15:05:30'),(439,3,39,1,'1999-08-16 16:25:34','2021-07-07 15:05:19'),(440,1,40,2,'2017-04-03 07:19:59','2021-07-07 15:05:19'),(441,2,41,1,'2020-08-04 11:41:14','2021-07-07 15:05:19'),(442,2,42,1,'2010-09-28 11:24:56','2021-07-07 15:05:30'),(443,2,43,2,'1996-03-21 20:26:37','2021-07-07 15:05:30'),(444,2,44,1,'1977-11-23 19:23:58','2021-07-07 15:05:30'),(445,2,45,1,'1988-06-17 23:40:45','2021-07-07 15:05:19'),(446,2,46,1,'2000-06-02 10:28:10','2021-07-07 15:05:30'),(447,3,47,1,'1982-04-08 14:04:12','2021-07-07 15:05:19'),(448,3,48,2,'2011-06-05 12:48:52','2021-07-07 15:05:19'),(449,2,49,1,'2017-05-03 11:49:08','2021-07-07 15:05:07'),(450,1,50,2,'2013-03-04 17:47:10','2021-07-07 15:05:15'),(451,2,51,1,'1976-11-12 13:02:02','2021-07-07 15:05:19'),(452,1,52,1,'1988-09-13 14:31:53','2021-07-07 15:05:30'),(453,2,53,2,'1971-03-26 00:02:27','2021-07-07 15:05:30'),(454,2,54,1,'1974-10-24 16:06:04','2021-07-07 15:05:30'),(455,1,55,2,'1970-01-12 10:37:36','2021-07-07 15:05:30'),(456,2,56,1,'1994-03-05 12:47:28','2021-07-07 15:05:30'),(457,3,57,2,'1982-06-24 11:28:55','2021-07-07 15:05:30'),(458,2,58,1,'1975-08-15 05:03:01','2021-07-07 15:05:30'),(459,2,59,1,'2017-11-08 09:18:55','2021-07-07 15:05:19'),(460,1,60,2,'1998-12-14 19:32:47','2021-07-07 15:05:19'),(461,3,61,2,'2010-03-17 09:45:43','2021-07-07 15:05:30'),(462,3,62,2,'2010-02-25 17:44:27','2021-07-07 15:05:19'),(463,2,63,2,'2013-07-22 23:25:45','2021-07-07 15:05:30'),(464,3,64,1,'2001-11-25 18:52:53','2021-07-07 15:05:30'),(465,2,65,1,'2009-07-19 16:16:21','2021-07-07 15:05:19'),(466,2,66,1,'1974-01-03 01:38:11','2021-07-07 15:05:30'),(467,1,67,1,'2001-01-15 01:05:06','2021-07-07 15:05:19'),(468,2,68,2,'1998-06-19 02:40:05','2021-07-07 15:05:19'),(469,1,69,2,'1996-10-07 07:16:13','2021-07-07 15:05:30'),(470,1,70,2,'2001-09-06 18:54:40','2021-07-07 15:05:19'),(471,1,71,1,'1972-11-16 19:03:37','2021-07-07 15:05:15'),(472,2,72,2,'2011-03-25 06:15:11','2021-07-07 15:05:19'),(473,2,73,2,'1978-08-14 04:22:04','2021-07-07 15:05:30'),(474,1,74,2,'2017-03-04 21:50:02','2021-07-07 15:05:19'),(475,2,75,1,'2016-02-09 15:13:16','2021-07-07 15:05:15'),(476,3,76,2,'1973-10-07 05:24:10','2021-07-07 15:05:19'),(477,3,77,1,'2021-04-17 04:27:36','2021-07-07 15:05:19'),(478,3,78,2,'1999-02-23 06:28:50','2021-07-07 15:05:19'),(479,2,79,2,'1979-09-18 03:18:39','2021-07-07 15:05:30'),(480,1,80,2,'2003-10-11 23:15:06','2021-07-07 15:05:19'),(481,3,81,1,'2013-01-04 11:37:58','2021-07-07 15:05:19'),(482,3,82,1,'1986-03-21 13:50:36','2021-07-07 15:05:30'),(483,2,83,1,'1987-06-12 01:15:38','2021-07-07 15:05:19'),(484,2,84,2,'1993-05-27 01:58:18','2021-07-07 15:05:19'),(485,1,85,1,'1975-04-20 05:49:53','2021-07-07 15:05:19'),(486,3,86,2,'1984-01-16 16:28:24','2021-07-07 15:05:19'),(487,2,87,1,'2009-01-16 03:58:35','2021-07-07 15:05:19'),(488,1,88,2,'1982-09-27 09:00:31','2021-07-07 15:05:19'),(489,2,89,1,'1971-11-10 01:33:49','2021-07-07 15:05:15'),(490,2,90,1,'1995-03-25 11:25:25','2021-07-07 15:05:30'),(491,3,91,2,'1993-03-27 09:49:05','2021-07-07 15:05:30'),(492,1,92,2,'2008-07-12 12:01:46','2021-07-07 15:05:15'),(493,3,93,1,'1995-03-31 21:39:09','2021-07-07 15:05:19'),(494,1,94,1,'1986-03-20 11:34:51','2021-07-07 15:05:30'),(495,3,95,2,'1982-01-07 23:44:39','2021-07-07 15:05:30'),(496,3,96,2,'1998-11-23 17:16:37','2021-07-07 15:05:19'),(497,2,97,1,'1983-12-27 10:17:23','2021-07-07 15:05:07'),(498,2,98,2,'1981-02-01 05:36:30','2021-07-07 15:05:19'),(499,2,99,2,'1989-05-03 03:29:23','2021-07-07 15:05:30'),(500,3,100,1,'1980-12-27 17:21:12','2021-07-07 15:05:30'),(501,2,1,1,'2013-08-12 23:14:48','2021-07-07 15:05:19'),(502,2,2,2,'1978-01-31 01:04:48','2021-07-07 15:05:07'),(503,3,3,1,'2020-07-07 12:54:16','2021-07-07 15:05:19'),(504,3,4,1,'2008-08-03 22:37:14','2021-07-07 15:05:30'),(505,1,5,1,'2010-11-03 16:50:36','2021-07-03 20:17:40'),(506,1,6,1,'2008-04-28 16:50:48','2021-07-07 15:05:30'),(507,2,7,2,'2002-10-07 01:03:47','2021-07-07 15:05:30'),(508,3,8,1,'1985-11-23 08:34:53','2021-07-07 15:05:30'),(509,3,9,1,'1971-08-17 08:49:59','2021-07-07 15:05:19'),(510,3,10,2,'2020-05-21 19:59:25','2021-07-07 15:05:19'),(511,3,11,1,'1986-04-06 05:55:31','2021-07-07 15:05:19'),(512,1,12,2,'2004-04-30 00:57:52','2021-07-07 15:05:19'),(513,3,13,1,'1985-10-08 22:17:50','2021-07-07 15:05:19'),(514,3,14,2,'2018-12-17 12:09:51','2021-07-07 15:05:19'),(515,2,15,2,'2003-03-13 08:39:07','2021-07-07 15:05:30'),(516,1,16,2,'2018-06-22 06:15:13','2021-07-07 15:05:19'),(517,2,17,1,'1970-11-15 08:28:38','2021-07-07 15:05:15'),(518,3,18,2,'2014-08-17 01:39:27','2021-07-07 15:05:19'),(519,1,19,2,'1997-04-05 00:03:59','2021-07-07 15:05:30'),(520,3,20,1,'1985-06-12 09:29:21','2021-07-07 15:05:30'),(521,2,21,1,'2016-06-24 23:07:22','2021-07-07 15:05:19'),(522,3,22,1,'2013-05-06 00:37:25','2021-07-07 15:05:30'),(523,2,23,1,'2010-10-03 15:24:22','2021-07-07 15:05:15'),(524,2,24,1,'1989-04-13 14:04:40','2021-07-07 15:05:30'),(525,2,25,1,'1973-07-18 11:22:40','2021-07-07 15:05:19'),(526,1,26,1,'1977-01-26 20:07:21','2021-07-07 15:05:30'),(527,3,27,1,'2004-11-19 02:55:52','2021-07-07 15:05:19'),(528,3,28,2,'1981-05-06 13:45:45','2021-07-07 15:05:19'),(529,1,29,2,'1975-05-30 21:50:07','2021-07-07 15:05:30'),(530,2,30,2,'1984-10-05 03:09:50','2021-07-07 15:05:19'),(531,3,31,2,'1973-09-29 15:39:03','2021-07-07 15:05:30'),(532,1,32,1,'1997-12-02 21:27:45','2021-07-07 15:05:30'),(533,1,33,1,'1982-07-01 15:00:56','2021-07-07 15:05:07'),(534,2,34,1,'1975-04-20 13:12:02','2021-07-07 15:05:30'),(535,2,35,2,'1989-08-09 20:14:00','2021-07-07 15:05:30'),(536,2,36,2,'1999-08-20 03:54:12','2021-07-07 15:05:19'),(537,3,37,2,'1975-10-31 11:25:48','2021-07-07 15:05:30'),(538,3,38,2,'2003-02-08 02:30:16','2021-07-07 15:05:19'),(539,1,39,2,'1996-12-24 04:56:37','2021-07-07 15:05:30'),(540,3,40,1,'2000-01-05 03:29:18','2021-07-07 15:05:30'),(541,3,41,1,'1990-02-02 16:08:54','2021-07-07 15:05:19'),(542,2,42,2,'2019-03-02 10:54:53','2021-07-07 15:05:07'),(543,2,43,2,'2019-08-04 05:41:07','2021-07-07 15:05:30'),(544,1,44,1,'1999-10-02 21:13:51','2021-07-07 15:05:30'),(545,3,45,2,'1992-05-13 13:44:09','2021-07-07 15:05:30'),(546,2,46,2,'2000-10-19 17:03:48','2021-07-07 15:05:19'),(547,3,47,2,'1983-03-02 00:27:54','2021-07-07 15:05:30'),(548,2,48,2,'2016-09-30 20:47:58','2021-07-07 15:05:19'),(549,1,49,2,'1996-03-11 13:28:21','2021-07-07 15:05:30'),(550,2,50,1,'2017-03-05 15:11:58','2021-07-07 15:05:30'),(551,1,51,2,'1981-12-14 18:07:57','2021-07-07 15:05:30'),(552,1,52,2,'2019-06-15 03:07:42','2021-07-07 15:05:19'),(553,1,53,2,'2008-02-05 15:21:48','2021-07-07 15:05:30'),(554,2,54,1,'2004-03-10 19:37:13','2021-07-07 15:05:30'),(555,1,55,2,'1995-08-17 12:08:54','2021-07-07 15:05:30'),(556,1,56,2,'2015-05-24 09:51:07','2021-07-07 15:05:19'),(557,2,57,1,'1980-10-24 00:32:58','2020-01-20 20:37:12'),(558,1,58,1,'2018-10-11 17:26:49','2021-07-07 15:05:30'),(559,1,59,1,'2006-03-28 04:54:17','2021-07-07 15:05:15'),(560,1,60,1,'1987-06-08 23:21:54','2021-07-07 15:05:30'),(561,2,61,2,'2015-10-03 12:04:23','2021-07-07 15:05:30'),(562,3,62,2,'2019-07-29 10:59:36','2021-07-07 15:05:19'),(563,1,63,2,'2005-06-25 20:39:36','2021-07-07 15:05:30'),(564,2,64,1,'1992-01-09 15:44:10','2021-07-07 15:05:30'),(565,3,65,1,'1991-12-06 19:21:12','2021-07-07 15:05:19'),(566,1,66,2,'1987-08-31 06:38:38','2021-07-07 15:05:15'),(567,2,67,2,'1998-01-09 18:02:22','2021-07-07 15:05:30'),(568,1,68,1,'2016-10-14 22:45:10','2021-07-07 15:05:30'),(569,1,69,2,'1988-01-14 02:46:52','2021-07-07 15:05:30'),(570,1,70,1,'2017-09-17 19:06:21','2021-07-07 15:05:30'),(571,2,71,1,'2005-01-14 04:03:46','2021-07-07 15:05:19'),(572,1,72,1,'1977-10-14 17:25:02','2021-07-07 15:05:30'),(573,2,73,1,'2003-04-09 01:46:06','2021-07-07 15:05:15'),(574,1,74,2,'1991-01-07 12:35:28','2021-07-07 15:05:07'),(575,3,75,2,'2020-01-26 17:00:30','2021-07-07 15:05:30'),(576,3,76,2,'1972-08-18 08:54:11','2021-07-07 15:05:19'),(577,2,77,2,'2008-05-23 13:48:03','2021-07-07 15:05:30'),(578,3,78,1,'2015-06-24 12:05:25','2021-07-07 15:05:30'),(579,3,79,1,'1977-08-25 08:52:19','2021-07-07 15:05:19'),(580,1,80,2,'1977-03-30 02:50:53','2021-07-07 15:05:15'),(581,1,81,1,'1999-12-26 11:18:52','2021-07-07 15:05:07'),(582,1,82,2,'1991-01-01 20:45:19','2021-07-03 20:17:40'),(583,2,83,1,'1990-07-19 16:52:21','2021-07-07 15:05:15'),(584,2,84,1,'1992-12-31 18:49:37','2021-07-07 15:05:30'),(585,3,85,1,'2011-03-14 00:32:46','2021-07-07 15:05:19'),(586,3,86,1,'2011-02-05 19:24:32','2021-07-07 15:05:30'),(587,2,87,1,'2000-06-16 17:14:50','2021-07-07 15:05:15'),(588,1,88,2,'2009-02-03 11:04:36','2021-07-07 15:05:07'),(589,3,89,1,'2017-05-03 01:11:04','2021-07-07 15:05:19'),(590,1,90,2,'1975-12-27 05:01:02','2021-07-07 15:05:07'),(591,2,91,1,'1976-07-22 21:23:36','2021-07-07 15:05:19'),(592,2,92,2,'2003-11-17 04:23:56','2021-07-07 15:05:07'),(593,2,93,1,'1995-02-21 00:41:28','2021-07-03 20:17:40'),(594,2,94,1,'1979-11-21 03:47:36','2021-07-07 15:05:30'),(595,2,95,1,'2019-04-30 21:45:06','2021-07-07 15:05:19'),(596,1,96,2,'1971-06-17 08:05:29','2021-07-07 15:05:19'),(597,1,97,1,'2002-11-20 11:34:51','2021-07-07 15:05:07'),(598,1,98,2,'1980-12-30 08:06:28','2021-07-07 15:05:19'),(599,3,99,1,'2019-02-04 20:51:08','2021-07-07 15:05:19'),(600,2,100,2,'1972-01-09 05:31:21','2021-07-07 15:05:19'),(601,3,1,1,'1983-05-03 08:51:21','2021-07-07 15:05:19'),(602,2,2,2,'1995-09-10 14:21:12','2021-07-07 15:05:15'),(603,3,3,2,'1972-02-12 07:52:30','2021-07-07 15:05:30'),(604,1,4,2,'1983-07-14 06:59:39','2021-07-07 15:05:07'),(605,2,5,2,'1989-02-24 04:51:38','2021-07-07 15:05:30'),(606,3,6,1,'2016-02-09 07:08:37','2021-07-07 15:05:30'),(607,1,7,1,'1971-05-13 04:52:20','2021-07-07 15:05:19'),(608,3,8,2,'1988-12-06 07:27:06','2021-07-07 15:05:19'),(609,3,9,2,'2004-04-18 07:51:51','2021-07-07 15:05:30'),(610,3,10,1,'2000-03-28 07:27:04','2021-07-07 15:05:30'),(611,3,11,2,'1996-09-05 04:41:01','2021-07-07 15:05:30'),(612,3,12,1,'1972-05-11 14:20:00','2021-07-07 15:05:30'),(613,1,13,2,'1978-05-26 01:07:10','2021-07-07 15:05:30'),(614,1,14,2,'1984-02-29 11:55:51','2021-07-07 15:05:15'),(615,3,15,2,'1998-11-11 10:04:38','2021-07-07 15:05:30'),(616,3,16,2,'2019-05-31 05:20:03','2021-07-07 15:05:19'),(617,1,17,2,'1982-09-16 17:35:33','2021-07-07 15:05:30'),(618,3,18,2,'1988-03-16 01:10:53','2021-07-07 15:05:19'),(619,2,19,2,'1977-06-14 12:56:26','2021-07-07 15:05:30'),(620,2,20,2,'1981-05-19 06:09:31','2021-07-07 15:05:19'),(621,3,21,2,'2019-10-12 06:43:49','2021-07-07 15:05:30'),(622,1,22,1,'1996-08-12 23:07:45','2021-07-07 15:05:30'),(623,3,23,2,'2019-05-12 17:49:02','2021-07-07 15:05:30'),(624,2,24,2,'1973-12-24 04:14:48','2021-07-07 15:05:15'),(625,3,25,1,'1997-06-17 11:58:35','2021-07-07 15:05:19'),(626,2,26,1,'1970-07-23 02:25:28','2021-07-07 15:05:30'),(627,3,27,1,'2008-12-01 06:02:37','2021-07-07 15:05:19'),(628,1,28,1,'2008-02-23 07:14:41','2021-07-07 15:05:30'),(629,1,29,2,'2000-09-17 23:07:50','2021-07-07 15:05:30'),(630,2,30,1,'2012-05-13 00:27:02','2021-07-07 15:05:30'),(631,3,31,2,'2018-09-14 13:06:31','2021-07-07 15:05:30'),(632,1,32,1,'1979-08-24 02:51:14','2021-07-07 15:05:30'),(633,1,33,2,'1986-02-22 13:27:59','2021-07-07 15:05:30'),(634,1,34,2,'1970-12-11 09:40:17','2021-07-07 15:05:19'),(635,3,35,2,'1971-10-29 20:11:56','2021-07-07 15:05:30'),(636,3,36,1,'2010-01-04 02:05:03','2021-07-07 15:05:30'),(637,3,37,1,'1996-03-01 06:54:06','2021-07-07 15:05:19'),(638,3,38,2,'1980-07-31 01:11:17','2021-07-07 15:05:19'),(639,1,39,1,'1991-08-04 00:52:17','2021-07-07 15:05:15'),(640,1,40,2,'2006-02-19 03:12:56','2021-07-07 15:05:07'),(641,1,41,1,'1991-02-08 06:48:46','2021-07-07 15:05:15'),(642,2,42,2,'1980-12-09 15:11:57','2021-07-07 15:05:15'),(643,1,43,2,'2017-08-05 15:19:22','2021-07-07 15:05:30'),(644,2,44,2,'2010-10-10 10:41:52','2021-07-07 15:05:15'),(645,3,45,2,'2012-04-21 00:14:38','2021-07-07 15:05:30'),(646,2,46,1,'1998-12-23 05:41:39','2021-07-07 15:05:30'),(647,1,47,2,'2002-05-10 18:15:43','2021-07-07 15:05:30'),(648,3,48,1,'2001-08-09 05:36:30','2021-07-07 15:05:30'),(649,1,49,1,'1989-12-27 07:35:24','2021-07-07 15:05:07'),(650,1,50,1,'2005-09-07 11:32:27','2021-07-07 15:05:30'),(651,1,51,1,'2003-02-05 05:39:14','2021-07-07 15:05:19'),(652,1,52,2,'2019-12-23 13:28:40','2021-07-07 15:05:19'),(653,3,53,2,'1979-01-07 00:56:37','2021-07-07 15:05:30'),(654,2,54,2,'1992-02-19 15:59:19','2021-07-07 15:05:15'),(655,2,55,1,'1984-10-26 12:13:00','2021-07-07 15:05:15'),(656,3,56,2,'2003-04-18 18:09:32','2021-07-07 15:05:19'),(657,3,57,1,'1996-08-17 14:24:29','2021-07-07 15:05:19'),(658,1,58,1,'1979-06-08 13:41:39','2021-07-07 15:05:30'),(659,2,59,2,'1986-12-13 16:41:23','2021-07-07 15:05:30'),(660,3,60,1,'2010-02-10 15:02:15','2021-07-07 15:05:30'),(661,2,61,2,'1978-01-15 08:15:37','2021-07-07 15:05:30'),(662,2,62,1,'2002-11-21 22:26:28','2021-07-07 15:05:30'),(663,1,63,2,'1984-12-17 13:23:33','2021-07-07 15:05:30'),(664,3,64,2,'2006-10-06 12:25:08','2021-07-07 15:05:19'),(665,1,65,2,'1970-12-21 18:26:28','2021-07-07 15:05:30'),(666,2,66,1,'2011-07-12 03:02:54','2021-07-07 15:05:30'),(667,3,67,1,'1993-11-30 23:26:12','2021-07-07 15:05:19'),(668,1,68,1,'2008-07-17 22:56:09','2021-07-07 15:05:30'),(669,3,69,1,'1999-04-08 04:30:25','2021-07-07 15:05:19'),(670,3,70,2,'1978-11-24 07:10:08','2021-07-07 15:05:19'),(671,2,71,2,'1983-10-14 23:31:26','2021-07-07 15:05:30'),(672,2,72,2,'1991-02-12 07:04:33','2021-07-07 15:05:19'),(673,3,73,2,'1972-08-04 22:22:37','2021-07-07 15:05:30'),(674,2,74,1,'1976-10-07 18:44:43','2021-07-07 15:05:30'),(675,1,75,2,'2002-06-21 00:57:22','2021-07-07 15:05:30'),(676,3,76,2,'2007-11-02 10:12:43','2021-07-07 15:05:19'),(677,2,77,2,'1974-08-29 06:19:09','2021-07-07 15:05:30'),(678,1,78,2,'1978-02-07 14:33:21','2021-07-07 15:05:19'),(679,3,79,2,'1976-08-16 07:33:55','2021-07-07 15:05:30'),(680,2,80,1,'2015-10-23 16:49:13','2021-07-07 15:05:30'),(681,1,81,1,'1980-09-05 22:33:45','2021-07-07 15:05:19'),(682,2,82,1,'1998-01-20 11:34:31','2021-07-07 15:05:30'),(683,1,83,1,'2005-01-06 07:36:47','2021-07-07 15:05:19'),(684,2,84,2,'1970-07-08 11:19:00','2021-07-07 15:05:07'),(685,2,85,1,'2006-12-24 04:20:08','2021-07-07 15:05:15'),(686,1,86,1,'1972-08-08 11:20:52','2021-07-07 15:05:30'),(687,3,87,2,'1979-10-12 07:50:05','2021-07-07 15:05:30'),(688,2,88,2,'2000-02-26 16:34:05','2021-07-07 15:05:15'),(689,2,89,1,'1972-01-09 19:05:45','2021-07-07 15:05:15'),(690,2,90,1,'2009-08-07 16:35:23','2021-07-07 15:05:30'),(691,2,91,2,'1986-05-09 21:59:53','2021-07-07 15:05:30'),(692,1,92,1,'2013-02-15 04:52:32','2021-07-07 15:05:30'),(693,1,93,1,'1978-03-31 05:02:01','2021-07-07 15:05:15'),(694,2,94,2,'1997-11-18 14:34:42','2021-07-07 15:05:19'),(695,1,95,1,'2018-05-22 09:40:52','2021-07-07 15:05:19'),(696,2,96,1,'1971-08-05 09:08:49','2021-07-07 15:05:30'),(697,2,97,1,'1971-07-16 08:45:56','2021-07-07 15:05:07'),(698,1,98,2,'1971-05-04 07:23:55','2021-07-07 15:05:15'),(699,3,99,2,'1992-01-10 11:36:48','2021-07-07 15:05:30'),(700,3,100,2,'1994-11-16 05:46:53','2021-07-07 15:05:19'),(701,1,1,1,'1970-05-11 13:18:00','2021-07-07 15:05:15'),(702,1,2,2,'2018-07-26 23:30:45','2021-07-07 15:05:15'),(703,1,3,2,'1998-09-10 03:01:51','2021-07-07 15:05:30'),(704,1,4,2,'2015-07-09 21:37:41','2021-07-07 15:05:15'),(705,1,5,2,'2017-04-22 20:27:42','2021-07-07 15:05:30'),(706,3,6,1,'1995-05-30 14:35:04','2021-07-07 15:05:30'),(707,3,7,1,'1986-04-22 02:23:59','2021-07-07 15:05:19'),(708,3,8,1,'2006-01-29 22:10:28','2021-07-07 15:05:30'),(709,1,9,1,'2003-05-25 14:21:14','2021-07-07 15:05:19'),(710,3,10,1,'2007-04-29 04:31:15','2021-07-07 15:05:30'),(711,1,11,1,'1998-11-07 10:34:51','2021-07-07 15:05:19'),(712,1,12,2,'1980-06-13 09:13:52','2021-07-07 15:05:15'),(713,1,13,1,'1982-11-21 02:25:52','2021-07-07 15:05:15'),(714,3,14,1,'2015-04-22 02:32:13','2021-07-07 15:05:30'),(715,2,15,1,'1985-03-09 04:38:37','2021-07-07 15:05:15'),(716,2,16,1,'2020-02-14 06:54:23','2021-07-07 15:05:30'),(717,3,17,2,'1988-09-13 23:08:08','2021-07-07 15:05:30'),(718,3,18,2,'1987-06-02 05:07:33','2021-07-07 15:05:19'),(719,1,19,1,'1986-07-03 19:26:22','2021-07-07 15:05:15'),(720,2,20,2,'1991-11-08 02:54:46','2021-07-07 15:05:07'),(721,1,21,1,'2020-02-25 16:33:03','2021-07-07 15:05:19'),(722,3,22,2,'2017-02-13 00:36:59','2021-07-07 15:05:19'),(723,2,23,1,'1973-07-16 09:32:00','2021-07-07 15:05:15'),(724,3,24,2,'1986-03-12 09:56:52','2021-07-07 15:05:19'),(725,2,25,2,'2003-10-18 04:20:06','2021-07-07 15:05:30'),(726,1,26,1,'2010-10-10 03:55:09','2021-07-07 15:05:30'),(727,2,27,2,'2010-04-08 23:05:48','2021-07-07 15:05:30'),(728,3,28,1,'1973-02-25 02:39:08','2021-07-07 15:05:30'),(729,1,29,2,'2017-05-31 03:04:51','2021-07-07 15:05:30'),(730,2,30,2,'2013-10-21 06:47:42','2021-07-07 15:05:19'),(731,2,31,2,'1978-02-08 02:58:52','2021-07-07 15:05:30'),(732,2,32,2,'1985-03-03 23:28:14','2021-07-07 15:05:15'),(733,2,33,1,'1983-07-01 18:36:29','2021-07-07 15:05:19'),(734,2,34,2,'2003-12-24 14:18:42','2021-07-07 15:05:15'),(735,2,35,1,'1986-05-31 12:18:45','2021-07-07 15:05:07'),(736,3,36,2,'2021-01-17 23:33:22','2021-07-07 15:05:19'),(737,1,37,1,'1982-06-07 21:59:30','2021-07-07 15:05:19'),(738,2,38,2,'2017-11-26 10:19:12','2021-07-07 15:05:07'),(739,1,39,1,'1991-06-01 10:04:01','2021-07-07 15:05:19'),(740,1,40,1,'1975-02-02 14:05:04','2021-07-07 15:05:30'),(741,1,41,1,'2014-02-03 06:20:52','2021-07-07 15:05:19'),(742,3,42,2,'2010-04-19 02:20:37','2021-07-07 15:05:19'),(743,2,43,2,'1980-08-12 04:48:39','2021-07-07 15:05:30'),(744,3,44,1,'1995-09-08 16:58:18','2021-07-07 15:05:30'),(745,3,45,1,'1987-10-14 02:45:01','2021-07-07 15:05:19'),(746,2,46,1,'2007-05-12 20:27:50','2021-07-07 15:05:30'),(747,1,47,2,'1998-06-07 11:28:52','2021-07-07 15:05:30'),(748,3,48,2,'2020-08-18 18:53:50','2021-07-07 15:05:19'),(749,1,49,2,'1981-06-01 05:38:27','2021-07-07 15:05:30'),(750,1,50,1,'1971-12-24 08:45:19','2021-07-07 15:05:30'),(751,1,51,2,'1991-04-08 02:19:06','2021-07-07 15:05:30'),(752,3,52,2,'1988-11-13 11:41:46','2021-07-07 15:05:19'),(753,2,53,1,'1976-07-29 04:14:07','2021-07-07 15:05:15'),(754,2,54,2,'1992-01-01 07:36:45','2021-07-07 15:05:15'),(755,3,55,1,'2011-08-31 19:42:20','2021-07-07 15:05:19'),(756,1,56,1,'2018-01-05 07:29:01','2021-07-07 15:05:30'),(757,3,57,1,'1992-03-12 20:53:35','2021-07-07 15:05:19'),(758,3,58,2,'1995-03-28 22:56:54','2021-07-07 15:05:19'),(759,2,59,2,'1994-03-07 02:22:37','2021-07-07 15:05:30'),(760,1,60,1,'1985-12-01 20:28:57','2021-07-07 15:05:30'),(761,2,61,1,'2008-05-04 16:53:55','2021-07-07 15:05:19'),(762,2,62,1,'1995-03-26 01:43:17','2021-07-07 15:05:30'),(763,3,63,1,'1992-10-04 03:31:52','2021-07-07 15:05:19'),(764,3,64,1,'1986-07-30 05:50:42','2021-07-07 15:05:30'),(765,1,65,2,'1999-01-15 00:40:46','2021-07-07 15:05:30'),(766,2,66,2,'2009-04-02 03:20:59','2021-07-07 15:05:07'),(767,2,67,2,'1978-09-06 15:12:06','2021-07-07 15:05:30'),(768,1,68,2,'2012-08-27 10:34:40','2021-07-07 15:05:15'),(769,3,69,1,'1981-12-06 04:39:46','2021-07-07 15:05:19'),(770,1,70,2,'1972-02-19 10:15:31','2021-07-07 15:05:07'),(771,2,71,1,'2007-10-17 19:56:25','2021-07-07 15:05:15'),(772,1,72,1,'1982-08-28 09:47:13','2021-07-07 15:05:30'),(773,2,73,2,'1980-04-14 06:53:18','2021-07-07 15:05:30'),(774,1,74,1,'1971-10-27 20:53:07','2021-07-07 15:05:30'),(775,2,75,1,'2017-06-16 22:37:04','2021-07-07 15:05:19'),(776,2,76,2,'1990-01-16 10:18:57','2021-07-07 15:05:15'),(777,2,77,1,'1976-05-04 07:39:44','1978-01-12 18:31:48'),(778,3,78,1,'1989-10-28 04:54:39','2021-07-07 15:05:30'),(779,1,79,2,'2007-11-18 05:47:38','2021-07-07 15:05:30'),(780,3,80,1,'1983-09-10 08:37:26','2021-07-07 15:05:30'),(781,1,81,1,'1977-07-21 11:25:14','1996-05-11 05:08:37'),(782,3,82,1,'2013-12-10 04:02:35','2021-07-07 15:05:30'),(783,1,83,2,'2016-12-19 19:04:14','2021-07-07 15:05:30'),(784,3,84,2,'1982-01-09 10:26:19','2021-07-07 15:05:19'),(785,1,85,1,'1980-12-22 12:14:12','2021-07-07 15:05:07'),(786,3,86,1,'1973-01-08 02:53:46','2021-07-07 15:05:30'),(787,3,87,2,'1992-05-05 21:39:28','2021-07-07 15:05:30'),(788,3,88,1,'1981-07-19 23:19:48','2021-07-07 15:05:30'),(789,1,89,1,'1989-06-21 12:04:26','2021-07-07 15:05:19'),(790,2,90,2,'2010-07-20 07:04:32','2021-07-07 15:05:15'),(791,2,91,1,'2019-03-01 19:11:22','2021-07-07 15:05:07'),(792,3,92,1,'1989-10-13 02:18:40','2021-07-07 15:05:30'),(793,3,93,2,'1974-03-20 16:19:12','2021-07-07 15:05:30'),(794,2,94,2,'2013-02-16 12:42:17','2021-07-07 15:05:15'),(795,3,95,1,'1983-07-02 08:12:43','2021-07-07 15:05:19'),(796,3,96,1,'1999-02-12 22:22:19','2021-07-07 15:05:30'),(797,1,97,1,'2007-05-23 09:49:21','2021-07-07 15:05:15'),(798,3,98,2,'2014-07-23 03:18:17','2021-07-07 15:05:19'),(799,1,99,1,'1971-12-15 18:07:46','2021-07-07 15:05:19'),(800,3,100,1,'2015-11-05 22:28:55','2021-07-07 15:05:30'),(801,1,1,1,'2016-09-20 22:42:30','2021-07-07 15:05:15'),(802,1,2,1,'1981-06-04 21:57:44','2021-07-07 15:05:30'),(803,1,3,1,'1985-12-18 08:29:12','2021-07-07 15:05:19'),(804,2,4,2,'2001-04-04 17:35:34','2021-07-07 15:05:15'),(805,3,5,1,'2020-01-23 14:23:27','2021-07-07 15:05:19'),(806,1,6,1,'1981-09-12 17:10:20','2021-07-07 15:05:30'),(807,1,7,1,'1973-11-01 09:58:01','2021-07-07 15:05:15'),(808,1,8,1,'1976-12-12 09:38:58','2021-07-07 15:05:30'),(809,1,9,1,'1995-07-05 18:41:45','2021-07-07 15:05:15'),(810,2,10,2,'2003-03-12 20:10:01','2021-07-03 20:17:40'),(811,2,11,1,'1998-11-07 19:46:03','2021-07-03 20:17:40'),(812,2,12,2,'1974-04-26 08:24:31','2021-07-07 15:05:19'),(813,1,13,1,'1975-07-05 06:13:07','2021-07-07 15:05:15'),(814,3,14,1,'2012-05-29 01:14:16','2021-07-07 15:05:30'),(815,1,15,2,'1976-07-21 14:32:31','2021-07-07 15:05:30'),(816,3,16,1,'1992-05-19 14:58:00','2021-07-07 15:05:30'),(817,1,17,2,'2020-12-28 11:37:33','2021-07-07 15:05:30'),(818,3,18,1,'2011-09-18 10:14:00','2021-07-07 15:05:30'),(819,3,19,1,'2014-03-10 03:23:38','2021-07-07 15:05:19'),(820,1,20,2,'1972-06-16 15:43:39','2021-07-07 15:05:19'),(821,1,21,2,'2018-03-06 01:01:14','2021-07-07 15:05:30'),(822,3,22,1,'2003-08-20 14:05:12','2021-07-07 15:05:30'),(823,1,23,1,'1984-10-31 21:03:52','2021-07-07 15:05:15'),(824,1,24,2,'2014-10-23 11:46:43','2021-07-07 15:05:19'),(825,2,25,2,'2003-07-16 12:57:48','2021-07-07 15:05:30'),(826,2,26,2,'1999-08-23 00:45:53','2021-07-07 15:05:07'),(827,2,27,1,'1970-11-27 07:06:24','2021-07-07 15:05:19'),(828,3,28,1,'2012-04-20 07:00:54','2021-07-07 15:05:30'),(829,2,29,1,'1971-11-23 19:15:10','2021-07-07 15:05:15'),(830,3,30,2,'2008-09-01 06:29:48','2021-07-07 15:05:19'),(831,3,31,2,'2014-03-13 07:28:01','2021-07-07 15:05:30'),(832,2,32,2,'1995-12-18 08:32:06','2021-07-07 15:05:19'),(833,3,33,1,'1976-06-01 09:44:07','2021-07-07 15:05:19'),(834,2,34,1,'1991-09-01 12:34:26','2021-07-07 15:05:30'),(835,3,35,1,'1989-11-19 01:36:49','2021-07-07 15:05:19'),(836,3,36,2,'2003-03-25 09:28:51','2021-07-07 15:05:19'),(837,2,37,1,'2006-11-03 02:55:08','2021-07-07 15:05:07'),(838,2,38,1,'1980-07-11 13:41:48','2021-07-07 15:05:30'),(839,1,39,2,'2006-03-30 06:34:24','2021-07-07 15:05:30'),(840,1,40,1,'1971-04-07 10:24:11','2021-07-07 15:05:30'),(841,2,41,2,'2005-05-25 00:01:50','2021-07-07 15:05:30'),(842,2,42,1,'1991-04-02 01:53:02','2021-07-07 15:05:30'),(843,2,43,2,'1980-01-11 17:38:25','2021-07-07 15:05:30'),(844,3,44,2,'2003-04-25 08:59:50','2021-07-07 15:05:19'),(845,1,45,2,'1976-08-16 20:59:15','2021-07-07 15:05:30'),(846,2,46,2,'1998-07-06 10:14:03','2021-07-07 15:05:19'),(847,1,47,1,'2015-08-27 14:02:58','2021-07-07 15:05:19'),(848,3,48,2,'1985-02-25 22:50:20','2021-07-07 15:05:19'),(849,3,49,1,'2009-12-22 12:05:13','2021-07-07 15:05:19'),(850,1,50,1,'1990-11-21 17:30:23','2021-07-07 15:05:30'),(851,2,51,1,'1985-07-26 17:38:11','2021-07-07 15:05:19'),(852,1,52,2,'1990-04-25 03:37:18','2021-07-07 15:05:19'),(853,2,53,2,'1970-07-08 15:16:18','2021-07-07 15:05:30'),(854,1,54,1,'2005-11-23 07:57:24','2021-07-07 15:05:30'),(855,1,55,1,'1981-05-20 19:52:43','2021-07-07 15:05:19'),(856,3,56,1,'1974-07-01 10:22:00','2021-07-07 15:05:30'),(857,2,57,1,'1973-01-02 03:23:35','2021-07-07 15:05:15'),(858,1,58,1,'1970-09-19 12:12:27','2021-07-07 15:05:30'),(859,1,59,1,'2019-10-20 17:26:58','2021-07-07 15:05:19'),(860,3,60,1,'1996-02-26 06:13:48','2021-07-07 15:05:30'),(861,3,61,1,'1993-07-01 13:04:44','2021-07-07 15:05:19'),(862,3,62,2,'1999-08-30 18:43:51','2021-07-07 15:05:19'),(863,3,63,2,'2019-08-15 00:41:35','2021-07-07 15:05:30'),(864,1,64,2,'2014-05-09 09:01:23','2021-07-07 15:05:19'),(865,3,65,1,'1988-08-17 03:57:28','2021-07-07 15:05:19'),(866,3,66,1,'2002-10-28 04:48:52','2021-07-07 15:05:30'),(867,2,67,2,'1978-11-14 21:59:57','2021-07-07 15:05:30'),(868,3,68,1,'1986-03-06 18:16:36','2021-07-07 15:05:30'),(869,1,69,1,'2019-03-27 02:36:41','2021-07-07 15:05:15'),(870,3,70,2,'2007-01-06 18:55:37','2021-07-07 15:05:19'),(871,1,71,1,'2007-04-21 21:13:12','2021-07-07 15:05:19'),(872,3,72,1,'1980-03-28 16:31:57','2021-07-07 15:05:30'),(873,1,73,1,'2015-08-14 05:28:36','2021-07-07 15:05:15'),(874,2,74,2,'2020-09-10 16:24:55','2021-07-07 15:05:15'),(875,2,75,1,'2004-07-09 03:35:12','2021-07-07 15:05:19'),(876,2,76,2,'1980-04-12 17:51:09','2021-07-07 15:05:19'),(877,1,77,2,'1977-01-14 12:02:28','2021-07-07 15:05:30'),(878,2,78,1,'2000-08-05 09:56:35','2021-07-07 15:05:30'),(879,3,79,2,'1978-06-09 21:52:19','2021-07-07 15:05:30'),(880,3,80,2,'2020-02-04 07:47:50','2021-07-07 15:05:19'),(881,2,81,1,'1995-11-28 12:37:53','2021-07-07 15:05:19'),(882,1,82,2,'2011-03-11 18:32:13','2021-07-07 15:05:19'),(883,1,83,1,'1993-02-06 01:26:18','2021-07-07 15:05:19'),(884,2,84,1,'2006-05-30 07:09:09','2021-07-07 15:05:30'),(885,2,85,2,'1996-10-08 13:10:41','2021-07-07 15:05:30'),(886,1,86,2,'2017-09-12 17:58:40','2021-07-07 15:05:19'),(887,2,87,2,'2012-01-25 23:43:47','2021-07-07 15:05:30'),(888,2,88,2,'2016-07-02 08:48:26','2021-07-07 15:05:19'),(889,2,89,1,'1971-07-23 21:48:53','2021-07-07 15:05:19'),(890,3,90,2,'1999-04-26 21:35:11','2021-07-07 15:05:19'),(891,1,91,1,'1987-03-16 08:22:47','2021-07-07 15:05:19'),(892,2,92,1,'2001-02-14 07:31:43','2021-07-07 15:05:30'),(893,1,93,2,'1990-11-26 21:10:02','2021-07-07 15:05:30'),(894,1,94,2,'1975-01-05 10:16:29','2021-07-07 15:05:15'),(895,3,95,1,'1986-06-17 13:22:31','2021-07-07 15:05:19'),(896,1,96,1,'1970-06-04 04:00:55','2021-07-07 15:05:30'),(897,3,97,2,'2008-08-19 16:59:37','2021-07-07 15:05:30'),(898,1,98,2,'1977-07-02 12:17:04','2021-07-07 15:05:15'),(899,3,99,2,'1990-01-25 05:48:01','2021-07-07 15:05:30'),(900,1,100,2,'2008-12-13 10:51:47','2021-07-07 15:05:19'),(901,1,1,2,'1986-05-01 01:16:45','2021-07-07 15:05:30'),(902,2,2,2,'1974-12-10 16:43:31','2021-07-07 15:05:15'),(903,1,3,1,'1970-12-04 10:48:04','2021-07-07 15:05:15'),(904,3,4,1,'2017-01-12 23:19:26','2021-07-07 15:05:30'),(905,1,5,1,'1993-09-19 01:23:51','2021-07-07 15:05:19'),(906,1,6,2,'2017-03-26 03:55:45','2021-07-07 15:05:07'),(907,1,7,1,'1976-03-05 01:22:35','2021-07-07 15:05:15'),(908,2,8,2,'2015-02-25 09:34:37','2021-07-07 15:05:19'),(909,1,9,1,'1991-04-21 18:01:49','2021-07-07 15:05:19'),(910,3,10,1,'1999-07-31 21:58:00','2021-07-07 15:05:30'),(911,3,11,2,'2002-07-07 22:22:07','2021-07-07 15:05:30'),(912,2,12,1,'2013-11-02 16:20:15','2021-07-07 15:05:30'),(913,3,13,2,'1973-12-15 06:03:20','2021-07-07 15:05:30'),(914,2,14,2,'2011-06-30 07:37:06','2021-07-07 15:05:19'),(915,1,15,2,'1985-04-11 15:13:01','2021-07-07 15:05:30'),(916,1,16,2,'1982-12-08 03:14:40','2021-07-07 15:05:19'),(917,3,17,2,'1974-10-18 22:20:20','2021-07-07 15:05:30'),(918,3,18,1,'2021-05-22 11:44:42','2021-07-07 15:05:30'),(919,3,19,1,'1974-04-17 17:16:14','2021-07-07 15:05:19'),(920,2,20,2,'1976-06-06 11:24:42','2021-07-07 15:05:15'),(921,2,21,2,'2017-06-25 17:07:13','2021-07-07 15:05:30'),(922,3,22,1,'2001-05-28 06:49:25','2021-07-07 15:05:30'),(923,3,23,2,'2016-08-17 07:28:36','2021-07-07 15:05:30'),(924,1,24,2,'1992-09-17 12:22:17','2021-07-03 20:17:40'),(925,3,25,2,'1983-02-17 01:51:26','2021-07-07 15:05:30'),(926,3,26,1,'2018-03-10 13:03:41','2021-07-07 15:05:30'),(927,1,27,2,'1987-06-29 10:26:02','2021-07-07 15:05:30'),(928,1,28,1,'2010-02-24 14:58:41','2021-07-07 15:05:30'),(929,1,29,2,'1993-05-14 02:12:34','2021-07-07 15:05:30'),(930,2,30,2,'1980-01-19 05:21:19','2021-07-07 15:05:19'),(931,3,31,2,'2001-07-13 15:39:28','2021-07-07 15:05:30'),(932,2,32,2,'1974-04-17 23:05:50','2021-07-07 15:05:15'),(933,2,33,2,'1974-05-28 15:33:13','2021-07-07 15:05:30'),(934,3,34,1,'1974-09-12 03:58:52','2021-07-07 15:05:30'),(935,2,35,1,'2010-09-28 18:56:58','2021-07-07 15:05:19'),(936,1,36,2,'1992-10-14 03:45:12','2021-07-07 15:05:15'),(937,3,37,1,'2005-12-25 18:56:08','2021-07-07 15:05:19'),(938,2,38,2,'2020-01-16 18:21:15','2021-07-07 15:05:15'),(939,1,39,2,'2009-02-23 07:21:57','2021-07-07 15:05:30'),(940,3,40,2,'1976-10-13 16:52:37','2021-07-07 15:05:19'),(941,3,41,2,'1974-05-05 23:22:33','2021-07-07 15:05:30'),(942,2,42,1,'1984-05-11 05:33:28','2021-07-07 15:05:30'),(943,1,43,1,'1974-12-26 09:27:33','2021-07-07 15:05:19'),(944,3,44,1,'2021-05-12 12:31:25','2021-07-07 15:05:30'),(945,2,45,1,'1999-05-13 19:02:53','2021-07-07 15:05:15'),(946,1,46,2,'1994-07-28 13:21:43','2021-07-07 15:05:15'),(947,3,47,1,'1986-01-19 15:33:26','2021-07-07 15:05:19'),(948,2,48,1,'1997-07-24 13:10:43','2021-07-07 15:05:30'),(949,1,49,1,'2002-02-22 05:25:24','2021-07-07 15:05:19'),(950,1,50,1,'2001-07-25 23:14:04','2021-07-07 15:05:30'),(951,1,51,2,'1970-03-14 15:05:17','2021-07-07 15:05:30'),(952,3,52,2,'1972-07-29 08:24:41','2021-07-07 15:05:19'),(953,1,53,2,'2009-01-13 07:24:10','2021-07-07 15:05:30'),(954,1,54,1,'2013-12-19 18:46:41','2021-07-07 15:05:30'),(955,3,55,1,'2017-04-02 20:05:35','2021-07-07 15:05:19'),(956,1,56,1,'1999-09-27 18:28:50','2021-07-07 15:05:30'),(957,2,57,1,'1979-02-24 06:44:59','2021-07-07 15:05:15'),(958,1,58,2,'1980-04-25 07:27:21','2021-07-07 15:05:19'),(959,2,59,2,'1975-06-04 06:40:18','2021-07-07 15:05:30'),(960,1,60,2,'2017-08-07 16:16:59','2021-07-07 15:05:15'),(961,3,61,2,'2009-09-11 12:18:08','2021-07-07 15:05:30'),(962,2,62,1,'1994-10-21 14:20:35','2021-07-07 15:05:30'),(963,1,63,2,'1984-08-05 17:44:21','2021-07-07 15:05:30'),(964,1,64,2,'1996-07-15 15:38:27','2021-07-07 15:05:15'),(965,1,65,2,'1980-01-12 11:59:37','2021-07-07 15:05:30'),(966,3,66,2,'1982-12-12 09:32:16','2021-07-07 15:05:19'),(967,3,67,1,'1979-12-12 11:54:33','2021-07-07 15:05:19'),(968,1,68,1,'1971-07-14 21:47:51','2021-07-07 15:05:30'),(969,1,69,1,'1992-08-22 11:01:01','2021-07-07 15:05:15'),(970,2,70,1,'1998-12-21 21:35:37','2021-07-07 15:05:30'),(971,1,71,1,'1973-12-12 06:13:00','2021-07-07 15:05:15'),(972,3,72,1,'1994-11-18 04:45:39','2021-07-07 15:05:30'),(973,2,73,1,'1992-08-31 13:18:50','2021-07-07 15:05:19'),(974,3,74,1,'2000-09-17 04:39:26','2021-07-07 15:05:30'),(975,2,75,1,'2015-12-19 20:10:55','2021-07-07 15:05:15'),(976,3,76,1,'1997-01-27 21:13:16','2021-07-07 15:05:30'),(977,2,77,1,'1978-03-24 06:34:14','2021-07-07 15:05:15'),(978,2,78,2,'2014-10-09 16:39:42','2021-07-07 15:05:07'),(979,3,79,1,'1978-01-17 17:09:22','2021-07-07 15:05:19'),(980,2,80,2,'2002-06-24 21:17:50','2021-07-07 15:05:19'),(981,3,81,1,'2009-02-20 08:43:49','2021-07-07 15:05:19'),(982,2,82,2,'1997-12-13 19:52:04','2021-07-07 15:05:07'),(983,2,83,2,'1998-01-16 16:21:36','2021-07-07 15:05:30'),(984,1,84,1,'1971-03-28 09:48:54','2021-07-07 15:05:30'),(985,2,85,2,'1980-03-23 19:22:02','2021-07-07 15:05:30'),(986,1,86,2,'2000-06-22 17:08:53','2021-07-07 15:05:15'),(987,1,87,1,'1987-08-07 02:17:46','2021-07-07 15:05:15'),(988,2,88,1,'1985-09-22 21:53:46','2021-07-07 15:05:30'),(989,1,89,1,'1981-07-31 17:44:04','2021-07-07 15:05:19'),(990,2,90,1,'2001-06-13 23:38:10','2021-07-07 15:05:30'),(991,3,91,1,'2009-10-06 13:38:26','2021-07-07 15:05:19'),(992,1,92,1,'1991-07-20 23:02:31','2021-07-07 15:05:30'),(993,2,93,2,'1995-04-02 04:16:44','2021-07-07 15:05:30'),(994,3,94,2,'1975-10-14 00:22:02','2021-07-07 15:05:19'),(995,2,95,1,'1975-01-27 05:54:33','2021-07-07 15:05:19'),(996,1,96,1,'1999-02-18 10:09:43','2021-07-07 15:05:30'),(997,1,97,1,'1980-01-31 07:48:57','2021-07-03 20:17:40'),(998,3,98,2,'1981-01-04 08:53:40','2021-07-07 15:05:19'),(999,2,99,2,'1999-11-13 16:46:53','2021-07-07 15:05:30'),(1000,2,100,1,'2008-05-22 17:23:37','2021-07-07 15:05:30');
/*!40000 ALTER TABLE `likes` ENABLE KEYS */;
UNLOCK TABLES;

--
-- Table structure for table `media`
--

DROP TABLE IF EXISTS `media`;
/*!40101 SET @saved_cs_client     = @@character_set_client */;
/*!50503 SET character_set_client = utf8mb4 */;
CREATE TABLE `media` (
  `id` int unsigned NOT NULL AUTO_INCREMENT COMMENT 'Идентификатор строки',
  `media_type_id` int unsigned NOT NULL COMMENT 'Ссылка на тип контента',
  `filename` varchar(1000) NOT NULL COMMENT 'Путь в файлу',
  `created_at` datetime DEFAULT CURRENT_TIMESTAMP COMMENT 'Время создания строки',
  `updated_at` datetime DEFAULT CURRENT_TIMESTAMP ON UPDATE CURRENT_TIMESTAMP COMMENT 'Время обновления строки',
  `metadata` json DEFAULT NULL,
  PRIMARY KEY (`id`),
  KEY `fk_media_type_id` (`media_type_id`),
  CONSTRAINT `fk_media_type_id` FOREIGN KEY (`media_type_id`) REFERENCES `media_types` (`id`)
) ENGINE=InnoDB AUTO_INCREMENT=1001 DEFAULT CHARSET=utf8mb4 COLLATE=utf8mb4_0900_ai_ci COMMENT='Медиа';
/*!40101 SET character_set_client = @saved_cs_client */;

--
-- Dumping data for table `media`
--

LOCK TABLES `media` WRITE;
/*!40000 ALTER TABLE `media` DISABLE KEYS */;
INSERT INTO `media` VALUES (1,2,'https://some-server/dir/8327e7d4f7.wav','2007-05-03 06:36:40','2021-07-07 15:28:08',NULL),(2,2,'https://some-server/dir/bfe8fd250c.wav','2019-07-11 04:24:36','2021-07-07 15:28:08',NULL),(3,3,'https://some-server/dir/ade665f053.jpeg','2015-04-18 14:10:21','2021-07-07 15:28:08',NULL),(4,2,'https://some-server/dir/e2c5d14cc8.wav','2005-10-22 13:15:01','2021-07-07 15:28:08',NULL),(5,1,'https://some-server/dir/2ec0b13d56.avi','1978-07-09 17:13:04','2021-07-07 15:28:08',NULL),(6,1,'https://some-server/dir/aa33a952de.avi','2016-07-29 01:02:12','2021-07-07 15:28:08',NULL),(7,1,'https://some-server/dir/8cc1e5523f.avi','1980-09-26 00:06:47','2021-07-07 15:28:08',NULL),(8,4,'https://some-server/dir/d36d4f8680.gif','1976-04-04 14:17:22','2021-07-07 15:28:08',NULL),(9,2,'https://some-server/dir/1ef487bf39.wav','1971-03-12 18:59:19','2021-07-07 15:28:08',NULL),(10,4,'https://some-server/dir/5ddb862a98.gif','1975-11-05 05:50:48','2021-07-07 15:28:08',NULL),(11,2,'https://some-server/dir/d95e78356f.wav','2016-12-24 00:13:04','2021-07-07 15:28:08',NULL),(12,1,'https://some-server/dir/d3d9d09b07.avi','1971-03-06 17:21:42','2021-07-07 15:28:08',NULL),(13,2,'https://some-server/dir/33258c18a9.wav','2011-07-25 23:01:56','2021-07-07 15:28:08',NULL),(14,2,'https://some-server/dir/2c8eb0f254.wav','2011-09-11 16:35:33','2021-07-07 15:28:08',NULL),(15,1,'https://some-server/dir/ec306512f3.avi','2010-04-07 12:00:39','2021-07-07 15:28:08',NULL),(16,3,'https://some-server/dir/e416582989.jpeg','1975-01-12 02:13:18','2021-07-07 15:28:08',NULL),(17,4,'https://some-server/dir/e95e18e632.gif','1997-07-15 09:18:57','2021-07-07 15:28:08',NULL),(18,1,'https://some-server/dir/74b8aef0b9.avi','1977-12-11 13:55:36','2021-07-07 15:28:08',NULL),(19,3,'https://some-server/dir/aafb979ec5.jpeg','2009-03-06 23:24:50','2021-07-07 15:28:08',NULL),(20,4,'https://some-server/dir/56d0f3d78e.gif','2008-09-03 05:55:25','2021-07-07 15:28:08',NULL),(21,2,'https://some-server/dir/03f73dfd10.wav','2016-04-03 22:23:26','2021-07-07 15:28:08',NULL),(22,3,'https://some-server/dir/6aa79ccd9d.jpeg','1991-06-01 05:36:17','2021-07-07 15:28:08',NULL),(23,2,'https://some-server/dir/76e634f833.wav','1980-01-13 02:31:32','2021-07-07 15:28:08',NULL),(24,2,'https://some-server/dir/621a741941.wav','2015-12-05 22:46:21','2021-07-07 15:28:08',NULL),(25,4,'https://some-server/dir/19eae23ee9.gif','1990-03-23 00:03:24','2021-07-07 15:28:08',NULL),(26,1,'https://some-server/dir/dbdc05e9ab.avi','2008-04-09 11:33:36','2021-07-07 15:28:08',NULL),(27,2,'https://some-server/dir/2646c63cc7.wav','1980-11-13 12:09:53','2021-07-07 15:28:08',NULL),(28,4,'https://some-server/dir/c11d315fd2.gif','2007-08-11 19:42:19','2021-07-07 15:28:08',NULL),(29,3,'https://some-server/dir/b9e06429a1.jpeg','2000-05-10 17:27:17','2021-07-07 15:28:08',NULL),(30,2,'https://some-server/dir/9d9bdc364a.wav','2012-04-23 18:01:58','2021-07-07 15:28:08',NULL),(31,4,'https://some-server/dir/c6670838d3.gif','1988-07-03 06:26:36','2021-07-07 15:28:08',NULL),(32,3,'https://some-server/dir/e46c02529c.jpeg','1989-08-07 03:33:27','2021-07-07 15:28:08',NULL),(33,3,'https://some-server/dir/1de38f9308.jpeg','2021-02-08 13:48:48','2021-07-07 15:28:08',NULL),(34,2,'https://some-server/dir/432148c795.wav','2005-10-07 20:52:42','2021-07-07 15:28:08',NULL),(35,1,'https://some-server/dir/27ea3be0cc.avi','1970-05-11 23:54:29','2021-07-07 15:28:08',NULL),(36,2,'https://some-server/dir/85b07814f8.wav','2009-09-09 06:56:52','2021-07-07 15:28:08',NULL),(37,2,'https://some-server/dir/c7eeab5f35.wav','2005-08-26 14:11:04','2021-07-07 15:28:08',NULL),(38,1,'https://some-server/dir/29017cd700.avi','2002-08-26 17:30:53','2021-07-07 15:28:08',NULL),(39,2,'https://some-server/dir/4d1fe5c44f.wav','1980-11-09 20:42:54','2021-07-07 15:28:08',NULL),(40,3,'https://some-server/dir/998a5e63f1.jpeg','2013-11-30 04:24:12','2021-07-07 15:28:08',NULL),(41,4,'https://some-server/dir/967f9b1317.gif','2005-09-08 02:57:40','2021-07-07 15:28:08',NULL),(42,4,'https://some-server/dir/d720d8e5f6.gif','1986-08-30 22:56:30','2021-07-07 15:28:08',NULL),(43,3,'https://some-server/dir/d292db8c64.jpeg','2010-01-27 05:24:45','2021-07-07 15:28:08',NULL),(44,4,'https://some-server/dir/216365b037.gif','1981-01-28 18:42:50','2021-07-07 15:28:08',NULL),(45,1,'https://some-server/dir/96ca2390ff.avi','2000-06-19 00:49:14','2021-07-07 15:28:08',NULL),(46,3,'https://some-server/dir/1dbdc0783a.jpeg','2003-01-30 07:49:47','2021-07-07 15:28:08',NULL),(47,1,'https://some-server/dir/b99c9904fd.avi','2006-02-24 22:24:41','2021-07-07 15:28:08',NULL),(48,2,'https://some-server/dir/e849c1b58b.wav','1994-01-11 04:48:01','2021-07-07 15:28:08',NULL),(49,1,'https://some-server/dir/9ca08ae39b.avi','2001-01-15 17:09:03','2021-07-07 15:28:08',NULL),(50,3,'https://some-server/dir/ddee3a7c97.jpeg','1982-03-28 23:03:01','2021-07-07 15:28:08',NULL),(51,1,'https://some-server/dir/5a83aba6aa.avi','2015-05-02 11:51:51','2021-07-07 15:28:08',NULL),(52,4,'https://some-server/dir/8783ca86ac.gif','2020-05-01 22:55:29','2021-07-07 15:28:08',NULL),(53,2,'https://some-server/dir/7f15c4cfee.wav','2019-11-17 19:00:18','2021-07-07 15:28:08',NULL),(54,3,'https://some-server/dir/2a5cb7ab50.jpeg','1973-08-28 05:54:38','2021-07-07 15:28:08',NULL),(55,1,'https://some-server/dir/13e7a195ad.avi','2005-01-11 10:10:37','2021-07-07 15:28:08',NULL),(56,2,'https://some-server/dir/4cff35b5bb.wav','2021-04-15 00:05:47','2021-07-07 15:28:08',NULL),(57,2,'https://some-server/dir/a8988bd3fd.wav','1986-12-22 15:59:19','2021-07-07 15:28:08',NULL),(58,1,'https://some-server/dir/5e24d180f7.avi','1975-02-28 07:17:36','2021-07-07 15:28:08',NULL),(59,1,'https://some-server/dir/19379086b0.avi','1981-11-03 12:39:30','2021-07-07 15:28:08',NULL),(60,4,'https://some-server/dir/34fd4c1b4a.gif','1997-01-06 13:59:44','2021-07-07 15:28:08',NULL),(61,2,'https://some-server/dir/b3950593a0.wav','1983-02-10 18:41:55','2021-07-07 15:28:08',NULL),(62,4,'https://some-server/dir/40d134c3cc.gif','1973-09-24 23:19:07','2021-07-07 15:28:08',NULL),(63,2,'https://some-server/dir/2cb5ff0bed.wav','2012-04-17 09:58:41','2021-07-07 15:28:08',NULL),(64,4,'https://some-server/dir/c400f82792.gif','2008-01-10 08:08:02','2021-07-07 15:28:08',NULL),(65,3,'https://some-server/dir/f14f869087.jpeg','1982-08-20 09:48:18','2021-07-07 15:28:08',NULL),(66,2,'https://some-server/dir/dc4bff8091.wav','1985-12-07 03:31:31','2021-07-07 15:28:08',NULL),(67,1,'https://some-server/dir/0af234f029.avi','2008-12-19 01:14:59','2021-07-07 15:28:08',NULL),(68,1,'https://some-server/dir/2b726fc5a0.avi','2016-04-24 09:05:01','2021-07-07 15:28:08',NULL),(69,3,'https://some-server/dir/cb702c02d0.jpeg','2020-06-30 08:09:40','2021-07-07 15:28:08',NULL),(70,4,'https://some-server/dir/5d76cbcb64.gif','1991-01-06 15:33:27','2021-07-07 15:28:08',NULL),(71,2,'https://some-server/dir/20b3e2ce57.wav','1990-07-08 01:08:08','2021-07-07 15:28:08',NULL),(72,2,'https://some-server/dir/8198e66fdb.wav','2011-10-07 20:26:59','2021-07-07 15:28:08',NULL),(73,4,'https://some-server/dir/339dd7ed8a.gif','2018-01-02 14:08:11','2021-07-07 15:28:08',NULL),(74,4,'https://some-server/dir/65ef335aa6.gif','1989-09-17 11:54:02','2021-07-07 15:28:08',NULL),(75,3,'https://some-server/dir/b31017aa72.jpeg','2004-12-25 14:54:11','2021-07-07 15:28:08',NULL),(76,4,'https://some-server/dir/f4420fc10e.gif','2006-05-03 04:01:40','2021-07-07 15:28:08',NULL),(77,4,'https://some-server/dir/fa99e33b22.gif','2012-07-19 12:09:07','2021-07-07 15:28:08',NULL),(78,1,'https://some-server/dir/dbafac0620.avi','1993-07-04 17:48:14','2021-07-07 15:28:08',NULL),(79,3,'https://some-server/dir/a61c8af9fe.jpeg','2020-07-02 06:44:19','2021-07-07 15:28:08',NULL),(80,3,'https://some-server/dir/4133af60e1.jpeg','2018-01-10 00:52:44','2021-07-07 15:28:08',NULL),(81,3,'https://some-server/dir/035e1819b1.jpeg','2018-07-09 02:13:25','2021-07-07 15:28:08',NULL),(82,4,'https://some-server/dir/0b8420513d.gif','1998-06-07 21:52:33','2021-07-07 15:28:08',NULL),(83,1,'https://some-server/dir/f3dacfbe5a.avi','1984-05-01 23:00:10','2021-07-07 15:28:08',NULL),(84,2,'https://some-server/dir/409afa6f0c.wav','1979-02-21 02:18:10','2021-07-07 15:28:08',NULL),(85,1,'https://some-server/dir/d56890e73f.avi','2020-02-06 16:30:58','2021-07-07 15:28:08',NULL),(86,1,'https://some-server/dir/a822adcfe6.avi','2019-05-26 21:34:58','2021-07-07 15:28:08',NULL),(87,4,'https://some-server/dir/ea8c4b8746.gif','1983-01-27 09:05:01','2021-07-07 15:28:08',NULL),(88,1,'https://some-server/dir/08d7ffe2c8.avi','1973-06-15 04:37:27','2021-07-07 15:28:08',NULL),(89,4,'https://some-server/dir/1062c676a4.gif','1982-09-19 14:05:44','2021-07-07 15:28:08',NULL),(90,3,'https://some-server/dir/8a20e56f2a.jpeg','1992-05-21 11:51:15','2021-07-07 15:28:08',NULL),(91,1,'https://some-server/dir/7f104c240b.avi','2000-10-02 10:23:50','2021-07-07 15:28:08',NULL),(92,4,'https://some-server/dir/a75441a0b3.gif','1985-02-09 02:11:21','2021-07-07 15:28:08',NULL),(93,1,'https://some-server/dir/6724d07841.avi','2018-07-13 14:11:04','2021-07-07 15:28:08',NULL),(94,1,'https://some-server/dir/70fe1880a6.avi','2010-05-05 00:51:12','2021-07-07 15:28:08',NULL),(95,3,'https://some-server/dir/8161db0ff7.jpeg','1989-08-23 12:10:33','2021-07-07 15:28:08',NULL),(96,4,'https://some-server/dir/3da7f2cfdf.gif','1986-04-14 12:27:46','2021-07-07 15:28:08',NULL),(97,3,'https://some-server/dir/345dae49f9.jpeg','2020-06-22 08:18:48','2021-07-07 15:28:08',NULL),(98,2,'https://some-server/dir/a502854447.wav','2014-01-26 09:39:47','2021-07-07 15:28:08',NULL),(99,4,'https://some-server/dir/a2009049d0.gif','2005-03-29 18:38:36','2021-07-07 15:28:08',NULL),(100,2,'https://some-server/dir/630b6c44b8.wav','1999-11-07 08:51:57','2021-07-07 15:28:08',NULL),(101,3,'https://some-server/dir/4d7c2573e3.jpeg','2002-01-29 11:16:31','2021-07-07 15:28:08',NULL),(102,1,'https://some-server/dir/db4695bd34.avi','2015-04-22 05:53:53','2021-07-07 15:28:08',NULL),(103,3,'https://some-server/dir/0e7dc3db22.jpeg','2000-06-13 21:02:45','2021-07-07 15:28:08',NULL),(104,1,'https://some-server/dir/1649f47ff1.avi','1978-08-07 02:13:49','2021-07-07 15:28:08',NULL),(105,1,'https://some-server/dir/6f711f04b8.avi','2000-02-14 16:21:25','2021-07-07 15:28:08',NULL),(106,4,'https://some-server/dir/fbf46e70f0.gif','1973-10-14 15:48:52','2021-07-07 15:28:08',NULL),(107,1,'https://some-server/dir/f1a4e6f35f.avi','1970-04-30 12:46:11','2021-07-07 15:28:08',NULL),(108,1,'https://some-server/dir/8851194e02.avi','1987-05-07 21:49:37','2021-07-07 15:28:08',NULL),(109,2,'https://some-server/dir/76dbbf9e5a.wav','1985-02-12 21:32:30','2021-07-07 15:28:08',NULL),(110,4,'https://some-server/dir/edfc5f5c76.gif','1976-07-21 16:54:49','2021-07-07 15:28:08',NULL),(111,3,'https://some-server/dir/7ba2742230.jpeg','1987-06-10 07:01:55','2021-07-07 15:28:08',NULL),(112,3,'https://some-server/dir/d5bece0969.jpeg','2011-02-06 00:17:09','2021-07-07 15:28:08',NULL),(113,1,'https://some-server/dir/7380838211.avi','1979-10-21 02:48:07','2021-07-07 15:28:08',NULL),(114,4,'https://some-server/dir/9858aef0b3.gif','2002-02-06 03:08:42','2021-07-07 15:28:08',NULL),(115,1,'https://some-server/dir/42baa393c3.avi','1980-05-30 10:04:45','2021-07-07 15:28:08',NULL),(116,3,'https://some-server/dir/00e188ed83.jpeg','2007-08-27 06:09:40','2021-07-07 15:28:08',NULL),(117,1,'https://some-server/dir/4ab58dca8b.avi','2001-11-05 05:37:28','2021-07-07 15:28:08',NULL),(118,4,'https://some-server/dir/3c428c3374.gif','1985-12-29 10:41:18','2021-07-07 15:28:08',NULL),(119,3,'https://some-server/dir/8e95f2f467.jpeg','1977-08-02 17:10:43','2021-07-07 15:28:08',NULL),(120,1,'https://some-server/dir/fc942c3fa6.avi','2001-07-27 10:28:25','2021-07-07 15:28:08',NULL),(121,4,'https://some-server/dir/2ff5f6ca7f.gif','1975-12-14 20:07:54','2021-07-07 15:28:08',NULL),(122,2,'https://some-server/dir/c12bc1c794.wav','1984-11-02 02:54:24','2021-07-07 15:28:08',NULL),(123,3,'https://some-server/dir/d1301567f9.jpeg','2010-02-12 12:50:55','2021-07-07 15:28:08',NULL),(124,2,'https://some-server/dir/000eccee4c.wav','2009-03-07 16:02:13','2021-07-07 15:28:08',NULL),(125,1,'https://some-server/dir/a3385468cf.avi','1984-03-05 04:26:43','2021-07-07 15:28:08',NULL),(126,2,'https://some-server/dir/011d637a14.wav','1996-12-20 21:54:03','2021-07-07 15:28:08',NULL),(127,3,'https://some-server/dir/50544c5e6a.jpeg','1971-04-25 10:21:56','2021-07-07 15:28:08',NULL),(128,1,'https://some-server/dir/b0f99ef7a7.avi','1979-05-22 17:53:46','2021-07-07 15:28:08',NULL),(129,1,'https://some-server/dir/749e72d863.avi','2009-11-05 20:24:31','2021-07-07 15:28:08',NULL),(130,3,'https://some-server/dir/8650d56d5e.jpeg','1973-08-05 20:21:01','2021-07-07 15:28:08',NULL),(131,3,'https://some-server/dir/b3078796dc.jpeg','1972-07-02 17:00:21','2021-07-07 15:28:08',NULL),(132,4,'https://some-server/dir/2a32e75b7e.gif','1974-02-21 01:43:52','2021-07-07 15:28:08',NULL),(133,1,'https://some-server/dir/e028485f6a.avi','2019-10-11 01:50:14','2021-07-07 15:28:08',NULL),(134,4,'https://some-server/dir/495c8029aa.gif','1992-01-15 08:30:16','2021-07-07 15:28:08',NULL),(135,2,'https://some-server/dir/b9d2ccb248.wav','2000-03-21 15:17:42','2021-07-07 15:28:08',NULL),(136,3,'https://some-server/dir/7b54002afe.jpeg','2003-09-01 18:20:59','2021-07-07 15:28:08',NULL),(137,3,'https://some-server/dir/7087d6385a.jpeg','2019-11-29 13:35:52','2021-07-07 15:28:08',NULL),(138,3,'https://some-server/dir/b79ec829a6.jpeg','1995-02-07 14:15:21','2021-07-07 15:28:08',NULL),(139,3,'https://some-server/dir/10891d5567.jpeg','2016-09-12 13:55:12','2021-07-07 15:28:08',NULL),(140,2,'https://some-server/dir/33b53ff518.wav','1974-12-03 19:59:18','2021-07-07 15:28:08',NULL),(141,2,'https://some-server/dir/2b99e5f931.wav','2017-02-08 08:13:12','2021-07-07 15:28:08',NULL),(142,2,'https://some-server/dir/fdb52d0ca3.wav','1985-07-20 23:25:58','2021-07-07 15:28:08',NULL),(143,3,'https://some-server/dir/ff06e8ffd4.jpeg','1994-08-06 14:41:31','2021-07-07 15:28:08',NULL),(144,2,'https://some-server/dir/175d6716a9.wav','1984-06-09 04:24:16','2021-07-07 15:28:08',NULL),(145,3,'https://some-server/dir/889a07601b.jpeg','1995-06-06 21:53:37','2021-07-07 15:28:08',NULL),(146,2,'https://some-server/dir/61d1d17d3d.wav','1985-06-21 17:58:25','2021-07-07 15:28:08',NULL),(147,3,'https://some-server/dir/e8cb1a0d0e.jpeg','2010-08-22 04:44:48','2021-07-07 15:28:08',NULL),(148,3,'https://some-server/dir/7d039fcef1.jpeg','2013-09-01 17:50:57','2021-07-07 15:28:08',NULL),(149,2,'https://some-server/dir/4d34847c17.wav','1978-04-12 16:29:47','2021-07-07 15:28:08',NULL),(150,2,'https://some-server/dir/83934197f1.wav','1975-08-18 09:45:50','2021-07-07 15:28:08',NULL),(151,3,'https://some-server/dir/d9f592bfe7.jpeg','1979-09-08 09:20:55','2021-07-07 15:28:08',NULL),(152,4,'https://some-server/dir/6cc3ef69cb.gif','2020-01-27 03:31:07','2021-07-07 15:28:08',NULL),(153,4,'https://some-server/dir/e1218fc6c1.gif','2017-03-14 03:57:06','2021-07-07 15:28:08',NULL),(154,3,'https://some-server/dir/46995e73fb.jpeg','1973-10-19 00:09:29','2021-07-07 15:28:08',NULL),(155,3,'https://some-server/dir/0eb154d720.jpeg','2007-11-01 16:04:25','2021-07-07 15:28:08',NULL),(156,4,'https://some-server/dir/24451db87f.gif','2012-06-25 19:35:48','2021-07-07 15:28:08',NULL),(157,2,'https://some-server/dir/c5a7faa3a7.wav','1994-04-01 06:20:05','2021-07-07 15:28:08',NULL),(158,1,'https://some-server/dir/64bcac2a17.avi','2020-09-15 08:08:41','2021-07-07 15:28:08',NULL),(159,3,'https://some-server/dir/d5b4a1351e.jpeg','1988-08-07 18:20:26','2021-07-07 15:28:08',NULL),(160,2,'https://some-server/dir/763c85319a.wav','1992-11-05 11:07:10','2021-07-07 15:28:08',NULL),(161,1,'https://some-server/dir/61850211d3.avi','1995-06-12 21:28:49','2021-07-07 15:28:08',NULL),(162,1,'https://some-server/dir/f173107486.avi','2015-10-24 13:11:01','2021-07-07 15:28:08',NULL),(163,3,'https://some-server/dir/4ba0b49d8d.jpeg','1996-10-03 00:56:25','2021-07-07 15:28:08',NULL),(164,2,'https://some-server/dir/504019e21b.wav','2005-08-04 09:07:58','2021-07-07 15:28:08',NULL),(165,2,'https://some-server/dir/0b18e02cc1.wav','2005-01-11 19:00:16','2021-07-07 15:28:08',NULL),(166,2,'https://some-server/dir/9b1055adb7.wav','1972-07-01 09:20:41','2021-07-07 15:28:08',NULL),(167,2,'https://some-server/dir/9503e218c9.wav','1971-01-12 00:12:11','2021-07-07 15:28:08',NULL),(168,1,'https://some-server/dir/c9da0b4bf5.avi','1987-05-13 16:29:06','2021-07-07 15:28:08',NULL),(169,2,'https://some-server/dir/d0ce2101fe.wav','1971-07-20 13:06:57','2021-07-07 15:28:08',NULL),(170,2,'https://some-server/dir/f1cb6758ca.wav','1978-08-24 09:36:40','2021-07-07 15:28:08',NULL),(171,3,'https://some-server/dir/c6d7dcae29.jpeg','1992-01-13 06:51:31','2021-07-07 15:28:08',NULL),(172,2,'https://some-server/dir/1b09499902.wav','2012-08-04 03:30:07','2021-07-07 15:28:08',NULL),(173,1,'https://some-server/dir/0b09c17fc2.avi','1998-06-24 09:31:14','2021-07-07 15:28:08',NULL),(174,2,'https://some-server/dir/5c352ded98.wav','2016-05-04 12:45:47','2021-07-07 15:28:08',NULL),(175,2,'https://some-server/dir/0fa355b23d.wav','1978-12-03 13:19:47','2021-07-07 15:28:08',NULL),(176,3,'https://some-server/dir/0f1beda2bf.jpeg','1986-02-16 05:12:55','2021-07-07 15:28:08',NULL),(177,1,'https://some-server/dir/e029096a26.avi','1979-11-19 21:23:57','2021-07-07 15:28:08',NULL),(178,1,'https://some-server/dir/e2541eb2c8.avi','1982-04-12 13:45:40','2021-07-07 15:28:08',NULL),(179,3,'https://some-server/dir/40f211f2cb.jpeg','2001-01-11 01:42:23','2021-07-07 15:28:08',NULL),(180,3,'https://some-server/dir/9a564cceb1.jpeg','1999-03-12 23:41:32','2021-07-07 15:28:08',NULL),(181,1,'https://some-server/dir/92d8691cf0.avi','2019-06-03 08:39:44','2021-07-07 15:28:08',NULL),(182,4,'https://some-server/dir/c38a09d01a.gif','2016-11-19 23:07:06','2021-07-07 15:28:08',NULL),(183,3,'https://some-server/dir/e3c95c397e.jpeg','1975-09-26 17:17:02','2021-07-07 15:28:08',NULL),(184,4,'https://some-server/dir/e5d666992e.gif','2001-11-27 12:44:54','2021-07-07 15:28:08',NULL),(185,3,'https://some-server/dir/7c9de540c7.jpeg','2021-01-29 04:07:59','2021-07-07 15:28:08',NULL),(186,3,'https://some-server/dir/ab27ba86ef.jpeg','2009-07-15 14:03:27','2021-07-07 15:28:08',NULL),(187,3,'https://some-server/dir/6cf12e6260.jpeg','2012-05-27 22:35:06','2021-07-07 15:28:08',NULL),(188,4,'https://some-server/dir/cf3875e834.gif','1979-10-11 12:26:53','2021-07-07 15:28:08',NULL),(189,2,'https://some-server/dir/8788df6117.wav','1991-08-06 22:02:48','2021-07-07 15:28:08',NULL),(190,4,'https://some-server/dir/bd79e48ceb.gif','1984-04-04 16:25:39','2021-07-07 15:28:08',NULL),(191,1,'https://some-server/dir/84b48987b0.avi','1977-06-07 23:04:48','2021-07-07 15:28:08',NULL),(192,4,'https://some-server/dir/bead72a6be.gif','2006-05-12 02:18:45','2021-07-07 15:28:08',NULL),(193,4,'https://some-server/dir/d175e1df7f.gif','1991-01-14 21:08:39','2021-07-07 15:28:08',NULL),(194,3,'https://some-server/dir/bf43651691.jpeg','1988-02-18 14:20:16','2021-07-07 15:28:08',NULL),(195,4,'https://some-server/dir/d23ab88028.gif','1997-12-22 11:36:43','2021-07-07 15:28:08',NULL),(196,4,'https://some-server/dir/02b2e7a5bb.gif','2006-10-09 18:46:39','2021-07-07 15:28:08',NULL),(197,2,'https://some-server/dir/69569f3095.wav','1999-07-19 07:15:25','2021-07-07 15:28:08',NULL),(198,3,'https://some-server/dir/7c0b9c240a.jpeg','2003-05-16 09:04:46','2021-07-07 15:28:08',NULL),(199,3,'https://some-server/dir/24d6e2f08c.jpeg','1993-07-31 08:56:52','2021-07-07 15:28:08',NULL),(200,4,'https://some-server/dir/6cad14b0b5.gif','1990-12-22 04:39:45','2021-07-07 15:28:08',NULL),(201,2,'https://some-server/dir/5339c0c4b6.wav','1996-03-02 01:18:18','2021-07-07 15:28:08',NULL),(202,3,'https://some-server/dir/9455fee61a.jpeg','1981-04-17 08:28:59','2021-07-07 15:28:08',NULL),(203,2,'https://some-server/dir/9ec7d9aa17.wav','2003-07-24 09:23:47','2021-07-07 15:28:08',NULL),(204,1,'https://some-server/dir/9756c1c3f3.avi','2019-07-06 15:12:02','2021-07-07 15:28:08',NULL),(205,1,'https://some-server/dir/dcc0f48a9b.avi','2014-03-18 20:34:15','2021-07-07 15:28:08',NULL),(206,4,'https://some-server/dir/ee469b03eb.gif','1970-12-20 02:45:38','2021-07-07 15:28:08',NULL),(207,3,'https://some-server/dir/ea02d758e1.jpeg','2019-10-04 19:47:17','2021-07-07 15:28:08',NULL),(208,1,'https://some-server/dir/9ad0028656.avi','1995-09-29 20:11:46','2021-07-07 15:28:08',NULL),(209,3,'https://some-server/dir/a71ad1b2cf.jpeg','2014-04-11 09:38:38','2021-07-07 15:28:08',NULL),(210,2,'https://some-server/dir/852508da13.wav','2009-04-06 12:15:13','2021-07-07 15:28:08',NULL),(211,2,'https://some-server/dir/8cabba25fd.wav','1996-10-25 18:20:04','2021-07-07 15:28:08',NULL),(212,3,'https://some-server/dir/0bd4d828dc.jpeg','2012-05-18 10:50:17','2021-07-07 15:28:08',NULL),(213,4,'https://some-server/dir/0ac5ad2c82.gif','1974-12-21 15:57:00','2021-07-07 15:28:08',NULL),(214,2,'https://some-server/dir/bbe866de7a.wav','1984-08-27 16:49:08','2021-07-07 15:28:08',NULL),(215,1,'https://some-server/dir/623384cb2e.avi','2014-03-02 05:31:41','2021-07-07 15:28:08',NULL),(216,3,'https://some-server/dir/cf19424335.jpeg','1992-12-12 12:47:25','2021-07-07 15:28:08',NULL),(217,2,'https://some-server/dir/e56e42aaf0.wav','1972-10-28 23:22:40','2021-07-07 15:28:08',NULL),(218,1,'https://some-server/dir/c6943a7830.avi','1999-07-15 05:59:07','2021-07-07 15:28:08',NULL),(219,1,'https://some-server/dir/adc8567454.avi','1984-11-05 21:38:43','2021-07-07 15:28:08',NULL),(220,4,'https://some-server/dir/f84dd0bcb9.gif','1988-08-12 06:12:36','2021-07-07 15:28:08',NULL),(221,4,'https://some-server/dir/9146f0555d.gif','1993-05-16 04:59:16','2021-07-07 15:28:08',NULL),(222,3,'https://some-server/dir/f3290f3c7f.jpeg','1975-07-18 00:52:53','2021-07-07 15:28:08',NULL),(223,2,'https://some-server/dir/647086743d.wav','2017-07-11 11:46:35','2021-07-07 15:28:08',NULL),(224,3,'https://some-server/dir/5ee9b5aaf5.jpeg','2001-02-17 06:20:11','2021-07-07 15:28:08',NULL),(225,3,'https://some-server/dir/675ec0c534.jpeg','2017-12-12 15:12:59','2021-07-07 15:28:08',NULL),(226,3,'https://some-server/dir/4b7dac1c27.jpeg','2019-03-14 06:42:59','2021-07-07 15:28:08',NULL),(227,4,'https://some-server/dir/5a4f3c2d85.gif','1996-12-22 16:25:15','2021-07-07 15:28:08',NULL),(228,1,'https://some-server/dir/7d1274bc1e.avi','1972-09-22 08:26:56','2021-07-07 15:28:08',NULL),(229,2,'https://some-server/dir/c7f7c7cf23.wav','1981-06-13 05:23:13','2021-07-07 15:28:08',NULL),(230,4,'https://some-server/dir/8543aa66bd.gif','1988-06-06 06:27:06','2021-07-07 15:28:08',NULL),(231,3,'https://some-server/dir/6aea7540d2.jpeg','2007-12-30 16:36:27','2021-07-07 15:28:08',NULL),(232,4,'https://some-server/dir/18948ec142.gif','2017-02-28 15:24:02','2021-07-07 15:28:08',NULL),(233,1,'https://some-server/dir/08b19f33bd.avi','1985-03-20 21:18:27','2021-07-07 15:28:08',NULL),(234,3,'https://some-server/dir/01981da765.jpeg','1972-03-20 12:05:37','2021-07-07 15:28:08',NULL),(235,4,'https://some-server/dir/55b7a0285b.gif','1987-06-03 12:33:59','2021-07-07 15:28:08',NULL),(236,4,'https://some-server/dir/2c59d5433a.gif','2013-10-06 12:44:53','2021-07-07 15:28:08',NULL),(237,2,'https://some-server/dir/7f97437b13.wav','2011-01-23 02:36:44','2021-07-07 15:28:08',NULL),(238,3,'https://some-server/dir/3525236d21.jpeg','1972-09-24 01:02:24','2021-07-07 15:28:08',NULL),(239,2,'https://some-server/dir/024e5c6e8c.wav','2017-05-27 00:38:12','2021-07-07 15:28:08',NULL),(240,2,'https://some-server/dir/9b92d691cf.wav','1996-04-09 02:08:34','2021-07-07 15:28:08',NULL),(241,4,'https://some-server/dir/c797ba872c.gif','2017-08-11 21:29:10','2021-07-07 15:28:08',NULL),(242,1,'https://some-server/dir/f18a72d77e.avi','1984-03-11 17:49:51','2021-07-07 15:28:08',NULL),(243,2,'https://some-server/dir/060c143fa8.wav','1991-11-06 16:34:52','2021-07-07 15:28:08',NULL),(244,4,'https://some-server/dir/b9bae4f862.gif','2004-04-13 21:29:40','2021-07-07 15:28:08',NULL),(245,2,'https://some-server/dir/a0ea94f9f5.wav','2010-08-14 17:54:51','2021-07-07 15:28:08',NULL),(246,4,'https://some-server/dir/cf0feaad16.gif','1973-02-11 00:34:07','2021-07-07 15:28:08',NULL),(247,2,'https://some-server/dir/959b774d5c.wav','2010-07-21 14:28:07','2021-07-07 15:28:08',NULL),(248,1,'https://some-server/dir/377d4cbe7e.avi','2016-06-20 00:01:00','2021-07-07 15:28:08',NULL),(249,4,'https://some-server/dir/e57a75172f.gif','2002-01-31 03:58:11','2021-07-07 15:28:08',NULL),(250,4,'https://some-server/dir/988864b0b6.gif','1977-01-27 17:58:00','2021-07-07 15:28:08',NULL),(251,2,'https://some-server/dir/c3b4ca0f65.wav','2017-04-12 16:27:53','2021-07-07 15:28:08',NULL),(252,3,'https://some-server/dir/7c94a40591.jpeg','1977-11-14 20:13:02','2021-07-07 15:28:08',NULL),(253,1,'https://some-server/dir/641db6738b.avi','2019-08-26 16:00:46','2021-07-07 15:28:08',NULL),(254,1,'https://some-server/dir/28de707641.avi','2016-10-21 20:10:24','2021-07-07 15:28:08',NULL),(255,1,'https://some-server/dir/2e3b843ff6.avi','1973-05-20 01:12:36','2021-07-07 15:28:08',NULL),(256,2,'https://some-server/dir/d70b07331b.wav','2009-07-26 21:28:23','2021-07-07 15:28:08',NULL),(257,1,'https://some-server/dir/86271f79a5.avi','1978-03-09 06:52:04','2021-07-07 15:28:08',NULL),(258,3,'https://some-server/dir/29e7170dba.jpeg','1983-08-25 18:49:49','2021-07-07 15:28:08',NULL),(259,2,'https://some-server/dir/96d1713f10.wav','2019-12-28 06:39:04','2021-07-07 15:28:08',NULL),(260,4,'https://some-server/dir/704ad575ba.gif','1979-10-27 15:47:46','2021-07-07 15:28:08',NULL),(261,4,'https://some-server/dir/d552f9078f.gif','1998-10-20 17:16:15','2021-07-07 15:28:08',NULL),(262,2,'https://some-server/dir/7ea3b126b9.wav','1994-12-20 13:57:47','2021-07-07 15:28:08',NULL),(263,4,'https://some-server/dir/ac79d7d0a0.gif','2013-09-12 01:54:39','2021-07-07 15:28:08',NULL),(264,2,'https://some-server/dir/c1d874475d.wav','1990-03-17 21:14:07','2021-07-07 15:28:08',NULL),(265,3,'https://some-server/dir/1c27a08f8d.jpeg','2018-12-11 01:24:50','2021-07-07 15:28:08',NULL),(266,2,'https://some-server/dir/377c50f48a.wav','1974-11-20 22:24:11','2021-07-07 15:28:08',NULL),(267,3,'https://some-server/dir/020e51a06d.jpeg','2002-02-05 01:15:47','2021-07-07 15:28:08',NULL),(268,2,'https://some-server/dir/d895372fab.wav','1999-04-12 16:59:38','2021-07-07 15:28:08',NULL),(269,2,'https://some-server/dir/8b6a2ebd94.wav','1988-01-06 13:03:38','2021-07-07 15:28:08',NULL),(270,2,'https://some-server/dir/8669f5399b.wav','1989-02-07 01:42:32','2021-07-07 15:28:08',NULL),(271,4,'https://some-server/dir/9de276b497.gif','1980-07-13 08:26:02','2021-07-07 15:28:08',NULL),(272,2,'https://some-server/dir/6577b2cd46.wav','1984-08-04 13:39:24','2021-07-07 15:28:08',NULL),(273,4,'https://some-server/dir/e4a60cece8.gif','2011-07-30 18:29:23','2021-07-07 15:28:08',NULL),(274,3,'https://some-server/dir/c0af12e51e.jpeg','2015-03-05 20:35:27','2021-07-07 15:28:08',NULL),(275,1,'https://some-server/dir/2a8358af61.avi','2005-04-09 10:55:04','2021-07-07 15:28:08',NULL),(276,2,'https://some-server/dir/94fbcf897d.wav','2016-04-30 05:23:55','2021-07-07 15:28:08',NULL),(277,2,'https://some-server/dir/8b06612036.wav','2013-02-06 01:37:07','2021-07-07 15:28:08',NULL),(278,4,'https://some-server/dir/4a27ebf129.gif','2012-02-05 10:56:52','2021-07-07 15:28:08',NULL),(279,3,'https://some-server/dir/05da2d3659.jpeg','2013-02-27 09:50:11','2021-07-07 15:28:08',NULL),(280,3,'https://some-server/dir/38169d799d.jpeg','2019-03-16 08:20:21','2021-07-07 15:28:08',NULL),(281,3,'https://some-server/dir/2726c0eac6.jpeg','2021-01-18 19:58:12','2021-07-07 15:28:08',NULL),(282,4,'https://some-server/dir/a531606bc1.gif','2001-01-12 21:03:16','2021-07-07 15:28:08',NULL),(283,3,'https://some-server/dir/36e2ceb044.jpeg','2006-08-03 15:25:52','2021-07-07 15:28:08',NULL),(284,4,'https://some-server/dir/6e688bd8b8.gif','2015-01-03 03:52:05','2021-07-07 15:28:08',NULL),(285,1,'https://some-server/dir/2ac3953fba.avi','2019-10-07 16:51:53','2021-07-07 15:28:08',NULL),(286,3,'https://some-server/dir/a94a300aab.jpeg','1974-05-09 05:30:30','2021-07-07 15:28:08',NULL),(287,2,'https://some-server/dir/78b855cace.wav','1984-05-15 19:56:10','2021-07-07 15:28:08',NULL),(288,1,'https://some-server/dir/f85e4165e9.avi','1997-01-04 14:43:12','2021-07-07 15:28:08',NULL),(289,1,'https://some-server/dir/faae6a507d.avi','2018-06-22 17:41:50','2021-07-07 15:28:08',NULL),(290,3,'https://some-server/dir/4cd9cab523.jpeg','1980-10-22 06:45:27','2021-07-07 15:28:08',NULL),(291,2,'https://some-server/dir/502f52d8d1.wav','1977-05-05 23:20:08','2021-07-07 15:28:08',NULL),(292,3,'https://some-server/dir/af35884d8f.jpeg','2019-11-02 03:15:31','2021-07-07 15:28:08',NULL),(293,4,'https://some-server/dir/39c2268353.gif','1981-04-10 05:30:40','2021-07-07 15:28:08',NULL),(294,1,'https://some-server/dir/213a22ccab.avi','2000-12-21 05:12:33','2021-07-07 15:28:08',NULL),(295,3,'https://some-server/dir/11a38584f4.jpeg','2007-10-24 04:08:03','2021-07-07 15:28:08',NULL),(296,1,'https://some-server/dir/574872bf27.avi','2002-07-30 05:33:59','2021-07-07 15:28:08',NULL),(297,1,'https://some-server/dir/8c88edb6d7.avi','2011-09-11 21:28:37','2021-07-07 15:28:08',NULL),(298,4,'https://some-server/dir/b6f5de8e8f.gif','2001-09-08 12:25:46','2021-07-07 15:28:08',NULL),(299,1,'https://some-server/dir/7b5ac27a77.avi','2020-07-28 08:49:43','2021-07-07 15:28:08',NULL),(300,4,'https://some-server/dir/dcb040d873.gif','1987-03-03 10:41:26','2021-07-07 15:28:08',NULL),(301,1,'https://some-server/dir/80271e3aaa.avi','2021-06-04 09:10:15','2021-07-07 15:28:08',NULL),(302,4,'https://some-server/dir/7b448b2668.gif','1988-04-26 21:35:16','2021-07-07 15:28:08',NULL),(303,1,'https://some-server/dir/40bf8bf994.avi','2003-07-10 14:54:34','2021-07-07 15:28:08',NULL),(304,3,'https://some-server/dir/aab039a72c.jpeg','2005-03-01 15:34:07','2021-07-07 15:28:08',NULL),(305,3,'https://some-server/dir/ffae9f8acd.jpeg','1977-11-10 18:01:10','2021-07-07 15:28:08',NULL),(306,1,'https://some-server/dir/5ef8c128ba.avi','1989-04-10 15:14:28','2021-07-07 15:28:08',NULL),(307,1,'https://some-server/dir/761c326f02.avi','1999-04-21 08:52:13','2021-07-07 15:28:08',NULL),(308,4,'https://some-server/dir/af17f24dca.gif','1976-04-28 03:47:18','2021-07-07 15:28:08',NULL),(309,4,'https://some-server/dir/17164d898f.gif','2017-01-24 03:51:58','2021-07-07 15:28:08',NULL),(310,2,'https://some-server/dir/496d5e47ef.wav','2007-04-15 10:16:33','2021-07-07 15:28:08',NULL),(311,3,'https://some-server/dir/5ce1b2cfe4.jpeg','1988-02-22 16:48:07','2021-07-07 15:28:08',NULL),(312,1,'https://some-server/dir/071f354974.avi','2003-03-10 18:16:04','2021-07-07 15:28:08',NULL),(313,3,'https://some-server/dir/790984473a.jpeg','1982-05-28 14:31:23','2021-07-07 15:28:08',NULL),(314,3,'https://some-server/dir/3a619324dc.jpeg','1994-08-12 18:22:12','2021-07-07 15:28:08',NULL),(315,2,'https://some-server/dir/6e4559d3a7.wav','2017-10-27 00:22:39','2021-07-07 15:28:08',NULL),(316,1,'https://some-server/dir/b5097d93b8.avi','2009-03-30 22:17:49','2021-07-07 15:28:08',NULL),(317,3,'https://some-server/dir/27b7449f31.jpeg','1995-04-09 14:18:06','2021-07-07 15:28:08',NULL),(318,2,'https://some-server/dir/0a621e7f53.wav','1970-11-29 09:24:20','2021-07-07 15:28:08',NULL),(319,2,'https://some-server/dir/deea2431b8.wav','1978-01-09 16:41:54','2021-07-07 15:28:08',NULL),(320,2,'https://some-server/dir/e30aabfe42.wav','1983-02-14 16:55:03','2021-07-07 15:28:08',NULL),(321,3,'https://some-server/dir/d2c5c74b04.jpeg','2007-09-01 23:52:11','2021-07-07 15:28:08',NULL),(322,4,'https://some-server/dir/2a544189bb.gif','2011-11-27 23:18:19','2021-07-07 15:28:08',NULL),(323,1,'https://some-server/dir/fc0477729c.avi','1973-11-30 12:17:41','2021-07-07 15:28:08',NULL),(324,4,'https://some-server/dir/4b607282d5.gif','1976-11-11 23:55:13','2021-07-07 15:28:08',NULL),(325,2,'https://some-server/dir/68683e590b.wav','1978-09-05 09:01:20','2021-07-07 15:28:08',NULL),(326,4,'https://some-server/dir/45d2fbef3e.gif','1997-04-17 09:36:31','2021-07-07 15:28:08',NULL),(327,3,'https://some-server/dir/cd3aca1114.jpeg','2020-03-08 19:17:25','2021-07-07 15:28:08',NULL),(328,4,'https://some-server/dir/d9a3b8d7b2.gif','2002-10-12 07:26:43','2021-07-07 15:28:08',NULL),(329,4,'https://some-server/dir/8efaad0ffe.gif','2009-02-28 03:38:03','2021-07-07 15:28:08',NULL),(330,2,'https://some-server/dir/f036d3a944.wav','1996-12-14 15:17:16','2021-07-07 15:28:08',NULL),(331,2,'https://some-server/dir/888bb1d0c9.wav','1976-03-25 22:23:48','2021-07-07 15:28:08',NULL),(332,1,'https://some-server/dir/46dc8daca8.avi','2013-03-25 00:44:44','2021-07-07 15:28:08',NULL),(333,4,'https://some-server/dir/4613f24dd4.gif','2020-03-31 05:22:19','2021-07-07 15:28:08',NULL),(334,4,'https://some-server/dir/0e24deca26.gif','1979-01-10 12:38:06','2021-07-07 15:28:08',NULL),(335,3,'https://some-server/dir/d518fb1498.jpeg','2017-11-29 07:41:27','2021-07-07 15:28:08',NULL),(336,2,'https://some-server/dir/960fa50da7.wav','1979-10-23 13:11:06','2021-07-07 15:28:08',NULL),(337,2,'https://some-server/dir/d3d4dfa64b.wav','2011-05-29 16:05:11','2021-07-07 15:28:08',NULL),(338,1,'https://some-server/dir/8478481312.avi','2020-09-15 10:06:36','2021-07-07 15:28:08',NULL),(339,3,'https://some-server/dir/8f2cb9fa37.jpeg','1976-07-03 03:54:58','2021-07-07 15:28:08',NULL),(340,1,'https://some-server/dir/a8783e0090.avi','1999-12-05 01:20:43','2021-07-07 15:28:08',NULL),(341,4,'https://some-server/dir/bbb49dbe6a.gif','2000-04-14 22:49:43','2021-07-07 15:28:08',NULL),(342,2,'https://some-server/dir/db2ab91a83.wav','2015-11-29 04:31:42','2021-07-07 15:28:08',NULL),(343,4,'https://some-server/dir/1142026351.gif','1984-05-04 22:07:22','2021-07-07 15:28:08',NULL),(344,3,'https://some-server/dir/da417c74c8.jpeg','1985-07-20 08:15:24','2021-07-07 15:28:08',NULL),(345,4,'https://some-server/dir/aff0676f08.gif','1981-12-25 08:16:24','2021-07-07 15:28:08',NULL),(346,1,'https://some-server/dir/9d3765da2d.avi','1992-08-03 23:23:23','2021-07-07 15:28:08',NULL),(347,2,'https://some-server/dir/12ad1814f8.wav','2017-05-28 16:05:26','2021-07-07 15:28:08',NULL),(348,2,'https://some-server/dir/09f7cfdd5e.wav','2008-12-20 07:03:54','2021-07-07 15:28:08',NULL),(349,3,'https://some-server/dir/daaa465be1.jpeg','1971-10-02 13:09:58','2021-07-07 15:28:08',NULL),(350,2,'https://some-server/dir/269f5cd96f.wav','1993-12-05 11:55:16','2021-07-07 15:28:08',NULL),(351,1,'https://some-server/dir/45e55babe1.avi','1988-03-11 10:23:42','2021-07-07 15:28:08',NULL),(352,4,'https://some-server/dir/8e4497e79e.gif','1990-11-25 07:52:29','2021-07-07 15:28:08',NULL),(353,1,'https://some-server/dir/d0c03688cc.avi','1987-01-26 01:14:09','2021-07-07 15:28:08',NULL),(354,3,'https://some-server/dir/0ed2b887ba.jpeg','2017-02-03 17:25:55','2021-07-07 15:28:08',NULL),(355,2,'https://some-server/dir/57fb2ae7da.wav','2012-03-28 02:46:09','2021-07-07 15:28:08',NULL),(356,2,'https://some-server/dir/a144ed3321.wav','2004-10-22 09:29:09','2021-07-07 15:28:08',NULL),(357,4,'https://some-server/dir/41a39ff0cd.gif','1991-07-08 15:27:13','2021-07-07 15:28:08',NULL),(358,1,'https://some-server/dir/2a4f034622.avi','1993-09-02 19:13:16','2021-07-07 15:28:08',NULL),(359,3,'https://some-server/dir/9c3bba4594.jpeg','1989-06-30 23:20:00','2021-07-07 15:28:08',NULL),(360,4,'https://some-server/dir/088fb56099.gif','2019-05-25 06:19:56','2021-07-07 15:28:08',NULL),(361,4,'https://some-server/dir/8904d4f397.gif','2002-05-11 06:06:01','2021-07-07 15:28:08',NULL),(362,3,'https://some-server/dir/10dc5144bc.jpeg','1993-11-26 12:14:19','2021-07-07 15:28:08',NULL),(363,3,'https://some-server/dir/694ac19874.jpeg','1993-05-23 04:25:17','2021-07-07 15:28:08',NULL),(364,3,'https://some-server/dir/6fa666ecd7.jpeg','1996-05-17 23:54:22','2021-07-07 15:28:08',NULL),(365,3,'https://some-server/dir/2ddf477d2f.jpeg','1983-05-05 16:59:53','2021-07-07 15:28:08',NULL),(366,1,'https://some-server/dir/23f43fea63.avi','2001-05-11 07:14:05','2021-07-07 15:28:08',NULL),(367,2,'https://some-server/dir/0dd05f8e22.wav','1971-02-18 20:44:56','2021-07-07 15:28:08',NULL),(368,3,'https://some-server/dir/bf8f9d8165.jpeg','1995-05-15 18:07:05','2021-07-07 15:28:08',NULL),(369,1,'https://some-server/dir/4faa456236.avi','1994-06-16 01:06:48','2021-07-07 15:28:08',NULL),(370,3,'https://some-server/dir/18bf0b5180.jpeg','1987-04-21 06:31:43','2021-07-07 15:28:08',NULL),(371,1,'https://some-server/dir/b8de40c0c6.avi','1998-01-06 05:23:12','2021-07-07 15:28:08',NULL),(372,1,'https://some-server/dir/2ffabf21cd.avi','2021-06-25 07:38:23','2021-07-07 15:28:08',NULL),(373,2,'https://some-server/dir/9f6296de0a.wav','1987-10-17 03:25:27','2021-07-07 15:28:08',NULL),(374,3,'https://some-server/dir/678b6fd393.jpeg','2003-05-25 10:00:55','2021-07-07 15:28:08',NULL),(375,2,'https://some-server/dir/33d83ae115.wav','1987-11-24 11:38:18','2021-07-07 15:28:08',NULL),(376,2,'https://some-server/dir/10ce7b7efd.wav','2021-04-22 04:46:47','2021-07-07 15:28:08',NULL),(377,1,'https://some-server/dir/77d83afab5.avi','1988-11-24 22:27:18','2021-07-07 15:28:08',NULL),(378,4,'https://some-server/dir/b9d8b2e777.gif','2018-06-24 21:02:18','2021-07-07 15:28:08',NULL),(379,3,'https://some-server/dir/1a53b4ec8d.jpeg','2003-11-27 09:47:37','2021-07-07 15:28:08',NULL),(380,3,'https://some-server/dir/2846f702b1.jpeg','1987-01-30 04:48:08','2021-07-07 15:28:08',NULL),(381,3,'https://some-server/dir/cfae6d784f.jpeg','1997-03-03 22:42:56','2021-07-07 15:28:08',NULL),(382,4,'https://some-server/dir/127da029f0.gif','1985-11-04 01:01:22','2021-07-07 15:28:08',NULL),(383,2,'https://some-server/dir/58d0ab874f.wav','1974-01-05 21:21:42','2021-07-07 15:28:08',NULL),(384,2,'https://some-server/dir/99184dba9a.wav','1993-01-06 07:59:06','2021-07-07 15:28:08',NULL),(385,4,'https://some-server/dir/bc8ee4ebe3.gif','1994-05-16 19:30:51','2021-07-07 15:28:08',NULL),(386,2,'https://some-server/dir/81ae8d4a15.wav','1973-11-04 20:02:23','2021-07-07 15:28:08',NULL),(387,3,'https://some-server/dir/fb3e81f688.jpeg','2015-06-07 22:05:44','2021-07-07 15:28:08',NULL),(388,1,'https://some-server/dir/7799cf1813.avi','1978-01-26 19:55:57','2021-07-07 15:28:08',NULL),(389,4,'https://some-server/dir/84ef73a5f8.gif','2014-05-11 09:39:09','2021-07-07 15:28:08',NULL),(390,3,'https://some-server/dir/62d157eb76.jpeg','1975-04-12 06:39:02','2021-07-07 15:28:08',NULL),(391,1,'https://some-server/dir/c08a3f3563.avi','1986-05-18 22:47:57','2021-07-07 15:28:08',NULL),(392,1,'https://some-server/dir/09359edbee.avi','2020-05-10 22:56:57','2021-07-07 15:28:08',NULL),(393,1,'https://some-server/dir/0c581ee43a.avi','1998-01-04 06:54:53','2021-07-07 15:28:08',NULL),(394,2,'https://some-server/dir/5ded8d5f35.wav','1983-09-20 15:44:45','2021-07-07 15:28:08',NULL),(395,3,'https://some-server/dir/8e73fe4a96.jpeg','1986-10-08 11:20:28','2021-07-07 15:28:08',NULL),(396,1,'https://some-server/dir/9ace591416.avi','1992-09-08 07:35:40','2021-07-07 15:28:08',NULL),(397,3,'https://some-server/dir/05f83a49b4.jpeg','1979-01-11 01:23:47','2021-07-07 15:28:08',NULL),(398,4,'https://some-server/dir/53edc52f97.gif','2011-09-02 05:45:11','2021-07-07 15:28:08',NULL),(399,4,'https://some-server/dir/44b5549c95.gif','2005-07-18 05:38:51','2021-07-07 15:28:08',NULL),(400,4,'https://some-server/dir/934f46e941.gif','1972-06-03 10:53:27','2021-07-07 15:28:08',NULL),(401,3,'https://some-server/dir/606061714a.jpeg','1977-07-21 06:48:53','2021-07-07 15:28:08',NULL),(402,4,'https://some-server/dir/8a3a470d52.gif','1990-09-23 07:29:21','2021-07-07 15:28:08',NULL),(403,1,'https://some-server/dir/3785cabf99.avi','2012-05-31 02:37:20','2021-07-07 15:28:08',NULL),(404,3,'https://some-server/dir/4739280aca.jpeg','2020-03-11 05:18:29','2021-07-07 15:28:08',NULL),(405,1,'https://some-server/dir/ba21d6f585.avi','1999-12-10 03:39:12','2021-07-07 15:28:08',NULL),(406,3,'https://some-server/dir/2311c7c1c1.jpeg','2010-05-20 11:10:09','2021-07-07 15:28:08',NULL),(407,4,'https://some-server/dir/69362e7ab0.gif','2010-10-29 23:36:03','2021-07-07 15:28:08',NULL),(408,2,'https://some-server/dir/5fdf158bc0.wav','2006-06-15 09:49:16','2021-07-07 15:28:08',NULL),(409,3,'https://some-server/dir/10992a0cde.jpeg','1997-12-25 00:38:03','2021-07-07 15:28:08',NULL),(410,4,'https://some-server/dir/0608f23e54.gif','1974-10-04 10:54:08','2021-07-07 15:28:08',NULL),(411,4,'https://some-server/dir/23171ff9bb.gif','1980-06-20 17:50:09','2021-07-07 15:28:08',NULL),(412,1,'https://some-server/dir/0e95bd26af.avi','1982-01-09 11:39:16','2021-07-07 15:28:08',NULL),(413,2,'https://some-server/dir/f1491aabf3.wav','1986-05-14 21:58:20','2021-07-07 15:28:08',NULL),(414,3,'https://some-server/dir/f4d559e630.jpeg','1970-06-14 06:23:29','2021-07-07 15:28:08',NULL),(415,3,'https://some-server/dir/af0a7250ea.jpeg','2011-05-17 23:44:21','2021-07-07 15:28:08',NULL),(416,3,'https://some-server/dir/60ac64aacd.jpeg','2017-09-29 07:51:02','2021-07-07 15:28:08',NULL),(417,1,'https://some-server/dir/672e775273.avi','1986-06-13 11:01:51','2021-07-07 15:28:08',NULL),(418,1,'https://some-server/dir/2cb9f72063.avi','2014-11-22 15:13:55','2021-07-07 15:28:08',NULL),(419,2,'https://some-server/dir/fabf392218.wav','1972-08-09 21:34:22','2021-07-07 15:28:08',NULL),(420,4,'https://some-server/dir/3e3d46dc20.gif','1986-05-30 14:09:43','2021-07-07 15:28:08',NULL),(421,4,'https://some-server/dir/6d23091050.gif','2020-08-27 04:47:37','2021-07-07 15:28:08',NULL),(422,4,'https://some-server/dir/eaa3c07355.gif','2013-10-10 03:10:42','2021-07-07 15:28:08',NULL),(423,2,'https://some-server/dir/28ed10f43b.wav','1996-10-03 22:30:51','2021-07-07 15:28:08',NULL),(424,1,'https://some-server/dir/ec7e634d9b.avi','2007-12-08 23:15:09','2021-07-07 15:28:08',NULL),(425,3,'https://some-server/dir/742ca21b66.jpeg','2011-07-01 14:54:54','2021-07-07 15:28:08',NULL),(426,1,'https://some-server/dir/9d22f1ac2e.avi','2020-07-02 06:19:51','2021-07-07 15:28:08',NULL),(427,1,'https://some-server/dir/01ca67ada6.avi','1994-12-05 19:00:35','2021-07-07 15:28:08',NULL),(428,1,'https://some-server/dir/3c39c37bed.avi','2005-04-10 18:11:30','2021-07-07 15:28:08',NULL),(429,2,'https://some-server/dir/e75757d51d.wav','2012-01-13 07:59:19','2021-07-07 15:28:08',NULL),(430,1,'https://some-server/dir/30433faff9.avi','2021-04-16 10:09:36','2021-07-07 15:28:08',NULL),(431,3,'https://some-server/dir/083d5a85c8.jpeg','2020-12-18 17:44:21','2021-07-07 15:28:08',NULL),(432,4,'https://some-server/dir/3b6a7b0ac9.gif','2010-04-30 11:08:23','2021-07-07 15:28:08',NULL),(433,1,'https://some-server/dir/5798c2f8e6.avi','2014-05-30 04:29:51','2021-07-07 15:28:08',NULL),(434,4,'https://some-server/dir/a244b839a1.gif','1993-03-08 20:39:00','2021-07-07 15:28:08',NULL),(435,2,'https://some-server/dir/92dad6bcc7.wav','1973-01-08 19:43:42','2021-07-07 15:28:08',NULL),(436,4,'https://some-server/dir/f544ee9993.gif','2015-07-14 01:41:48','2021-07-07 15:28:08',NULL),(437,4,'https://some-server/dir/1d2425ff32.gif','1996-05-16 05:05:21','2021-07-07 15:28:08',NULL),(438,1,'https://some-server/dir/e6ea3776c6.avi','1989-01-26 02:35:18','2021-07-07 15:28:08',NULL),(439,3,'https://some-server/dir/9a53160fb2.jpeg','2016-11-23 09:35:27','2021-07-07 15:28:08',NULL),(440,2,'https://some-server/dir/d71b3beeeb.wav','1974-09-09 19:35:05','2021-07-07 15:28:08',NULL),(441,1,'https://some-server/dir/62ee5a525e.avi','1993-04-07 22:04:52','2021-07-07 15:28:08',NULL),(442,2,'https://some-server/dir/a14de93ae8.wav','1973-01-06 23:32:19','2021-07-07 15:28:08',NULL),(443,4,'https://some-server/dir/06f57267d1.gif','1990-03-20 22:54:02','2021-07-07 15:28:08',NULL),(444,2,'https://some-server/dir/627ae6ff85.wav','2001-09-08 18:42:29','2021-07-07 15:28:08',NULL),(445,1,'https://some-server/dir/ce9e730df1.avi','1972-02-23 12:45:28','2021-07-07 15:28:08',NULL),(446,1,'https://some-server/dir/1e6e265024.avi','1992-02-24 09:56:54','2021-07-07 15:28:08',NULL),(447,4,'https://some-server/dir/872145f935.gif','2018-11-12 20:54:46','2021-07-07 15:28:08',NULL),(448,3,'https://some-server/dir/a8189adeec.jpeg','2020-11-21 03:54:00','2021-07-07 15:28:08',NULL),(449,3,'https://some-server/dir/e5a0ac7b9e.jpeg','1982-01-14 21:32:58','2021-07-07 15:28:08',NULL),(450,3,'https://some-server/dir/bc0174fa25.jpeg','2000-10-20 08:28:51','2021-07-07 15:28:08',NULL),(451,3,'https://some-server/dir/71af0196c9.jpeg','2001-03-27 21:07:14','2021-07-07 15:28:08',NULL),(452,2,'https://some-server/dir/f0d2ac9f95.wav','2014-04-10 17:41:59','2021-07-07 15:28:08',NULL),(453,1,'https://some-server/dir/ef265f8c31.avi','2001-08-03 00:10:52','2021-07-07 15:28:08',NULL),(454,3,'https://some-server/dir/bf537acd6c.jpeg','1975-01-13 04:57:37','2021-07-07 15:28:08',NULL),(455,2,'https://some-server/dir/187ddf2584.wav','2012-09-26 10:39:33','2021-07-07 15:28:08',NULL),(456,3,'https://some-server/dir/4f06cb73aa.jpeg','1970-02-01 17:17:47','2021-07-07 15:28:08',NULL),(457,2,'https://some-server/dir/c234991091.wav','1985-06-03 05:30:30','2021-07-07 15:28:08',NULL),(458,2,'https://some-server/dir/8342025143.wav','2013-02-28 08:09:07','2021-07-07 15:28:08',NULL),(459,4,'https://some-server/dir/38ac0eaf93.gif','2021-04-16 05:37:45','2021-07-07 15:28:08',NULL),(460,2,'https://some-server/dir/e9da19914d.wav','1982-03-22 00:33:00','2021-07-07 15:28:08',NULL),(461,1,'https://some-server/dir/888a3a0de1.avi','2012-09-24 07:11:46','2021-07-07 15:28:08',NULL),(462,2,'https://some-server/dir/21e08c406e.wav','2000-07-12 10:25:49','2021-07-07 15:28:08',NULL),(463,4,'https://some-server/dir/7ac3c16910.gif','1987-01-26 12:02:28','2021-07-07 15:28:08',NULL),(464,4,'https://some-server/dir/81b75feec0.gif','1993-08-09 13:28:49','2021-07-07 15:28:08',NULL),(465,1,'https://some-server/dir/00aed19e10.avi','1977-04-20 22:01:10','2021-07-07 15:28:08',NULL),(466,4,'https://some-server/dir/17a53e49a1.gif','2017-06-25 09:06:40','2021-07-07 15:28:08',NULL),(467,2,'https://some-server/dir/946db701ed.wav','1982-01-06 11:16:36','2021-07-07 15:28:08',NULL),(468,1,'https://some-server/dir/6c9603aae9.avi','1995-05-11 17:17:50','2021-07-07 15:28:08',NULL),(469,1,'https://some-server/dir/fb823267e5.avi','2006-09-28 09:52:19','2021-07-07 15:28:08',NULL),(470,3,'https://some-server/dir/4e0e1dbaa5.jpeg','2021-02-15 02:36:08','2021-07-07 15:28:08',NULL),(471,2,'https://some-server/dir/251c0a9600.wav','1991-12-18 01:23:34','2021-07-07 15:28:08',NULL),(472,2,'https://some-server/dir/40a322c63b.wav','1991-08-18 14:11:13','2021-07-07 15:28:08',NULL),(473,1,'https://some-server/dir/54184a43ad.avi','2011-03-06 05:10:54','2021-07-07 15:28:08',NULL),(474,3,'https://some-server/dir/07e1d92dad.jpeg','1991-11-02 03:58:08','2021-07-07 15:28:08',NULL),(475,1,'https://some-server/dir/fdbb4b01ff.avi','1978-02-16 00:56:22','2021-07-07 15:28:08',NULL),(476,2,'https://some-server/dir/f479cce77d.wav','1995-11-06 10:23:03','2021-07-07 15:28:08',NULL),(477,2,'https://some-server/dir/d28287d3c5.wav','2009-08-07 00:14:37','2021-07-07 15:28:08',NULL),(478,2,'https://some-server/dir/ca4cbd2536.wav','2001-06-02 19:25:59','2021-07-07 15:28:08',NULL),(479,2,'https://some-server/dir/a9fd89e038.wav','1974-12-28 09:35:56','2021-07-07 15:28:08',NULL),(480,3,'https://some-server/dir/317ac7c94b.jpeg','2019-07-22 01:46:47','2021-07-07 15:28:08',NULL),(481,4,'https://some-server/dir/c20009d5b3.gif','2016-04-21 12:41:28','2021-07-07 15:28:08',NULL),(482,1,'https://some-server/dir/15185e3c40.avi','2004-06-11 01:51:52','2021-07-07 15:28:08',NULL),(483,1,'https://some-server/dir/ef646074f2.avi','1987-09-14 15:41:04','2021-07-07 15:28:08',NULL),(484,3,'https://some-server/dir/9e672d25c5.jpeg','2005-01-15 12:24:56','2021-07-07 15:28:08',NULL),(485,2,'https://some-server/dir/539bbe176c.wav','2014-08-27 06:45:09','2021-07-07 15:28:08',NULL),(486,2,'https://some-server/dir/bc03e3f6d5.wav','1995-01-06 20:13:13','2021-07-07 15:28:08',NULL),(487,4,'https://some-server/dir/58cae40f1b.gif','1984-01-27 19:06:31','2021-07-07 15:28:08',NULL),(488,4,'https://some-server/dir/3e970be1e0.gif','1972-10-18 21:28:23','2021-07-07 15:28:08',NULL),(489,2,'https://some-server/dir/1abce763b7.wav','2007-11-14 08:25:59','2021-07-07 15:28:08',NULL),(490,1,'https://some-server/dir/1e7b2b9617.avi','2005-11-03 09:41:25','2021-07-07 15:28:08',NULL),(491,1,'https://some-server/dir/79da035e7f.avi','1982-09-16 23:07:39','2021-07-07 15:28:08',NULL),(492,4,'https://some-server/dir/be069d09f1.gif','1986-09-13 21:10:54','2021-07-07 15:28:08',NULL),(493,4,'https://some-server/dir/bc80182289.gif','2006-12-13 20:29:39','2021-07-07 15:28:08',NULL),(494,4,'https://some-server/dir/123c23f3b8.gif','1975-09-16 17:59:28','2021-07-07 15:28:08',NULL),(495,1,'https://some-server/dir/ab73705029.avi','1992-07-22 23:39:45','2021-07-07 15:28:08',NULL),(496,3,'https://some-server/dir/98a6d2bf76.jpeg','1998-06-05 17:49:39','2021-07-07 15:28:08',NULL),(497,4,'https://some-server/dir/d39b09774a.gif','1993-11-05 00:49:30','2021-07-07 15:28:08',NULL),(498,3,'https://some-server/dir/e0a860c544.jpeg','1979-08-30 11:50:09','2021-07-07 15:28:08',NULL),(499,2,'https://some-server/dir/0d05e837fb.wav','2005-04-21 00:40:14','2021-07-07 15:28:08',NULL),(500,1,'https://some-server/dir/cc52aac5a8.avi','1978-12-17 16:51:36','2021-07-07 15:28:08',NULL),(501,4,'https://some-server/dir/4490b4830d.gif','2017-01-25 04:24:44','2021-07-07 15:28:08',NULL),(502,3,'https://some-server/dir/1f1b590310.jpeg','1992-04-11 02:12:54','2021-07-07 15:28:08',NULL),(503,2,'https://some-server/dir/3b9d710953.wav','1983-11-08 16:17:30','2021-07-07 15:28:08',NULL),(504,3,'https://some-server/dir/6e9f4bc374.jpeg','1996-08-31 02:19:27','2021-07-07 15:28:08',NULL),(505,3,'https://some-server/dir/1e5a29a908.jpeg','1975-11-07 17:59:58','2021-07-07 15:28:08',NULL),(506,2,'https://some-server/dir/6db287c49e.wav','2015-12-17 17:14:53','2021-07-07 15:28:08',NULL),(507,3,'https://some-server/dir/a2abdfc137.jpeg','1981-09-08 15:26:52','2021-07-07 15:28:08',NULL),(508,3,'https://some-server/dir/9516dde761.jpeg','1974-11-09 15:13:15','2021-07-07 15:28:08',NULL),(509,4,'https://some-server/dir/55b34c8768.gif','1971-04-08 23:39:52','2021-07-07 15:28:08',NULL),(510,3,'https://some-server/dir/4b08ebbeb0.jpeg','2014-09-30 17:55:54','2021-07-07 15:28:08',NULL),(511,3,'https://some-server/dir/aea205d0c9.jpeg','1982-12-11 07:52:33','2021-07-07 15:28:08',NULL),(512,4,'https://some-server/dir/15de7be16f.gif','2001-04-08 21:43:54','2021-07-07 15:28:08',NULL),(513,3,'https://some-server/dir/118132c138.jpeg','1975-06-12 14:42:28','2021-07-07 15:28:08',NULL),(514,3,'https://some-server/dir/460cc702e0.jpeg','1986-04-07 10:29:12','2021-07-07 15:28:08',NULL),(515,2,'https://some-server/dir/c7624c8068.wav','2013-06-10 10:42:01','2021-07-07 15:28:08',NULL),(516,3,'https://some-server/dir/f7ea42741b.jpeg','1975-07-16 18:38:58','2021-07-07 15:28:08',NULL),(517,2,'https://some-server/dir/01999dac00.wav','2003-02-10 21:33:47','2021-07-07 15:28:08',NULL),(518,4,'https://some-server/dir/99a1ca0b6e.gif','1996-11-25 18:07:00','2021-07-07 15:28:08',NULL),(519,2,'https://some-server/dir/0df6a43a21.wav','1973-05-03 04:42:59','2021-07-07 15:28:08',NULL),(520,4,'https://some-server/dir/a7ccd0db3f.gif','1993-08-23 01:58:18','2021-07-07 15:28:08',NULL),(521,2,'https://some-server/dir/9b2b95f40c.wav','2020-03-09 03:00:27','2021-07-07 15:28:08',NULL),(522,1,'https://some-server/dir/444e826980.avi','1977-03-25 02:58:10','2021-07-07 15:28:08',NULL),(523,4,'https://some-server/dir/48b1276b24.gif','2019-07-28 20:46:19','2021-07-07 15:28:08',NULL),(524,4,'https://some-server/dir/3cfb219e74.gif','2019-01-20 16:14:30','2021-07-07 15:28:08',NULL),(525,1,'https://some-server/dir/29a96fc08b.avi','2008-05-29 08:33:29','2021-07-07 15:28:08',NULL),(526,4,'https://some-server/dir/3fdbbdd19f.gif','1980-09-06 11:51:08','2021-07-07 15:28:08',NULL),(527,2,'https://some-server/dir/bd8a0b91c5.wav','1988-03-08 19:15:50','2021-07-07 15:28:08',NULL),(528,2,'https://some-server/dir/db7cbc7e70.wav','1984-05-31 03:57:25','2021-07-07 15:28:08',NULL),(529,1,'https://some-server/dir/b39b19a06b.avi','1986-03-22 07:24:52','2021-07-07 15:28:08',NULL),(530,1,'https://some-server/dir/e4fdb83bc8.avi','2016-08-27 22:54:05','2021-07-07 15:28:08',NULL),(531,2,'https://some-server/dir/e0eb6111af.wav','1981-07-03 18:12:32','2021-07-07 15:28:08',NULL),(532,1,'https://some-server/dir/dfb79dada1.avi','2004-04-19 13:26:08','2021-07-07 15:28:08',NULL),(533,1,'https://some-server/dir/700722c899.avi','1983-01-02 12:45:23','2021-07-07 15:28:08',NULL),(534,4,'https://some-server/dir/370e40f40e.gif','1975-07-26 04:55:43','2021-07-07 15:28:08',NULL),(535,1,'https://some-server/dir/65fa49e042.avi','1974-03-07 12:45:20','2021-07-07 15:28:08',NULL),(536,4,'https://some-server/dir/817f94db5e.gif','2016-11-14 21:06:34','2021-07-07 15:28:08',NULL),(537,2,'https://some-server/dir/6142cf2b50.wav','1984-10-15 21:37:34','2021-07-07 15:28:08',NULL),(538,2,'https://some-server/dir/4ae28f9710.wav','1981-11-14 20:19:41','2021-07-07 15:28:08',NULL),(539,4,'https://some-server/dir/6672c8d319.gif','1974-09-12 13:49:33','2021-07-07 15:28:08',NULL),(540,4,'https://some-server/dir/85d75c7437.gif','2001-09-05 19:14:45','2021-07-07 15:28:08',NULL),(541,2,'https://some-server/dir/8fd3f8c377.wav','1986-01-06 13:52:08','2021-07-07 15:28:08',NULL),(542,2,'https://some-server/dir/f4996ff024.wav','1981-05-14 09:13:18','2021-07-07 15:28:08',NULL),(543,1,'https://some-server/dir/02804aa716.avi','2005-11-12 18:37:43','2021-07-07 15:28:08',NULL),(544,2,'https://some-server/dir/1c6894d639.wav','1994-02-24 18:09:20','2021-07-07 15:28:08',NULL),(545,2,'https://some-server/dir/2a02daa384.wav','1970-04-27 04:30:25','2021-07-07 15:28:08',NULL),(546,3,'https://some-server/dir/0d733590d5.jpeg','1993-03-05 20:39:11','2021-07-07 15:28:08',NULL),(547,2,'https://some-server/dir/7e4221cd14.wav','1981-03-09 09:31:44','2021-07-07 15:28:08',NULL),(548,1,'https://some-server/dir/bedba7558f.avi','2003-05-08 06:59:19','2021-07-07 15:28:08',NULL),(549,1,'https://some-server/dir/7ad1439797.avi','2015-04-18 08:12:25','2021-07-07 15:28:08',NULL),(550,2,'https://some-server/dir/d78d09cbec.wav','1970-11-09 06:58:09','2021-07-07 15:28:08',NULL),(551,1,'https://some-server/dir/73a1455627.avi','1983-12-25 04:41:44','2021-07-07 15:28:08',NULL),(552,1,'https://some-server/dir/3f0da9eaf1.avi','1991-11-28 15:33:24','2021-07-07 15:28:08',NULL),(553,4,'https://some-server/dir/c7f345d315.gif','1985-06-15 17:30:20','2021-07-07 15:28:08',NULL),(554,1,'https://some-server/dir/4daebaf571.avi','1992-11-24 14:36:08','2021-07-07 15:28:08',NULL),(555,2,'https://some-server/dir/897c326f37.wav','1996-12-12 03:45:12','2021-07-07 15:28:08',NULL),(556,1,'https://some-server/dir/2eaecfa5d3.avi','1986-03-08 00:02:15','2021-07-07 15:28:08',NULL),(557,4,'https://some-server/dir/6cb0bd7f21.gif','1990-02-12 14:12:29','2021-07-07 15:28:08',NULL),(558,3,'https://some-server/dir/33c40d612c.jpeg','1976-08-13 01:52:27','2021-07-07 15:28:08',NULL),(559,2,'https://some-server/dir/bc83c45529.wav','2002-01-16 05:13:31','2021-07-07 15:28:08',NULL),(560,1,'https://some-server/dir/58bc537088.avi','1975-08-16 04:42:05','2021-07-07 15:28:08',NULL),(561,4,'https://some-server/dir/f50800bf19.gif','1980-10-01 05:05:37','2021-07-07 15:28:08',NULL),(562,4,'https://some-server/dir/77750e3402.gif','1989-10-25 04:59:29','2021-07-07 15:28:08',NULL),(563,2,'https://some-server/dir/804e65d390.wav','2008-04-15 22:51:59','2021-07-07 15:28:08',NULL),(564,3,'https://some-server/dir/823786fd33.jpeg','2006-02-19 18:02:59','2021-07-07 15:28:08',NULL),(565,4,'https://some-server/dir/4802661b77.gif','1982-10-21 11:21:32','2021-07-07 15:28:08',NULL),(566,3,'https://some-server/dir/6d54029915.jpeg','2001-01-04 14:12:03','2021-07-07 15:28:08',NULL),(567,2,'https://some-server/dir/16ba36b73a.wav','2005-08-01 03:52:51','2021-07-07 15:28:08',NULL),(568,3,'https://some-server/dir/3f5de8315c.jpeg','1989-05-12 03:55:52','2021-07-07 15:28:08',NULL),(569,3,'https://some-server/dir/3754a3253d.jpeg','1988-06-21 05:43:07','2021-07-07 15:28:08',NULL),(570,1,'https://some-server/dir/94a22d0eab.avi','2019-05-22 14:43:35','2021-07-07 15:28:08',NULL),(571,4,'https://some-server/dir/35fd147da3.gif','1999-08-26 11:53:32','2021-07-07 15:28:08',NULL),(572,1,'https://some-server/dir/893eec1037.avi','1979-08-04 14:24:42','2021-07-07 15:28:08',NULL),(573,2,'https://some-server/dir/0463d7f6d3.wav','2008-12-29 15:38:12','2021-07-07 15:28:08',NULL),(574,3,'https://some-server/dir/6c2b438ed4.jpeg','2019-07-05 07:09:50','2021-07-07 15:28:08',NULL),(575,4,'https://some-server/dir/4197ed7342.gif','1978-03-11 11:06:08','2021-07-07 15:28:08',NULL),(576,4,'https://some-server/dir/4150c72737.gif','1972-12-09 16:09:28','2021-07-07 15:28:08',NULL),(577,3,'https://some-server/dir/1b523464f0.jpeg','1985-01-11 06:47:46','2021-07-07 15:28:08',NULL),(578,3,'https://some-server/dir/ed5adaf59f.jpeg','1994-02-15 20:33:49','2021-07-07 15:28:08',NULL),(579,3,'https://some-server/dir/5f3f2fa586.jpeg','1970-01-01 23:04:40','2021-07-07 15:28:08',NULL),(580,2,'https://some-server/dir/dde1a71a9e.wav','2007-10-05 15:40:00','2021-07-07 15:28:08',NULL),(581,4,'https://some-server/dir/bf859fcf09.gif','2003-09-05 04:05:25','2021-07-07 15:28:08',NULL),(582,2,'https://some-server/dir/de90f1bf44.wav','1974-07-30 23:21:16','2021-07-07 15:28:08',NULL),(583,4,'https://some-server/dir/9c2c801ca3.gif','1985-09-20 18:53:09','2021-07-07 15:28:08',NULL),(584,3,'https://some-server/dir/1bed08e442.jpeg','1980-06-10 04:12:43','2021-07-07 15:28:08',NULL),(585,4,'https://some-server/dir/407b6658fe.gif','1970-04-12 01:50:06','2021-07-07 15:28:08',NULL),(586,3,'https://some-server/dir/99c6681ab2.jpeg','1996-04-23 22:25:29','2021-07-07 15:28:08',NULL),(587,4,'https://some-server/dir/7f4bb7fce4.gif','1971-11-09 01:18:28','2021-07-07 15:28:08',NULL),(588,4,'https://some-server/dir/dbfd065f24.gif','1978-12-10 15:21:13','2021-07-07 15:28:08',NULL),(589,3,'https://some-server/dir/cac7cd11f6.jpeg','1988-12-09 13:50:39','2021-07-07 15:28:08',NULL),(590,2,'https://some-server/dir/f99765e8c4.wav','1970-05-11 00:06:49','2021-07-07 15:28:08',NULL),(591,4,'https://some-server/dir/f573e1c8a8.gif','1983-09-27 19:09:10','2021-07-07 15:28:08',NULL),(592,3,'https://some-server/dir/6e6314d96f.jpeg','1984-10-30 06:18:55','2021-07-07 15:28:08',NULL),(593,1,'https://some-server/dir/6469623a93.avi','2003-11-17 23:54:54','2021-07-07 15:28:08',NULL),(594,3,'https://some-server/dir/65c675b03d.jpeg','2020-09-21 03:24:46','2021-07-07 15:28:08',NULL),(595,4,'https://some-server/dir/ce3e248438.gif','1980-04-09 09:10:06','2021-07-07 15:28:08',NULL),(596,3,'https://some-server/dir/15a3bb18c4.jpeg','2005-11-15 10:10:34','2021-07-07 15:28:08',NULL),(597,2,'https://some-server/dir/a305a10573.wav','1988-01-25 01:59:24','2021-07-07 15:28:08',NULL),(598,4,'https://some-server/dir/a8578ac546.gif','1986-04-04 19:08:02','2021-07-07 15:28:08',NULL),(599,1,'https://some-server/dir/f486326c11.avi','1988-10-11 01:02:22','2021-07-07 15:28:08',NULL),(600,3,'https://some-server/dir/2b4e3f3604.jpeg','1972-05-18 16:57:19','2021-07-07 15:28:08',NULL),(601,1,'https://some-server/dir/7975f329e7.avi','1973-09-17 21:43:09','2021-07-07 15:28:08',NULL),(602,2,'https://some-server/dir/b6fe0b3191.wav','2009-09-22 01:16:27','2021-07-07 15:28:08',NULL),(603,1,'https://some-server/dir/78406b751f.avi','2016-02-01 01:12:05','2021-07-07 15:28:08',NULL),(604,4,'https://some-server/dir/cfe01f5ad8.gif','1978-12-30 13:34:15','2021-07-07 15:28:08',NULL),(605,4,'https://some-server/dir/e4a859285b.gif','1980-01-24 02:37:58','2021-07-07 15:28:08',NULL),(606,1,'https://some-server/dir/f8a9ca560d.avi','2012-01-11 14:37:14','2021-07-07 15:28:08',NULL),(607,2,'https://some-server/dir/53739f5747.wav','1987-10-03 22:00:12','2021-07-07 15:28:08',NULL),(608,3,'https://some-server/dir/e6cd36f237.jpeg','1987-02-03 21:53:41','2021-07-07 15:28:08',NULL),(609,1,'https://some-server/dir/af6249df90.avi','1993-02-20 08:46:11','2021-07-07 15:28:08',NULL),(610,4,'https://some-server/dir/6b0737d6d5.gif','1999-12-11 03:57:26','2021-07-07 15:28:08',NULL),(611,3,'https://some-server/dir/b93297935a.jpeg','1990-11-07 18:19:54','2021-07-07 15:28:08',NULL),(612,1,'https://some-server/dir/4ad239b0cc.avi','2008-08-18 08:10:30','2021-07-07 15:28:08',NULL),(613,2,'https://some-server/dir/36975b30f2.wav','1996-04-10 02:01:08','2021-07-07 15:28:08',NULL),(614,2,'https://some-server/dir/56c0a103ef.wav','2010-06-10 13:18:23','2021-07-07 15:28:08',NULL),(615,2,'https://some-server/dir/87940bb9db.wav','1978-10-21 09:08:20','2021-07-07 15:28:08',NULL),(616,3,'https://some-server/dir/17ec93c580.jpeg','2018-03-02 03:25:05','2021-07-07 15:28:08',NULL),(617,3,'https://some-server/dir/4ee524ddd5.jpeg','1988-02-13 09:20:32','2021-07-07 15:28:08',NULL),(618,3,'https://some-server/dir/96fc811f96.jpeg','1983-04-18 17:17:41','2021-07-07 15:28:08',NULL),(619,4,'https://some-server/dir/0da2a44273.gif','1980-01-20 17:42:15','2021-07-07 15:28:08',NULL),(620,4,'https://some-server/dir/eadc99137a.gif','1979-10-13 00:04:54','2021-07-07 15:28:08',NULL),(621,2,'https://some-server/dir/ea8fafc404.wav','1992-07-14 12:40:03','2021-07-07 15:28:08',NULL),(622,1,'https://some-server/dir/acba67ac34.avi','2016-02-23 02:11:16','2021-07-07 15:28:08',NULL),(623,3,'https://some-server/dir/e3218c9a2c.jpeg','1993-07-29 03:47:35','2021-07-07 15:28:08',NULL),(624,2,'https://some-server/dir/bdbf644186.wav','2015-05-19 16:05:26','2021-07-07 15:28:08',NULL),(625,1,'https://some-server/dir/80cec1dd55.avi','2016-04-16 22:52:22','2021-07-07 15:28:08',NULL),(626,4,'https://some-server/dir/d48efd1d5e.gif','1997-11-03 12:15:02','2021-07-07 15:28:08',NULL),(627,3,'https://some-server/dir/934a31aec6.jpeg','1973-09-24 23:51:31','2021-07-07 15:28:08',NULL),(628,2,'https://some-server/dir/bc5b240f17.wav','2004-09-20 10:16:55','2021-07-07 15:28:08',NULL),(629,1,'https://some-server/dir/c9e61e712f.avi','2010-01-12 00:18:55','2021-07-07 15:28:08',NULL),(630,3,'https://some-server/dir/954798c686.jpeg','2014-12-26 11:31:51','2021-07-07 15:28:08',NULL),(631,1,'https://some-server/dir/7291403151.avi','1974-07-25 22:33:16','2021-07-07 15:28:08',NULL),(632,3,'https://some-server/dir/d032cd1533.jpeg','2006-10-06 19:18:03','2021-07-07 15:28:08',NULL),(633,3,'https://some-server/dir/a381e71594.jpeg','2010-05-30 11:48:35','2021-07-07 15:28:08',NULL),(634,3,'https://some-server/dir/487f2da39a.jpeg','1986-12-04 19:36:33','2021-07-07 15:28:08',NULL),(635,1,'https://some-server/dir/f447bc12bf.avi','1997-09-04 19:04:34','2021-07-07 15:28:08',NULL),(636,1,'https://some-server/dir/1f4696d5a9.avi','2017-06-25 17:12:47','2021-07-07 15:28:08',NULL),(637,3,'https://some-server/dir/10fa8fa594.jpeg','1973-03-31 22:16:11','2021-07-07 15:28:08',NULL),(638,1,'https://some-server/dir/2e9bfd6acd.avi','2017-06-26 09:44:19','2021-07-07 15:28:08',NULL),(639,2,'https://some-server/dir/a0e29ee4bc.wav','1975-01-04 05:06:25','2021-07-07 15:28:08',NULL),(640,3,'https://some-server/dir/214030456e.jpeg','1994-04-06 21:52:43','2021-07-07 15:28:08',NULL),(641,2,'https://some-server/dir/8d1356f67a.wav','2008-04-08 07:58:13','2021-07-07 15:28:08',NULL),(642,2,'https://some-server/dir/0acd7569c0.wav','1978-11-13 15:41:05','2021-07-07 15:28:08',NULL),(643,3,'https://some-server/dir/614ce90bde.jpeg','1983-12-22 03:24:05','2021-07-07 15:28:08',NULL),(644,2,'https://some-server/dir/39986ed805.wav','1995-01-12 16:18:14','2021-07-07 15:28:08',NULL),(645,2,'https://some-server/dir/2400946d1e.wav','2021-01-02 04:04:51','2021-07-07 15:28:08',NULL),(646,2,'https://some-server/dir/c14987298c.wav','2003-10-13 01:56:14','2021-07-07 15:28:08',NULL),(647,2,'https://some-server/dir/2575f97178.wav','2002-05-26 16:19:42','2021-07-07 15:28:08',NULL),(648,1,'https://some-server/dir/54fe65dcfb.avi','1992-05-19 17:09:27','2021-07-07 15:28:08',NULL),(649,2,'https://some-server/dir/10846fe92f.wav','2016-06-24 17:24:15','2021-07-07 15:28:08',NULL),(650,4,'https://some-server/dir/3c579d50e8.gif','1987-06-11 01:19:18','2021-07-07 15:28:08',NULL),(651,3,'https://some-server/dir/e4c08022bb.jpeg','2012-01-10 12:30:04','2021-07-07 15:28:08',NULL),(652,2,'https://some-server/dir/0146dcced5.wav','2019-11-08 22:40:24','2021-07-07 15:28:08',NULL),(653,1,'https://some-server/dir/7a2f7a2703.avi','2016-06-17 10:41:02','2021-07-07 15:28:08',NULL),(654,1,'https://some-server/dir/3989a0570d.avi','2016-09-19 03:37:25','2021-07-07 15:28:08',NULL),(655,2,'https://some-server/dir/a6af90c0b4.wav','1995-03-17 07:57:16','2021-07-07 15:28:08',NULL),(656,4,'https://some-server/dir/4ce472e0d1.gif','1984-03-28 16:37:25','2021-07-07 15:28:08',NULL),(657,4,'https://some-server/dir/b860643325.gif','1980-09-02 01:47:18','2021-07-07 15:28:08',NULL),(658,3,'https://some-server/dir/3cddec49f4.jpeg','1978-11-13 22:20:39','2021-07-07 15:28:08',NULL),(659,4,'https://some-server/dir/bbd9bb279a.gif','1978-07-08 09:16:40','2021-07-07 15:28:08',NULL),(660,2,'https://some-server/dir/2d0bf7199f.wav','2005-04-01 02:27:43','2021-07-07 15:28:08',NULL),(661,2,'https://some-server/dir/6309f0e9a3.wav','1975-04-30 13:38:26','2021-07-07 15:28:08',NULL),(662,4,'https://some-server/dir/7ec3fb8b1c.gif','1988-12-25 18:57:15','2021-07-07 15:28:08',NULL),(663,3,'https://some-server/dir/1b7635feeb.jpeg','2006-12-17 09:38:30','2021-07-07 15:28:08',NULL),(664,2,'https://some-server/dir/63279a63c9.wav','2005-05-11 02:11:49','2021-07-07 15:28:08',NULL),(665,3,'https://some-server/dir/b377478c4d.jpeg','2004-11-13 10:03:02','2021-07-07 15:28:08',NULL),(666,1,'https://some-server/dir/dc3975499f.avi','2003-10-27 02:35:04','2021-07-07 15:28:08',NULL),(667,4,'https://some-server/dir/cf483b7f70.gif','2006-01-04 07:13:20','2021-07-07 15:28:08',NULL),(668,1,'https://some-server/dir/e42758af98.avi','2020-11-10 06:39:20','2021-07-07 15:28:08',NULL),(669,4,'https://some-server/dir/23056a2eff.gif','2015-03-21 20:30:34','2021-07-07 15:28:08',NULL),(670,1,'https://some-server/dir/c6e427e1db.avi','2009-01-26 21:12:52','2021-07-07 15:28:08',NULL),(671,2,'https://some-server/dir/a1c8e91516.wav','2008-04-12 11:28:16','2021-07-07 15:28:08',NULL),(672,4,'https://some-server/dir/d5be9d0006.gif','2008-01-09 07:26:47','2021-07-07 15:28:08',NULL),(673,2,'https://some-server/dir/02f5f6fc00.wav','1977-06-09 03:53:47','2021-07-07 15:28:08',NULL),(674,4,'https://some-server/dir/062aed870d.gif','2016-06-13 00:40:41','2021-07-07 15:28:08',NULL),(675,3,'https://some-server/dir/20d8fbaf37.jpeg','1993-05-07 01:35:55','2021-07-07 15:28:08',NULL),(676,3,'https://some-server/dir/eef8861923.jpeg','2002-04-28 20:31:13','2021-07-07 15:28:08',NULL),(677,2,'https://some-server/dir/e3b0248ee5.wav','2001-06-19 18:31:00','2021-07-07 15:28:08',NULL),(678,1,'https://some-server/dir/5f6272d7a4.avi','2018-09-19 11:17:37','2021-07-07 15:28:08',NULL),(679,3,'https://some-server/dir/2ce72aa6da.jpeg','1994-02-17 04:25:30','2021-07-07 15:28:08',NULL),(680,4,'https://some-server/dir/edf7be62c3.gif','2019-04-25 14:52:02','2021-07-07 15:28:08',NULL),(681,2,'https://some-server/dir/93cde03793.wav','1976-10-28 13:00:33','2021-07-07 15:28:08',NULL),(682,1,'https://some-server/dir/ee1fcc4846.avi','1981-01-12 05:34:51','2021-07-07 15:28:08',NULL),(683,4,'https://some-server/dir/b88d6a5e8d.gif','2020-04-26 21:16:08','2021-07-07 15:28:08',NULL),(684,3,'https://some-server/dir/5958b0d692.jpeg','1998-12-09 20:57:00','2021-07-07 15:28:08',NULL),(685,1,'https://some-server/dir/1742b835eb.avi','2007-09-18 17:42:27','2021-07-07 15:28:08',NULL),(686,4,'https://some-server/dir/60f50c68be.gif','1997-12-01 12:42:42','2021-07-07 15:28:08',NULL),(687,2,'https://some-server/dir/6d523cf977.wav','2016-09-25 03:43:09','2021-07-07 15:28:08',NULL),(688,4,'https://some-server/dir/98f6bac32e.gif','2000-05-26 16:46:25','2021-07-07 15:28:08',NULL),(689,4,'https://some-server/dir/2b9b3ea787.gif','2002-07-22 05:43:27','2021-07-07 15:28:08',NULL),(690,1,'https://some-server/dir/5ecf91f636.avi','1995-11-07 01:09:16','2021-07-07 15:28:08',NULL),(691,3,'https://some-server/dir/c991f0838e.jpeg','1999-04-05 07:54:28','2021-07-07 15:28:08',NULL),(692,3,'https://some-server/dir/a188086783.jpeg','2002-01-23 21:15:57','2021-07-07 15:28:08',NULL),(693,2,'https://some-server/dir/278d788487.wav','1974-04-10 13:52:57','2021-07-07 15:28:08',NULL),(694,2,'https://some-server/dir/f5832a9097.wav','1986-01-30 14:08:14','2021-07-07 15:28:08',NULL),(695,1,'https://some-server/dir/a54ff1d164.avi','2017-04-26 11:23:56','2021-07-07 15:28:08',NULL),(696,3,'https://some-server/dir/ba33764d66.jpeg','1987-10-07 13:31:44','2021-07-07 15:28:08',NULL),(697,3,'https://some-server/dir/e377307691.jpeg','2013-10-27 21:29:19','2021-07-07 15:28:08',NULL),(698,2,'https://some-server/dir/95fbe58034.wav','1978-09-27 21:44:07','2021-07-07 15:28:08',NULL),(699,2,'https://some-server/dir/fa7d207335.wav','1989-01-10 18:09:24','2021-07-07 15:28:08',NULL),(700,2,'https://some-server/dir/764a16f8d2.wav','1980-04-23 22:44:43','2021-07-07 15:28:08',NULL),(701,1,'https://some-server/dir/5010be337a.avi','2001-10-06 16:53:43','2021-07-07 15:28:08',NULL),(702,1,'https://some-server/dir/64f3646622.avi','1981-08-16 03:50:49','2021-07-07 15:28:08',NULL),(703,4,'https://some-server/dir/e6d2d2c4ec.gif','1984-01-30 19:47:30','2021-07-07 15:28:08',NULL),(704,4,'https://some-server/dir/69b726a074.gif','2002-05-28 11:07:55','2021-07-07 15:28:08',NULL),(705,2,'https://some-server/dir/45da20f4f8.wav','1992-08-04 17:28:33','2021-07-07 15:28:08',NULL),(706,1,'https://some-server/dir/c4acdc382d.avi','1970-10-09 02:50:03','2021-07-07 15:28:08',NULL),(707,2,'https://some-server/dir/674b3b065b.wav','1978-07-13 02:02:39','2021-07-07 15:28:08',NULL),(708,2,'https://some-server/dir/2a41189e0d.wav','1987-10-02 10:28:33','2021-07-07 15:28:08',NULL),(709,1,'https://some-server/dir/b1ebeb47d0.avi','2003-03-12 21:27:43','2021-07-07 15:28:08',NULL),(710,2,'https://some-server/dir/0e73656f05.wav','1989-12-11 21:06:19','2021-07-07 15:28:08',NULL),(711,2,'https://some-server/dir/4b445772d1.wav','1984-09-04 13:02:39','2021-07-07 15:28:08',NULL),(712,3,'https://some-server/dir/3645c2425d.jpeg','2016-05-02 21:23:06','2021-07-07 15:28:08',NULL),(713,4,'https://some-server/dir/c2f0c51ea5.gif','2008-12-15 05:40:59','2021-07-07 15:28:08',NULL),(714,2,'https://some-server/dir/51f99153e1.wav','1980-08-23 20:17:59','2021-07-07 15:28:08',NULL),(715,2,'https://some-server/dir/e6d034cb4b.wav','1973-05-13 22:18:36','2021-07-07 15:28:08',NULL),(716,4,'https://some-server/dir/8cfca8f29e.gif','2012-09-05 06:00:49','2021-07-07 15:28:08',NULL),(717,1,'https://some-server/dir/5f9a1f56a8.avi','1992-07-15 20:45:10','2021-07-07 15:28:08',NULL),(718,2,'https://some-server/dir/fc22c81531.wav','2012-06-16 21:28:50','2021-07-07 15:28:08',NULL),(719,4,'https://some-server/dir/6e766840aa.gif','1977-07-30 02:23:20','2021-07-07 15:28:08',NULL),(720,4,'https://some-server/dir/b7f9edee03.gif','1980-02-10 11:58:19','2021-07-07 15:28:08',NULL),(721,3,'https://some-server/dir/74aeada5c0.jpeg','1971-04-08 13:42:34','2021-07-07 15:28:08',NULL),(722,2,'https://some-server/dir/d08bd8619e.wav','1990-05-02 16:37:34','2021-07-07 15:28:08',NULL),(723,2,'https://some-server/dir/006e6d4b97.wav','2016-07-19 14:00:02','2021-07-07 15:28:08',NULL),(724,3,'https://some-server/dir/723b62032b.jpeg','2008-07-28 01:13:07','2021-07-07 15:28:08',NULL),(725,1,'https://some-server/dir/2bceca84b4.avi','1978-06-29 10:08:25','2021-07-07 15:28:08',NULL),(726,4,'https://some-server/dir/6585207799.gif','2016-11-14 00:24:13','2021-07-07 15:28:08',NULL),(727,1,'https://some-server/dir/ecef2887d9.avi','1977-03-08 13:18:39','2021-07-07 15:28:08',NULL),(728,2,'https://some-server/dir/0b387ca6c1.wav','2002-06-24 06:26:42','2021-07-07 15:28:08',NULL),(729,1,'https://some-server/dir/d37983d418.avi','1972-04-19 20:35:49','2021-07-07 15:28:08',NULL),(730,1,'https://some-server/dir/abca5ca50f.avi','1998-05-11 21:13:21','2021-07-07 15:28:08',NULL),(731,4,'https://some-server/dir/b341a12d4d.gif','1988-12-05 17:31:42','2021-07-07 15:28:08',NULL),(732,2,'https://some-server/dir/ec39bb6e4e.wav','1989-12-22 04:21:50','2021-07-07 15:28:08',NULL),(733,2,'https://some-server/dir/5a222d0aa2.wav','2020-01-31 21:01:28','2021-07-07 15:28:08',NULL),(734,4,'https://some-server/dir/395435ba59.gif','2011-11-28 19:45:17','2021-07-07 15:28:08',NULL),(735,3,'https://some-server/dir/dd5333cb61.jpeg','2017-05-17 11:27:02','2021-07-07 15:28:08',NULL),(736,1,'https://some-server/dir/de1ec40584.avi','2003-01-06 14:05:49','2021-07-07 15:28:08',NULL),(737,2,'https://some-server/dir/0d57da10e2.wav','1987-07-08 05:57:48','2021-07-07 15:28:08',NULL),(738,2,'https://some-server/dir/b99c5a76b3.wav','1997-08-21 12:13:17','2021-07-07 15:28:08',NULL),(739,1,'https://some-server/dir/0381008d09.avi','1985-12-17 09:16:33','2021-07-07 15:28:08',NULL),(740,4,'https://some-server/dir/84bb2826e5.gif','2001-06-11 13:14:52','2021-07-07 15:28:08',NULL),(741,2,'https://some-server/dir/5041a2099a.wav','1996-06-09 19:45:01','2021-07-07 15:28:08',NULL),(742,1,'https://some-server/dir/cb75034b1e.avi','1993-07-18 17:34:46','2021-07-07 15:28:08',NULL),(743,1,'https://some-server/dir/5e34c1522c.avi','1994-05-23 20:40:16','2021-07-07 15:28:08',NULL),(744,4,'https://some-server/dir/9eef34c51a.gif','2001-08-09 03:20:31','2021-07-07 15:28:08',NULL),(745,4,'https://some-server/dir/656058625e.gif','1985-01-04 20:35:23','2021-07-07 15:28:08',NULL),(746,4,'https://some-server/dir/c1088ac726.gif','2010-03-20 10:28:23','2021-07-07 15:28:08',NULL),(747,3,'https://some-server/dir/ef4160be94.jpeg','2010-03-05 02:13:14','2021-07-07 15:28:08',NULL),(748,4,'https://some-server/dir/1f83cd6b02.gif','2006-12-04 00:09:18','2021-07-07 15:28:08',NULL),(749,1,'https://some-server/dir/239dcbd7e3.avi','1978-06-19 01:58:52','2021-07-07 15:28:08',NULL),(750,1,'https://some-server/dir/41c6bea697.avi','2013-04-25 03:07:49','2021-07-07 15:28:08',NULL),(751,3,'https://some-server/dir/76898f0fe5.jpeg','1992-08-03 12:29:13','2021-07-07 15:28:08',NULL),(752,2,'https://some-server/dir/6807dd070c.wav','1995-12-20 14:54:58','2021-07-07 15:28:08',NULL),(753,1,'https://some-server/dir/b34c089111.avi','1997-04-09 23:24:27','2021-07-07 15:28:08',NULL),(754,4,'https://some-server/dir/dc8ee1c63f.gif','2019-01-16 00:26:03','2021-07-07 15:28:08',NULL),(755,4,'https://some-server/dir/4bdc815f78.gif','1994-11-30 04:04:44','2021-07-07 15:28:08',NULL),(756,4,'https://some-server/dir/821e7fe678.gif','1985-07-08 13:00:40','2021-07-07 15:28:08',NULL),(757,4,'https://some-server/dir/e936ed5260.gif','1974-09-25 08:13:19','2021-07-07 15:28:08',NULL),(758,4,'https://some-server/dir/2518839cc9.gif','2019-06-08 17:58:39','2021-07-07 15:28:08',NULL),(759,1,'https://some-server/dir/91a4ebfd25.avi','1997-06-24 22:28:54','2021-07-07 15:28:08',NULL),(760,4,'https://some-server/dir/60a5ff24fc.gif','1999-05-26 04:06:24','2021-07-07 15:28:08',NULL),(761,3,'https://some-server/dir/53d32f3a14.jpeg','1999-10-01 22:34:52','2021-07-07 15:28:08',NULL),(762,3,'https://some-server/dir/aab60d487d.jpeg','1971-03-14 22:00:43','2021-07-07 15:28:08',NULL),(763,3,'https://some-server/dir/07c2905535.jpeg','2006-04-14 04:45:33','2021-07-07 15:28:08',NULL),(764,1,'https://some-server/dir/cc0cbede0a.avi','2000-11-04 21:32:20','2021-07-07 15:28:08',NULL),(765,2,'https://some-server/dir/64ec79dd67.wav','2008-01-24 06:22:10','2021-07-07 15:28:08',NULL),(766,3,'https://some-server/dir/f8f5ea5d12.jpeg','2012-01-18 05:21:43','2021-07-07 15:28:08',NULL),(767,4,'https://some-server/dir/9430adfb30.gif','1998-05-11 23:51:27','2021-07-07 15:28:08',NULL),(768,2,'https://some-server/dir/c945afd0b9.wav','1981-12-07 08:40:25','2021-07-07 15:28:08',NULL),(769,2,'https://some-server/dir/565685ba89.wav','1997-10-15 00:19:44','2021-07-07 15:28:08',NULL),(770,2,'https://some-server/dir/3c0b41b0c0.wav','1973-08-22 16:13:00','2021-07-07 15:28:08',NULL),(771,3,'https://some-server/dir/ee2952e5c0.jpeg','2016-05-12 19:00:57','2021-07-07 15:28:08',NULL),(772,3,'https://some-server/dir/ddc6fa0c29.jpeg','1980-07-05 18:48:20','2021-07-07 15:28:08',NULL),(773,4,'https://some-server/dir/1f817d2919.gif','2015-12-28 23:20:31','2021-07-07 15:28:08',NULL),(774,1,'https://some-server/dir/58077738ef.avi','2019-11-01 23:44:30','2021-07-07 15:28:08',NULL),(775,1,'https://some-server/dir/f9874647a7.avi','1993-10-28 09:38:56','2021-07-07 15:28:08',NULL),(776,1,'https://some-server/dir/a54d6b420a.avi','1981-09-30 05:22:25','2021-07-07 15:28:08',NULL),(777,3,'https://some-server/dir/470c9a9b2f.jpeg','1992-05-27 09:47:37','2021-07-07 15:28:08',NULL),(778,4,'https://some-server/dir/90391583ce.gif','1974-01-02 18:39:29','2021-07-07 15:28:08',NULL),(779,3,'https://some-server/dir/648943e91c.jpeg','1993-06-15 07:20:32','2021-07-07 15:28:08',NULL),(780,1,'https://some-server/dir/30d8ac562b.avi','2009-11-03 11:40:23','2021-07-07 15:28:08',NULL),(781,4,'https://some-server/dir/a467724cc5.gif','1978-01-08 00:47:44','2021-07-07 15:28:08',NULL),(782,4,'https://some-server/dir/6f97ed0ae2.gif','2015-05-17 12:52:54','2021-07-07 15:28:08',NULL),(783,1,'https://some-server/dir/9b4d546a28.avi','2015-08-24 05:29:07','2021-07-07 15:28:08',NULL),(784,1,'https://some-server/dir/88ab73b61e.avi','1977-09-04 13:47:10','2021-07-07 15:28:08',NULL),(785,4,'https://some-server/dir/c14fb06635.gif','1995-06-14 21:27:39','2021-07-07 15:28:08',NULL),(786,1,'https://some-server/dir/e12026d735.avi','2000-01-18 21:22:52','2021-07-07 15:28:08',NULL),(787,3,'https://some-server/dir/6ea4a5a582.jpeg','2008-11-17 05:39:08','2021-07-07 15:28:08',NULL),(788,1,'https://some-server/dir/24b26a3bf0.avi','1981-02-09 00:33:47','2021-07-07 15:28:08',NULL),(789,2,'https://some-server/dir/b7bdeed4b0.wav','2008-11-04 21:06:23','2021-07-07 15:28:08',NULL),(790,4,'https://some-server/dir/343126d6aa.gif','1980-08-29 13:49:51','2021-07-07 15:28:08',NULL),(791,2,'https://some-server/dir/7cb9f689e2.wav','2014-08-13 07:27:53','2021-07-07 15:28:08',NULL),(792,3,'https://some-server/dir/e1211e38c0.jpeg','2015-04-12 19:11:50','2021-07-07 15:28:08',NULL),(793,1,'https://some-server/dir/b3fd01429a.avi','1998-08-22 21:03:32','2021-07-07 15:28:08',NULL),(794,4,'https://some-server/dir/832cffb0f4.gif','1974-04-22 02:37:35','2021-07-07 15:28:08',NULL),(795,4,'https://some-server/dir/a3023d2cf1.gif','1989-10-23 18:03:04','2021-07-07 15:28:08',NULL),(796,3,'https://some-server/dir/4c60743c21.jpeg','2014-01-06 03:57:45','2021-07-07 15:28:08',NULL),(797,4,'https://some-server/dir/449e6da571.gif','2007-07-17 09:18:14','2021-07-07 15:28:08',NULL),(798,3,'https://some-server/dir/8fe094a94e.jpeg','1997-04-08 02:48:48','2021-07-07 15:28:08',NULL),(799,4,'https://some-server/dir/590fd7848e.gif','1983-08-31 15:55:21','2021-07-07 15:28:08',NULL),(800,3,'https://some-server/dir/368c1ece4d.jpeg','2000-03-27 13:02:37','2021-07-07 15:28:08',NULL),(801,2,'https://some-server/dir/7e9fddcc40.wav','2021-06-09 16:40:22','2021-07-07 15:28:08',NULL),(802,3,'https://some-server/dir/2b400cc23a.jpeg','1980-08-12 15:01:26','2021-07-07 15:28:08',NULL),(803,4,'https://some-server/dir/1d95ef1788.gif','2006-01-22 22:01:30','2021-07-07 15:28:08',NULL),(804,2,'https://some-server/dir/af2223e38f.wav','2000-06-14 01:11:22','2021-07-07 15:28:08',NULL),(805,4,'https://some-server/dir/19fd8bed6e.gif','2013-12-08 18:58:15','2021-07-07 15:28:08',NULL),(806,1,'https://some-server/dir/ff0c75754a.avi','2007-02-21 13:52:00','2021-07-07 15:28:08',NULL),(807,3,'https://some-server/dir/4a27db1080.jpeg','1980-03-01 06:50:44','2021-07-07 15:28:08',NULL),(808,1,'https://some-server/dir/0d44f9d5ea.avi','1979-05-18 10:42:10','2021-07-07 15:28:08',NULL),(809,1,'https://some-server/dir/bb04ded912.avi','1984-02-08 04:05:10','2021-07-07 15:28:08',NULL),(810,2,'https://some-server/dir/b16897a6fa.wav','2014-05-27 05:57:21','2021-07-07 15:28:08',NULL),(811,4,'https://some-server/dir/908407a8ca.gif','1997-09-18 04:12:06','2021-07-07 15:28:08',NULL),(812,1,'https://some-server/dir/2b5021ac53.avi','2003-10-26 18:16:03','2021-07-07 15:28:08',NULL),(813,3,'https://some-server/dir/901ef39f8f.jpeg','1981-11-04 17:00:11','2021-07-07 15:28:08',NULL),(814,3,'https://some-server/dir/86a6b6279c.jpeg','2017-09-05 11:09:18','2021-07-07 15:28:08',NULL),(815,2,'https://some-server/dir/646fe7a08a.wav','2001-10-15 07:18:13','2021-07-07 15:28:08',NULL),(816,1,'https://some-server/dir/32b17ff57b.avi','1983-06-23 01:11:17','2021-07-07 15:28:08',NULL),(817,2,'https://some-server/dir/83c022b292.wav','1983-01-16 03:37:37','2021-07-07 15:28:08',NULL),(818,2,'https://some-server/dir/3cf70b9a19.wav','2017-08-28 04:52:43','2021-07-07 15:28:08',NULL),(819,1,'https://some-server/dir/bd63c1cbae.avi','2010-01-05 18:51:54','2021-07-07 15:28:08',NULL),(820,2,'https://some-server/dir/51f0116974.wav','2018-02-06 10:59:05','2021-07-07 15:28:08',NULL),(821,1,'https://some-server/dir/d4ea056b7e.avi','2009-06-28 05:46:04','2021-07-07 15:28:08',NULL),(822,4,'https://some-server/dir/89ec49a9da.gif','2012-04-16 04:41:08','2021-07-07 15:28:08',NULL),(823,1,'https://some-server/dir/18a3dbe96d.avi','1992-05-21 09:03:36','2021-07-07 15:28:08',NULL),(824,1,'https://some-server/dir/8e4def7ed9.avi','1970-07-18 05:24:31','2021-07-07 15:28:08',NULL),(825,1,'https://some-server/dir/0d1f3bb062.avi','2016-03-23 10:48:55','2021-07-07 15:28:08',NULL),(826,4,'https://some-server/dir/a04cf37d18.gif','1973-10-04 18:12:33','2021-07-07 15:28:08',NULL),(827,3,'https://some-server/dir/5ccd59d2ce.jpeg','2007-10-18 19:00:49','2021-07-07 15:28:08',NULL),(828,4,'https://some-server/dir/c6d74740c7.gif','1999-05-19 02:45:03','2021-07-07 15:28:08',NULL),(829,3,'https://some-server/dir/0db1a8fe6a.jpeg','1992-11-28 02:45:42','2021-07-07 15:28:08',NULL),(830,3,'https://some-server/dir/de24f0df61.jpeg','1973-03-22 01:16:18','2021-07-07 15:28:08',NULL),(831,2,'https://some-server/dir/0416667dde.wav','2013-11-04 13:12:33','2021-07-07 15:28:08',NULL),(832,2,'https://some-server/dir/b90d9fdf25.wav','2014-07-18 08:25:01','2021-07-07 15:28:08',NULL),(833,4,'https://some-server/dir/bac69659f6.gif','2002-12-18 04:26:07','2021-07-07 15:28:08',NULL),(834,3,'https://some-server/dir/ac8587067b.jpeg','2016-02-17 12:23:31','2021-07-07 15:28:08',NULL),(835,3,'https://some-server/dir/fe8c150a10.jpeg','1987-10-24 12:23:51','2021-07-07 15:28:08',NULL),(836,4,'https://some-server/dir/16afb9f00d.gif','1977-07-18 00:31:01','2021-07-07 15:28:08',NULL),(837,2,'https://some-server/dir/504630cc57.wav','1983-10-30 02:36:53','2021-07-07 15:28:08',NULL),(838,1,'https://some-server/dir/83566e1591.avi','2021-03-21 16:09:37','2021-07-07 15:28:08',NULL),(839,2,'https://some-server/dir/c30ecc8768.wav','1993-08-03 09:21:03','2021-07-07 15:28:08',NULL),(840,4,'https://some-server/dir/6b1e72804c.gif','1981-05-17 07:35:06','2021-07-07 15:28:08',NULL),(841,1,'https://some-server/dir/0aa1cb1827.avi','1988-06-04 03:16:10','2021-07-07 15:28:08',NULL),(842,4,'https://some-server/dir/6329d4e84d.gif','1993-11-04 21:03:43','2021-07-07 15:28:08',NULL),(843,3,'https://some-server/dir/1ed11a5a9a.jpeg','1981-02-26 05:14:59','2021-07-07 15:28:08',NULL),(844,1,'https://some-server/dir/343a7aa1c8.avi','1972-10-29 04:11:02','2021-07-07 15:28:08',NULL),(845,1,'https://some-server/dir/8b19fdc1de.avi','1981-01-03 17:13:54','2021-07-07 15:28:08',NULL),(846,3,'https://some-server/dir/0f91a27efc.jpeg','2008-07-09 07:26:09','2021-07-07 15:28:08',NULL),(847,2,'https://some-server/dir/16842a4c4f.wav','1972-07-17 22:25:11','2021-07-07 15:28:08',NULL),(848,3,'https://some-server/dir/45efb9eebe.jpeg','1988-04-28 22:03:22','2021-07-07 15:28:08',NULL),(849,3,'https://some-server/dir/970945dc21.jpeg','1988-12-12 16:13:35','2021-07-07 15:28:08',NULL),(850,3,'https://some-server/dir/57d833896f.jpeg','1972-10-25 08:04:13','2021-07-07 15:28:08',NULL),(851,4,'https://some-server/dir/15a038af27.gif','2005-04-17 00:09:39','2021-07-07 15:28:08',NULL),(852,1,'https://some-server/dir/65d9027f72.avi','1971-08-30 21:45:27','2021-07-07 15:28:08',NULL),(853,2,'https://some-server/dir/0ab608b3c5.wav','1974-09-19 14:24:18','2021-07-07 15:28:08',NULL),(854,4,'https://some-server/dir/cee125c695.gif','1975-04-25 15:28:25','2021-07-07 15:28:08',NULL),(855,3,'https://some-server/dir/53752283c9.jpeg','2015-03-17 13:11:57','2021-07-07 15:28:08',NULL),(856,1,'https://some-server/dir/bc7f521f94.avi','2000-09-28 03:19:16','2021-07-07 15:28:08',NULL),(857,3,'https://some-server/dir/ae9933a08b.jpeg','2007-03-28 08:59:38','2021-07-07 15:28:08',NULL),(858,4,'https://some-server/dir/cefa07c3ae.gif','1990-12-17 05:09:06','2021-07-07 15:28:08',NULL),(859,1,'https://some-server/dir/ea27e6b7c1.avi','2002-03-27 07:14:57','2021-07-07 15:28:08',NULL),(860,1,'https://some-server/dir/0635e673b6.avi','2019-04-13 14:56:22','2021-07-07 15:28:08',NULL),(861,3,'https://some-server/dir/61455f239a.jpeg','1984-01-22 10:41:43','2021-07-07 15:28:08',NULL),(862,4,'https://some-server/dir/77bfcabd93.gif','1995-06-14 19:58:18','2021-07-07 15:28:08',NULL),(863,3,'https://some-server/dir/462ab59dec.jpeg','1995-01-10 19:35:59','2021-07-07 15:28:08',NULL),(864,3,'https://some-server/dir/49196eaad2.jpeg','1989-01-20 10:31:49','2021-07-07 15:28:08',NULL),(865,4,'https://some-server/dir/8ddd911e5b.gif','1988-05-10 02:53:00','2021-07-07 15:28:08',NULL),(866,3,'https://some-server/dir/a118afa6ef.jpeg','1990-04-26 13:33:42','2021-07-07 15:28:08',NULL),(867,3,'https://some-server/dir/f3887d4686.jpeg','2020-03-12 10:40:01','2021-07-07 15:28:08',NULL),(868,4,'https://some-server/dir/69f5146c6f.gif','2012-01-07 02:57:18','2021-07-07 15:28:08',NULL),(869,1,'https://some-server/dir/781059cc52.avi','2017-05-10 10:13:40','2021-07-07 15:28:08',NULL),(870,1,'https://some-server/dir/91b8dcf8bf.avi','1988-02-08 10:58:36','2021-07-07 15:28:08',NULL),(871,4,'https://some-server/dir/a406eb84e5.gif','2011-05-08 15:35:53','2021-07-07 15:28:08',NULL),(872,3,'https://some-server/dir/805e238568.jpeg','2006-06-19 01:44:35','2021-07-07 15:28:08',NULL),(873,1,'https://some-server/dir/b8e3fd7bae.avi','2001-09-11 14:56:16','2021-07-07 15:28:08',NULL),(874,3,'https://some-server/dir/87434aff40.jpeg','1994-11-18 23:39:41','2021-07-07 15:28:08',NULL),(875,3,'https://some-server/dir/a85f95afd4.jpeg','1981-12-07 04:42:01','2021-07-07 15:28:08',NULL),(876,2,'https://some-server/dir/f8ee26096a.wav','2018-08-29 05:40:57','2021-07-07 15:28:08',NULL),(877,1,'https://some-server/dir/08c5cc818c.avi','1973-05-05 07:42:11','2021-07-07 15:28:08',NULL),(878,1,'https://some-server/dir/c86fdc2386.avi','1979-05-02 06:05:53','2021-07-07 15:28:08',NULL),(879,4,'https://some-server/dir/70908b39a0.gif','2009-01-26 03:14:06','2021-07-07 15:28:08',NULL),(880,2,'https://some-server/dir/4bb0724be9.wav','1994-11-12 18:16:00','2021-07-07 15:28:08',NULL),(881,3,'https://some-server/dir/51f723619f.jpeg','1998-03-18 11:56:45','2021-07-07 15:28:08',NULL),(882,2,'https://some-server/dir/ca9dfb8781.wav','2010-10-23 22:36:33','2021-07-07 15:28:08',NULL),(883,3,'https://some-server/dir/56d5ae44ae.jpeg','2018-07-17 05:51:40','2021-07-07 15:28:08',NULL),(884,3,'https://some-server/dir/9cbcb0fe4f.jpeg','1986-09-25 06:24:11','2021-07-07 15:28:08',NULL),(885,3,'https://some-server/dir/513667d4ff.jpeg','2000-07-11 13:52:47','2021-07-07 15:28:08',NULL),(886,1,'https://some-server/dir/5a2dee7524.avi','2001-05-22 09:10:58','2021-07-07 15:28:08',NULL),(887,2,'https://some-server/dir/aba539b293.wav','1983-04-08 14:02:08','2021-07-07 15:28:08',NULL),(888,3,'https://some-server/dir/86299d6827.jpeg','1996-08-01 08:32:04','2021-07-07 15:28:08',NULL),(889,4,'https://some-server/dir/0d6c8fa0a9.gif','1981-12-19 03:00:31','2021-07-07 15:28:08',NULL),(890,1,'https://some-server/dir/1e38b4b401.avi','1995-08-24 17:08:43','2021-07-07 15:28:08',NULL),(891,2,'https://some-server/dir/c26b4f30df.wav','1974-05-27 02:32:40','2021-07-07 15:28:08',NULL),(892,3,'https://some-server/dir/fb8531d8ef.jpeg','1988-02-25 18:11:54','2021-07-07 15:28:08',NULL),(893,2,'https://some-server/dir/509d1f36e3.wav','1995-01-04 04:52:09','2021-07-07 15:28:08',NULL),(894,3,'https://some-server/dir/ce789c47cb.jpeg','1983-12-20 23:49:30','2021-07-07 15:28:08',NULL),(895,4,'https://some-server/dir/6857508bf6.gif','2007-06-07 08:20:01','2021-07-07 15:28:08',NULL),(896,1,'https://some-server/dir/e02e897882.avi','2007-11-23 07:07:27','2021-07-07 15:28:08',NULL),(897,3,'https://some-server/dir/836d35fcec.jpeg','1994-03-04 23:58:42','2021-07-07 15:28:08',NULL),(898,4,'https://some-server/dir/8b4b1b9f81.gif','1970-09-19 21:32:24','2021-07-07 15:28:08',NULL),(899,4,'https://some-server/dir/9151e5661e.gif','1990-06-07 20:41:16','2021-07-07 15:28:08',NULL),(900,3,'https://some-server/dir/e66d537cf5.jpeg','2011-11-10 20:11:43','2021-07-07 15:28:08',NULL),(901,4,'https://some-server/dir/79759fd77f.gif','1979-06-12 15:06:23','2021-07-07 15:28:08',NULL),(902,4,'https://some-server/dir/be570cbc9d.gif','1987-10-08 17:33:15','2021-07-07 15:28:08',NULL),(903,1,'https://some-server/dir/4ba4b2b249.avi','1991-07-27 07:14:53','2021-07-07 15:28:08',NULL),(904,1,'https://some-server/dir/07e7bcca70.avi','1972-12-12 20:10:27','2021-07-07 15:28:08',NULL),(905,3,'https://some-server/dir/66b6ddfeb1.jpeg','1999-08-20 19:58:03','2021-07-07 15:28:08',NULL),(906,1,'https://some-server/dir/7a6e1ce7b0.avi','2017-04-05 15:46:20','2021-07-07 15:28:08',NULL),(907,1,'https://some-server/dir/685fc6797b.avi','2002-01-16 04:28:52','2021-07-07 15:28:08',NULL),(908,1,'https://some-server/dir/236d1991f8.avi','2014-11-30 05:01:52','2021-07-07 15:28:08',NULL),(909,2,'https://some-server/dir/4e749a3f7c.wav','2018-05-25 09:01:15','2021-07-07 15:28:08',NULL),(910,4,'https://some-server/dir/08de427c70.gif','1971-04-19 19:35:31','2021-07-07 15:28:08',NULL),(911,2,'https://some-server/dir/6214417194.wav','1980-01-16 21:40:00','2021-07-07 15:28:08',NULL),(912,2,'https://some-server/dir/5ae62d8b88.wav','2019-02-23 05:34:30','2021-07-07 15:28:08',NULL),(913,2,'https://some-server/dir/077511c86a.wav','1979-11-14 09:49:17','2021-07-07 15:28:08',NULL),(914,1,'https://some-server/dir/53d350d75f.avi','2003-09-15 21:20:33','2021-07-07 15:28:08',NULL),(915,2,'https://some-server/dir/d95377ccaa.wav','1973-10-16 05:56:34','2021-07-07 15:28:08',NULL),(916,3,'https://some-server/dir/566a8510cd.jpeg','2020-08-18 02:30:20','2021-07-07 15:28:08',NULL),(917,4,'https://some-server/dir/6a65bfd916.gif','2007-05-15 22:12:16','2021-07-07 15:28:08',NULL),(918,3,'https://some-server/dir/e69b1d5b07.jpeg','2020-01-22 13:07:51','2021-07-07 15:28:08',NULL),(919,2,'https://some-server/dir/b7a317fc6a.wav','2013-01-16 00:46:28','2021-07-07 15:28:08',NULL),(920,2,'https://some-server/dir/ad8f9f09f7.wav','2009-07-10 06:33:04','2021-07-07 15:28:08',NULL),(921,4,'https://some-server/dir/2ace2aacb1.gif','1982-10-25 22:37:04','2021-07-07 15:28:08',NULL),(922,3,'https://some-server/dir/01ae4a20b9.jpeg','1978-06-10 18:09:46','2021-07-07 15:28:08',NULL),(923,3,'https://some-server/dir/5ebba3dbcf.jpeg','1992-03-30 08:01:19','2021-07-07 15:28:08',NULL),(924,4,'https://some-server/dir/50d3d5eb69.gif','1982-07-11 21:15:11','2021-07-07 15:28:08',NULL),(925,2,'https://some-server/dir/ec1a75dee7.wav','1987-02-17 21:31:51','2021-07-07 15:28:08',NULL),(926,2,'https://some-server/dir/2b74424bf8.wav','1982-07-13 18:05:23','2021-07-07 15:28:08',NULL),(927,2,'https://some-server/dir/794dc34812.wav','1977-05-27 09:26:19','2021-07-07 15:28:08',NULL),(928,3,'https://some-server/dir/b5531da349.jpeg','2000-11-09 12:21:18','2021-07-07 15:28:08',NULL),(929,2,'https://some-server/dir/ad03b061b5.wav','1975-08-17 07:15:28','2021-07-07 15:28:08',NULL),(930,3,'https://some-server/dir/794d7f5ea9.jpeg','1991-09-17 04:22:21','2021-07-07 15:28:08',NULL),(931,4,'https://some-server/dir/cf74f5f51c.gif','2011-05-10 10:24:30','2021-07-07 15:28:08',NULL),(932,2,'https://some-server/dir/dc391faac4.wav','2004-11-05 12:13:59','2021-07-07 15:28:08',NULL),(933,4,'https://some-server/dir/faca7fcaef.gif','2017-08-03 19:25:46','2021-07-07 15:28:08',NULL),(934,3,'https://some-server/dir/1a1bbb99a9.jpeg','1996-01-19 13:15:15','2021-07-07 15:28:08',NULL),(935,4,'https://some-server/dir/12fc66854b.gif','2006-10-18 08:11:14','2021-07-07 15:28:08',NULL),(936,3,'https://some-server/dir/2a0f7d68c5.jpeg','1972-10-07 17:31:19','2021-07-07 15:28:08',NULL),(937,3,'https://some-server/dir/d19acf7f8c.jpeg','1997-02-03 04:49:34','2021-07-07 15:28:08',NULL),(938,3,'https://some-server/dir/9966ff795a.jpeg','1999-03-07 16:31:13','2021-07-07 15:28:08',NULL),(939,1,'https://some-server/dir/c1ae90d2b2.avi','1973-03-06 23:13:44','2021-07-07 15:28:08',NULL),(940,2,'https://some-server/dir/bd8105252e.wav','2007-03-09 01:38:23','2021-07-07 15:28:08',NULL),(941,1,'https://some-server/dir/a7e9fb903b.avi','1982-09-16 07:31:10','2021-07-07 15:28:08',NULL),(942,4,'https://some-server/dir/f04b5492fa.gif','2011-09-24 18:08:29','2021-07-07 15:28:08',NULL),(943,2,'https://some-server/dir/0124f0be5a.wav','1986-09-15 18:05:23','2021-07-07 15:28:08',NULL),(944,2,'https://some-server/dir/a174008562.wav','1978-12-31 21:47:26','2021-07-07 15:28:08',NULL),(945,4,'https://some-server/dir/8dc83710f1.gif','1977-05-15 18:00:20','2021-07-07 15:28:08',NULL),(946,1,'https://some-server/dir/4da9e88e5e.avi','2008-03-22 09:39:26','2021-07-07 15:28:08',NULL),(947,1,'https://some-server/dir/905a838ed0.avi','1990-08-11 20:53:42','2021-07-07 15:28:08',NULL),(948,2,'https://some-server/dir/8a76afbc56.wav','1973-01-05 01:17:30','2021-07-07 15:28:08',NULL),(949,4,'https://some-server/dir/06b3183432.gif','1973-04-01 07:56:17','2021-07-07 15:28:08',NULL),(950,4,'https://some-server/dir/8f46059ef4.gif','1972-11-15 19:04:50','2021-07-07 15:28:08',NULL),(951,2,'https://some-server/dir/34fefb0615.wav','2003-03-28 11:14:07','2021-07-07 15:28:08',NULL),(952,4,'https://some-server/dir/a6c40bb29e.gif','1986-05-12 14:07:31','2021-07-07 15:28:08',NULL),(953,1,'https://some-server/dir/2c8c2201fc.avi','1978-06-01 23:50:05','2021-07-07 15:28:08',NULL),(954,3,'https://some-server/dir/5d83f9b567.jpeg','1992-01-10 08:44:14','2021-07-07 15:28:08',NULL),(955,1,'https://some-server/dir/7309c3cb15.avi','1979-06-06 06:16:36','2021-07-07 15:28:08',NULL),(956,1,'https://some-server/dir/5d9020eb91.avi','1971-02-05 04:00:51','2021-07-07 15:28:08',NULL),(957,3,'https://some-server/dir/adeff29910.jpeg','1973-06-11 19:56:00','2021-07-07 15:28:08',NULL),(958,1,'https://some-server/dir/46acc2f4b9.avi','1991-04-13 14:20:33','2021-07-07 15:28:08',NULL),(959,2,'https://some-server/dir/e031772c3d.wav','2001-07-23 22:23:12','2021-07-07 15:28:08',NULL),(960,1,'https://some-server/dir/1ce9f3acb1.avi','1980-08-27 02:39:10','2021-07-07 15:28:08',NULL),(961,1,'https://some-server/dir/63a106b2c6.avi','1979-03-25 15:18:13','2021-07-07 15:28:08',NULL),(962,4,'https://some-server/dir/db5937b687.gif','1981-05-19 13:58:42','2021-07-07 15:28:08',NULL),(963,4,'https://some-server/dir/e41d6281bf.gif','1974-06-18 03:43:42','2021-07-07 15:28:08',NULL),(964,4,'https://some-server/dir/e4d57a88ca.gif','1976-04-30 09:21:00','2021-07-07 15:28:08',NULL),(965,4,'https://some-server/dir/49c3badb10.gif','1974-01-16 13:20:49','2021-07-07 15:28:08',NULL),(966,1,'https://some-server/dir/80d3630d69.avi','1984-12-15 17:10:16','2021-07-07 15:28:08',NULL),(967,2,'https://some-server/dir/3b0d1c992a.wav','1976-07-18 20:54:39','2021-07-07 15:28:08',NULL),(968,3,'https://some-server/dir/304e54b85c.jpeg','2015-06-26 01:00:45','2021-07-07 15:28:08',NULL),(969,1,'https://some-server/dir/4169fe123f.avi','1979-11-07 18:49:07','2021-07-07 15:28:08',NULL),(970,4,'https://some-server/dir/8c69f884a4.gif','1998-06-12 19:24:55','2021-07-07 15:28:08',NULL),(971,1,'https://some-server/dir/bb500f8c6f.avi','2003-09-27 00:16:20','2021-07-07 15:28:08',NULL),(972,2,'https://some-server/dir/4edff87966.wav','2013-04-14 11:11:49','2021-07-07 15:28:08',NULL),(973,4,'https://some-server/dir/bd2df6fc98.gif','1984-05-29 23:11:21','2021-07-07 15:28:08',NULL),(974,2,'https://some-server/dir/b79a236968.wav','1976-03-31 19:24:55','2021-07-07 15:28:08',NULL),(975,3,'https://some-server/dir/595419e848.jpeg','2013-04-06 06:12:42','2021-07-07 15:28:08',NULL),(976,1,'https://some-server/dir/e059149381.avi','1978-06-15 23:44:28','2021-07-07 15:28:08',NULL),(977,1,'https://some-server/dir/bb30a0ee16.avi','2015-04-02 10:16:11','2021-07-07 15:28:08',NULL),(978,4,'https://some-server/dir/4401f8ac2f.gif','1975-07-28 09:55:18','2021-07-07 15:28:08',NULL),(979,3,'https://some-server/dir/d8be532dd4.jpeg','1979-06-02 22:42:31','2021-07-07 15:28:08',NULL),(980,4,'https://some-server/dir/3d4f28594f.gif','1991-04-18 09:58:25','2021-07-07 15:28:08',NULL),(981,1,'https://some-server/dir/42279597d4.avi','2000-10-17 11:05:17','2021-07-07 15:28:08',NULL),(982,1,'https://some-server/dir/741a49a206.avi','2005-04-30 00:31:09','2021-07-07 15:28:08',NULL),(983,3,'https://some-server/dir/79ce7f5ce6.jpeg','1993-06-21 06:14:38','2021-07-07 15:28:08',NULL),(984,2,'https://some-server/dir/d27ca108a0.wav','2011-02-21 17:25:16','2021-07-07 15:28:08',NULL),(985,2,'https://some-server/dir/ddcdf54737.wav','2011-03-09 01:32:53','2021-07-07 15:28:08',NULL),(986,1,'https://some-server/dir/fbbfe082fe.avi','2008-09-26 22:42:46','2021-07-07 15:28:08',NULL),(987,3,'https://some-server/dir/2bef7653b9.jpeg','1996-04-09 12:47:09','2021-07-07 15:28:08',NULL),(988,3,'https://some-server/dir/b190e714f2.jpeg','2009-10-10 11:49:06','2021-07-07 15:28:08',NULL),(989,2,'https://some-server/dir/841dd8cb8d.wav','2011-02-18 20:13:09','2021-07-07 15:28:08',NULL),(990,1,'https://some-server/dir/b705077f5c.avi','1984-02-21 19:01:42','2021-07-07 15:28:08',NULL),(991,3,'https://some-server/dir/d721f2c29d.jpeg','2004-01-18 10:41:17','2021-07-07 15:28:08',NULL),(992,3,'https://some-server/dir/22d3c3b7dd.jpeg','1980-05-05 00:49:00','2021-07-07 15:28:08',NULL),(993,2,'https://some-server/dir/485dd030f5.wav','1982-11-10 09:31:21','2021-07-07 15:28:08',NULL),(994,2,'https://some-server/dir/590b68ec60.wav','2018-01-31 03:21:12','2021-07-07 15:28:08',NULL),(995,2,'https://some-server/dir/d93577e5c6.wav','1972-12-16 05:47:09','2021-07-07 15:28:08',NULL),(996,2,'https://some-server/dir/050e9e03f9.wav','2015-07-23 20:56:26','2021-07-07 15:28:08',NULL),(997,3,'https://some-server/dir/cb1318619f.jpeg','2014-07-18 22:50:51','2021-07-07 15:28:08',NULL),(998,1,'https://some-server/dir/6d567e7fbf.avi','2021-06-13 18:19:29','2021-07-07 15:28:08',NULL),(999,2,'https://some-server/dir/7dbc0a42d0.wav','1988-06-04 10:24:44','2021-07-07 15:28:08',NULL),(1000,1,'https://some-server/dir/60376ade39.avi','1980-03-19 04:39:06','2021-07-07 15:28:08',NULL);
/*!40000 ALTER TABLE `media` ENABLE KEYS */;
UNLOCK TABLES;

--
-- Table structure for table `media_types`
--

DROP TABLE IF EXISTS `media_types`;
/*!40101 SET @saved_cs_client     = @@character_set_client */;
/*!50503 SET character_set_client = utf8mb4 */;
CREATE TABLE `media_types` (
  `id` int unsigned NOT NULL AUTO_INCREMENT COMMENT 'Идентификатор строки',
  `name` varchar(100) NOT NULL COMMENT 'Тип медиайла',
  `created_at` datetime DEFAULT CURRENT_TIMESTAMP COMMENT 'Время создания строки',
  `updated_at` datetime DEFAULT CURRENT_TIMESTAMP ON UPDATE CURRENT_TIMESTAMP COMMENT 'Время обновления строки',
  PRIMARY KEY (`id`),
  UNIQUE KEY `name` (`name`)
) ENGINE=InnoDB AUTO_INCREMENT=6 DEFAULT CHARSET=utf8mb4 COLLATE=utf8mb4_0900_ai_ci COMMENT='Тип медиа контента';
/*!40101 SET character_set_client = @saved_cs_client */;

--
-- Dumping data for table `media_types`
--

LOCK TABLES `media_types` WRITE;
/*!40000 ALTER TABLE `media_types` DISABLE KEYS */;
INSERT INTO `media_types` VALUES (1,'video','2004-04-28 03:51:07','2021-07-03 20:20:12'),(2,'audio','1982-10-07 05:34:39','2021-07-03 20:20:12'),(3,'image','2011-03-23 07:50:23','2021-07-03 20:20:12'),(4,'gif','2017-08-28 13:42:51','2021-07-03 20:20:12');
/*!40000 ALTER TABLE `media_types` ENABLE KEYS */;
UNLOCK TABLES;

--
-- Table structure for table `messages`
--

DROP TABLE IF EXISTS `messages`;
/*!40101 SET @saved_cs_client     = @@character_set_client */;
/*!50503 SET character_set_client = utf8mb4 */;
CREATE TABLE `messages` (
  `id` int unsigned NOT NULL AUTO_INCREMENT COMMENT 'Идентификатор строки',
  `sender_id` int unsigned NOT NULL COMMENT 'Ссылка на идентификатор отправителя',
  `reciever_id` int unsigned NOT NULL COMMENT 'Ссылка на идентификатор получателя',
  `send_at` datetime DEFAULT CURRENT_TIMESTAMP COMMENT 'Время отправления сообщения',
  `recieved_at` datetime DEFAULT NULL COMMENT 'Время получения сообщения',
  `created_at` datetime DEFAULT CURRENT_TIMESTAMP COMMENT 'Время создания строки',
  `updated_at` datetime DEFAULT CURRENT_TIMESTAMP ON UPDATE CURRENT_TIMESTAMP COMMENT 'Время обновления строки',
  PRIMARY KEY (`id`),
  KEY `fk_messages_reciever_id` (`reciever_id`),
  KEY `fk_messages_sender_id` (`sender_id`),
  CONSTRAINT `fk_messages_reciever_id` FOREIGN KEY (`reciever_id`) REFERENCES `users` (`id`),
  CONSTRAINT `fk_messages_sender_id` FOREIGN KEY (`sender_id`) REFERENCES `users` (`id`)
) ENGINE=InnoDB AUTO_INCREMENT=1011 DEFAULT CHARSET=utf8mb4 COLLATE=utf8mb4_0900_ai_ci COMMENT='Таблица профилей';
/*!40101 SET character_set_client = @saved_cs_client */;

--
-- Dumping data for table `messages`
--

LOCK TABLES `messages` WRITE;
/*!40000 ALTER TABLE `messages` DISABLE KEYS */;
INSERT INTO `messages` VALUES (1,6,1,'1971-12-15 05:23:44',NULL,'1993-09-01 04:56:07','2021-07-07 16:35:34'),(2,1,99,'1997-03-02 22:06:08',NULL,'1987-06-17 23:24:06','2021-07-07 16:46:46'),(3,1,18,'1997-04-25 19:34:54',NULL,'2005-08-24 18:03:32','2021-07-07 16:46:46'),(4,1,18,'2018-01-24 23:06:11',NULL,'1978-03-22 15:14:26','2021-07-07 16:46:46'),(5,1,99,'2006-11-30 07:18:22',NULL,'2019-12-28 02:56:13','2021-07-07 16:46:46'),(6,1,99,'1978-06-13 16:09:57',NULL,'1970-09-25 10:47:09','2021-07-07 16:46:46'),(7,1,6,'2019-01-10 00:44:59',NULL,'1986-12-08 23:43:16','2021-07-07 16:46:25'),(8,1,18,'1986-07-17 05:55:04',NULL,'1988-03-22 04:57:32','2021-07-07 16:46:46'),(9,1,28,'2012-12-15 19:53:15',NULL,'1971-05-11 14:49:07','2021-07-07 16:46:46'),(10,1,6,'1994-05-30 03:24:26',NULL,'1972-12-05 20:29:37','2021-07-07 16:46:25'),(11,1,6,'2005-12-12 12:00:01',NULL,'2020-03-29 22:49:43','2021-07-07 16:46:25'),(12,1,99,'2001-03-03 01:11:55',NULL,'2002-03-25 08:10:54','2021-07-07 16:46:46'),(13,1,6,'1984-02-22 04:24:20',NULL,'1972-04-10 17:59:58','2021-07-07 16:46:25'),(14,1,28,'1977-08-21 05:49:55',NULL,'1997-05-08 20:43:51','2021-07-07 16:46:46'),(15,1,99,'1979-06-13 07:37:45',NULL,'2013-04-20 23:05:39','2021-07-07 16:46:46'),(16,1,6,'1988-03-03 07:20:09',NULL,'1986-11-13 13:14:21','2021-07-07 16:46:25'),(17,1,99,'1972-09-12 05:30:42',NULL,'2020-02-26 16:59:27','2021-07-07 16:46:46'),(18,1,99,'1983-10-11 20:24:01',NULL,'1986-11-30 08:14:04','2021-07-07 16:46:46'),(19,1,28,'1977-03-28 20:05:11',NULL,'1986-08-26 13:13:43','2021-07-07 16:46:46'),(20,1,28,'2011-09-17 05:52:23',NULL,'1993-02-03 03:28:59','2021-07-07 16:46:46'),(21,1,18,'2002-12-23 15:46:29',NULL,'2000-07-07 04:53:47','2021-07-07 16:46:46'),(22,1,18,'2000-02-13 19:01:02',NULL,'1978-02-03 02:18:37','2021-07-07 16:46:46'),(23,1,28,'2003-08-20 08:42:11',NULL,'1970-12-19 11:06:44','2021-07-07 16:46:46'),(24,1,99,'1978-09-25 09:18:28',NULL,'2004-06-19 06:53:31','2021-07-07 16:46:46'),(25,1,18,'1994-09-05 19:48:07',NULL,'2005-05-28 14:48:45','2021-07-07 16:46:46'),(26,1,6,'2013-04-30 10:09:35',NULL,'1998-05-21 16:18:16','2021-07-07 16:46:25'),(27,1,28,'1999-08-25 23:52:49',NULL,'1974-04-26 21:34:15','2021-07-07 16:46:46'),(28,1,99,'1971-08-09 16:27:02',NULL,'2018-09-07 21:28:56','2021-07-07 16:46:46'),(29,1,18,'2006-08-15 20:50:25',NULL,'1984-04-17 01:54:25','2021-07-07 16:46:46'),(30,1,99,'1996-10-17 13:46:48',NULL,'2001-06-28 02:24:25','2021-07-07 16:46:46'),(31,1,28,'2008-03-20 06:25:51',NULL,'1975-09-17 15:44:04','2021-07-07 16:46:46'),(32,1,18,'2002-03-04 09:48:31',NULL,'1996-04-19 09:42:06','2021-07-07 16:46:46'),(33,1,99,'2012-09-03 02:47:40',NULL,'1985-06-12 09:44:03','2021-07-07 16:46:46'),(34,1,6,'1979-01-31 00:01:56',NULL,'2000-03-05 10:23:40','2021-07-07 16:46:25'),(35,1,6,'1987-04-20 00:15:32',NULL,'1976-04-29 14:30:39','2021-07-07 16:46:25'),(36,1,6,'1981-02-04 13:55:19',NULL,'1983-03-10 12:03:50','2021-07-07 16:46:25'),(37,1,28,'1975-08-12 12:17:29',NULL,'1990-02-08 21:15:09','2021-07-07 16:46:46'),(38,1,6,'2004-08-05 06:51:32',NULL,'2019-11-18 23:42:03','2021-07-07 16:46:25'),(39,1,99,'1976-05-24 11:32:41',NULL,'2013-01-02 10:26:21','2021-07-07 16:46:46'),(40,1,28,'1997-12-14 16:14:22',NULL,'2004-05-02 04:27:14','2021-07-07 16:46:46'),(41,1,99,'1998-06-27 18:04:49',NULL,'1980-06-15 02:07:18','2021-07-07 16:46:46'),(42,1,18,'2001-05-06 18:05:40',NULL,'1993-03-30 17:47:39','2021-07-07 16:46:46'),(43,1,99,'2017-12-09 07:06:04',NULL,'2015-04-09 07:29:15','2021-07-07 16:46:46'),(44,1,28,'1970-05-23 19:33:51',NULL,'1970-04-28 17:50:19','2021-07-07 16:46:46'),(45,1,6,'2007-11-21 11:39:28',NULL,'1988-12-02 09:39:03','2021-07-07 16:46:25'),(46,1,18,'1999-10-14 22:19:03',NULL,'1998-01-16 14:59:19','2021-07-07 16:46:46'),(47,1,99,'1990-02-27 14:36:18',NULL,'1984-10-29 09:00:14','2021-07-07 16:46:46'),(48,1,18,'2013-12-15 19:36:36',NULL,'1990-12-29 08:46:04','2021-07-07 16:46:46'),(49,1,18,'1989-09-10 02:14:59',NULL,'2020-07-02 02:42:41','2021-07-07 16:46:46'),(50,1,6,'1985-03-28 07:24:54',NULL,'1997-06-03 04:13:24','2021-07-07 16:46:25'),(51,1,18,'2003-07-13 04:53:42',NULL,'1973-04-07 08:24:37','2021-07-07 16:46:46'),(52,1,99,'2013-03-03 06:14:26',NULL,'2016-09-04 08:37:01','2021-07-07 16:46:46'),(53,1,6,'2016-03-10 01:26:52',NULL,'1982-06-22 21:05:50','2021-07-07 16:46:25'),(54,1,99,'2011-12-04 14:36:36',NULL,'2001-11-01 02:06:22','2021-07-07 16:46:46'),(55,1,6,'2000-07-22 00:29:13',NULL,'1990-09-27 09:01:59','2021-07-07 16:46:25'),(56,1,18,'2004-04-25 17:03:07',NULL,'1986-05-22 05:57:18','2021-07-07 16:46:46'),(57,1,18,'1973-10-14 18:29:45',NULL,'2009-01-20 01:40:35','2021-07-07 16:46:46'),(58,1,28,'1983-10-25 22:22:32',NULL,'1975-06-06 21:41:17','2021-07-07 16:46:46'),(59,1,28,'2010-01-26 10:06:11',NULL,'1976-05-31 01:08:34','2021-07-07 16:46:46'),(60,1,18,'1977-05-06 10:22:27',NULL,'2018-02-15 00:15:53','2021-07-07 16:46:46'),(61,1,99,'2020-08-29 23:57:19',NULL,'1975-06-19 03:07:02','2021-07-07 16:46:46'),(62,1,28,'1997-01-20 23:39:56',NULL,'2002-09-29 08:39:45','2021-07-07 16:46:46'),(63,1,18,'1982-08-09 06:13:16',NULL,'2018-03-11 03:35:27','2021-07-07 16:46:46'),(64,1,28,'2004-04-05 07:08:32',NULL,'1995-05-05 20:36:35','2021-07-07 16:46:46'),(65,1,99,'1975-01-07 12:06:58',NULL,'1986-09-04 07:19:59','2021-07-07 16:46:46'),(66,1,99,'2004-11-12 09:20:52',NULL,'1985-08-16 18:52:20','2021-07-07 16:46:46'),(67,1,18,'2001-03-09 09:16:55',NULL,'1972-11-08 18:41:22','2021-07-07 16:46:46'),(68,1,6,'1983-02-16 01:41:38',NULL,'2012-03-21 18:45:06','2021-07-07 16:46:25'),(69,1,18,'1970-08-04 18:29:05',NULL,'2018-12-26 01:45:48','2021-07-07 16:46:46'),(70,1,28,'2002-10-20 05:24:46',NULL,'1987-08-02 19:42:02','2021-07-07 16:46:46'),(71,1,6,'2007-05-11 15:45:32',NULL,'2019-07-05 14:38:11','2021-07-07 16:46:25'),(72,1,18,'1993-01-01 17:31:14',NULL,'2003-04-13 13:41:30','2021-07-07 16:46:46'),(73,1,18,'2006-04-25 03:22:15',NULL,'1974-06-17 12:56:00','2021-07-07 16:46:46'),(74,1,28,'2015-06-24 15:52:04',NULL,'1996-12-01 14:07:21','2021-07-07 16:46:46'),(75,1,28,'1970-10-26 15:43:50',NULL,'2016-02-20 00:49:44','2021-07-07 16:46:46'),(76,1,99,'1977-04-02 03:02:26',NULL,'1987-03-18 01:42:28','2021-07-07 16:46:46'),(77,1,6,'1970-08-12 00:57:00',NULL,'2001-12-27 02:18:34','2021-07-07 16:46:25'),(78,1,99,'1997-08-04 11:27:22',NULL,'2017-02-05 00:53:42','2021-07-07 16:46:46'),(79,1,28,'1996-01-28 00:17:00',NULL,'1992-03-01 04:48:48','2021-07-07 16:46:46'),(80,1,6,'1990-05-29 22:54:29',NULL,'2007-01-31 23:15:30','2021-07-07 16:46:25'),(81,1,18,'2014-09-03 22:09:04',NULL,'2018-05-29 15:15:02','2021-07-07 16:46:46'),(82,1,28,'2010-10-31 21:47:51',NULL,'2017-06-25 08:57:41','2021-07-07 16:46:46'),(83,1,99,'2014-05-02 04:35:00',NULL,'2018-12-13 03:22:56','2021-07-07 16:46:46'),(84,1,6,'1999-02-24 10:25:38',NULL,'2005-03-28 16:23:00','2021-07-07 16:46:25'),(85,1,28,'1982-03-26 22:46:16',NULL,'1978-02-16 15:20:17','2021-07-07 16:46:46'),(86,1,18,'2014-10-21 20:39:33',NULL,'1997-05-21 09:43:18','2021-07-07 16:46:46'),(87,1,99,'1989-07-02 15:16:29',NULL,'1995-06-15 21:12:42','2021-07-07 16:46:46'),(88,1,28,'2008-03-22 23:47:18',NULL,'1995-05-23 22:06:06','2021-07-07 16:46:46'),(89,1,99,'2019-04-12 19:14:09',NULL,'1985-10-02 11:01:13','2021-07-07 16:46:46'),(90,1,28,'1988-04-21 21:53:57',NULL,'1974-11-15 23:58:05','2021-07-07 16:46:46'),(91,1,99,'2009-09-16 03:54:10',NULL,'1984-04-02 14:15:17','2021-07-07 16:46:46'),(92,1,99,'1979-09-02 04:58:31',NULL,'1996-05-30 18:32:03','2021-07-07 16:46:46'),(93,1,28,'2018-03-09 11:42:50',NULL,'1989-02-07 01:06:15','2021-07-07 16:46:46'),(94,1,6,'1978-06-10 17:28:13',NULL,'1984-12-14 03:31:11','2021-07-07 16:46:25'),(95,1,6,'2019-07-09 18:31:14',NULL,'1985-05-23 08:13:43','2021-07-07 16:46:25'),(96,1,28,'2014-12-30 18:39:06',NULL,'2019-01-17 08:12:03','2021-07-07 16:46:46'),(97,1,28,'1982-10-14 08:39:45',NULL,'2001-01-20 04:46:27','2021-07-07 16:46:46'),(98,1,6,'2004-07-15 03:49:11',NULL,'2011-09-19 19:32:54','2021-07-07 16:46:25'),(99,1,18,'2007-09-12 10:26:28',NULL,'2002-09-11 00:47:47','2021-07-07 16:46:46'),(100,1,28,'2013-09-05 07:17:31',NULL,'1999-03-14 13:09:49','2021-07-07 16:46:46'),(101,6,1,'1971-02-14 17:22:16',NULL,'2003-03-10 10:37:49','2021-07-07 16:35:34'),(102,1,28,'2018-11-14 18:45:10',NULL,'2001-09-15 09:36:26','2021-07-07 16:46:46'),(103,1,28,'2009-07-21 04:37:41',NULL,'1978-12-17 21:42:39','2021-07-07 16:46:46'),(104,1,28,'1992-01-13 05:21:53',NULL,'2000-01-09 23:17:26','2021-07-07 16:46:46'),(105,1,6,'2006-03-26 11:37:10',NULL,'1999-07-24 06:13:17','2021-07-07 16:46:25'),(106,1,99,'1990-01-05 22:44:48',NULL,'1973-03-20 16:10:15','2021-07-07 16:46:46'),(107,1,99,'1998-04-12 23:49:55',NULL,'2006-06-29 05:06:54','2021-07-07 16:46:46'),(108,1,99,'1998-05-16 15:23:02',NULL,'1993-05-15 05:33:06','2021-07-07 16:46:46'),(109,1,18,'1973-01-14 23:52:25',NULL,'1991-03-20 23:18:30','2021-07-07 16:46:46'),(110,1,6,'1995-07-03 11:47:57',NULL,'1992-10-03 22:14:58','2021-07-07 16:46:25'),(111,1,6,'1982-08-25 10:37:49',NULL,'2006-06-04 04:21:08','2021-07-07 16:46:25'),(112,1,18,'2000-02-07 08:59:28',NULL,'2001-05-11 07:27:23','2021-07-07 16:46:46'),(113,1,18,'2014-12-09 08:39:13',NULL,'2003-12-10 12:12:27','2021-07-07 16:46:46'),(114,1,28,'2002-04-07 07:07:53',NULL,'1988-09-12 07:15:27','2021-07-07 16:46:46'),(115,1,6,'1990-10-21 20:40:25',NULL,'1978-05-12 05:49:46','2021-07-07 16:46:25'),(116,1,99,'1984-02-10 12:32:27',NULL,'2019-08-05 09:42:40','2021-07-07 16:46:46'),(117,1,6,'1990-12-01 13:27:58',NULL,'2006-10-07 21:25:55','2021-07-07 16:46:25'),(118,1,18,'1985-12-26 20:31:28',NULL,'1975-08-25 15:29:46','2021-07-07 16:46:46'),(119,1,18,'2021-06-12 10:10:27',NULL,'1976-07-31 09:05:29','2021-07-07 16:46:46'),(120,1,6,'2010-02-11 10:31:16',NULL,'2021-01-11 04:10:00','2021-07-07 16:46:25'),(121,1,99,'1994-05-12 23:37:28',NULL,'1993-04-12 18:29:04','2021-07-07 16:46:46'),(122,1,18,'1992-04-21 15:42:04',NULL,'2020-01-25 17:58:18','2021-07-07 16:46:46'),(123,1,18,'2010-06-28 11:26:40',NULL,'1974-06-09 15:48:46','2021-07-07 16:46:46'),(124,1,6,'1974-11-16 14:46:06',NULL,'2013-02-23 18:07:18','2021-07-07 16:46:25'),(125,1,99,'2007-02-06 07:54:40',NULL,'2015-11-04 02:52:34','2021-07-07 16:46:46'),(126,1,18,'1989-07-09 08:08:55',NULL,'2007-04-26 15:46:01','2021-07-07 16:46:46'),(127,1,6,'2020-12-15 21:31:54',NULL,'1981-03-08 01:30:56','2021-07-07 16:46:25'),(128,1,18,'1997-05-16 01:51:39',NULL,'1986-05-02 05:19:35','2021-07-07 16:46:46'),(129,1,28,'2000-09-02 07:25:11',NULL,'1998-08-11 09:16:43','2021-07-07 16:46:46'),(130,1,28,'1973-02-02 19:46:53',NULL,'1985-04-21 04:53:04','2021-07-07 16:46:46'),(131,1,99,'1986-10-20 17:59:10',NULL,'1973-02-19 00:59:20','2021-07-07 16:46:46'),(132,1,28,'1977-02-07 04:10:09',NULL,'1972-10-15 10:17:20','2021-07-07 16:46:46'),(133,1,28,'2006-10-28 08:02:33',NULL,'1980-01-23 14:37:10','2021-07-07 16:46:46'),(134,1,99,'2006-12-15 10:49:34',NULL,'2020-10-14 15:23:45','2021-07-07 16:46:46'),(135,1,18,'1989-09-04 10:56:26',NULL,'1992-02-01 09:50:50','2021-07-07 16:46:46'),(136,1,18,'2004-01-24 15:50:35',NULL,'2007-08-11 20:17:24','2021-07-07 16:46:46'),(137,1,28,'1973-07-04 05:05:00',NULL,'1992-06-01 12:41:41','2021-07-07 16:46:46'),(138,1,28,'1970-10-26 10:58:57',NULL,'2014-08-23 19:11:24','2021-07-07 16:46:46'),(139,1,99,'2015-07-07 14:02:18',NULL,'2018-08-07 13:08:05','2021-07-07 16:46:46'),(140,1,18,'2013-03-08 06:43:55',NULL,'2012-02-05 18:56:29','2021-07-07 16:46:46'),(141,1,18,'1990-03-27 20:43:29',NULL,'1984-06-06 00:12:01','2021-07-07 16:46:46'),(142,1,6,'2015-07-11 23:42:33',NULL,'2014-12-14 21:13:58','2021-07-07 16:46:25'),(143,1,99,'2005-01-27 18:48:19',NULL,'2020-07-23 17:09:53','2021-07-07 16:46:46'),(144,1,18,'1973-09-13 15:14:46',NULL,'1990-11-09 10:26:25','2021-07-07 16:46:46'),(145,1,28,'1978-12-08 09:09:46',NULL,'2000-01-29 18:44:37','2021-07-07 16:46:46'),(146,1,6,'1970-11-27 23:49:39',NULL,'1998-07-03 07:51:11','2021-07-07 16:46:25'),(147,1,99,'2014-07-27 02:07:14',NULL,'1975-07-16 21:02:54','2021-07-07 16:46:46'),(148,1,28,'2020-02-18 22:13:11',NULL,'1976-03-06 17:06:13','2021-07-07 16:46:46'),(149,1,6,'1976-08-21 02:39:57',NULL,'1987-05-05 18:57:00','2021-07-07 16:46:25'),(150,1,6,'2016-05-30 22:10:25',NULL,'1974-12-28 10:28:58','2021-07-07 16:46:25'),(151,1,28,'1972-07-22 00:22:09',NULL,'1972-10-01 16:23:19','2021-07-07 16:46:46'),(152,1,6,'1983-08-16 08:05:40',NULL,'1972-12-15 17:06:02','2021-07-07 16:46:25'),(153,1,28,'2000-10-04 07:18:28',NULL,'1986-04-25 06:58:05','2021-07-07 16:46:46'),(154,1,28,'1999-02-05 06:12:37',NULL,'2015-02-23 05:26:33','2021-07-07 16:46:46'),(155,1,18,'2018-02-14 01:33:50',NULL,'2006-08-16 04:20:50','2021-07-07 16:46:46'),(156,1,99,'1982-10-19 13:21:09',NULL,'1983-09-01 11:42:42','2021-07-07 16:46:46'),(157,1,6,'2016-08-25 22:16:14',NULL,'2002-06-03 12:48:51','2021-07-07 16:46:25'),(158,1,6,'1977-07-21 19:03:35',NULL,'1984-01-09 17:53:32','2021-07-07 16:46:25'),(159,1,28,'2016-09-23 20:50:04',NULL,'2002-09-15 02:58:19','2021-07-07 16:46:46'),(160,1,99,'2017-12-07 13:19:05',NULL,'2006-06-28 10:16:17','2021-07-07 16:46:46'),(161,1,99,'1995-02-12 22:27:05',NULL,'2020-02-25 00:28:58','2021-07-07 16:46:46'),(162,1,99,'1999-01-26 00:55:06',NULL,'2014-04-01 19:39:22','2021-07-07 16:46:46'),(163,1,18,'1996-10-28 03:00:09',NULL,'1977-12-28 07:43:46','2021-07-07 16:46:46'),(164,1,99,'2008-09-08 03:46:17',NULL,'2004-09-27 09:31:13','2021-07-07 16:46:46'),(165,1,6,'1970-03-20 13:22:36',NULL,'1996-03-28 15:35:13','2021-07-07 16:46:25'),(166,1,28,'2021-01-31 17:47:58',NULL,'1972-09-14 08:22:48','2021-07-07 16:46:46'),(167,1,28,'1992-03-11 20:28:36',NULL,'1986-07-07 08:19:11','2021-07-07 16:46:46'),(168,1,28,'1999-04-28 12:12:15',NULL,'1971-02-05 01:04:40','2021-07-07 16:46:46'),(169,1,18,'1997-08-08 05:08:50',NULL,'1981-12-28 00:58:35','2021-07-07 16:46:46'),(170,1,28,'2012-04-05 22:39:19',NULL,'2009-03-14 13:44:08','2021-07-07 16:46:46'),(171,1,99,'2021-03-26 07:46:43',NULL,'1973-07-31 20:05:16','2021-07-07 16:46:46'),(172,1,18,'1974-03-01 04:16:39',NULL,'1987-04-22 02:43:15','2021-07-07 16:46:46'),(173,1,18,'2002-07-06 07:55:50',NULL,'2015-06-14 16:27:32','2021-07-07 16:46:46'),(174,1,18,'2019-05-06 17:56:02',NULL,'1971-12-29 04:52:30','2021-07-07 16:46:46'),(175,1,99,'1993-09-15 02:17:54',NULL,'1986-04-16 10:17:09','2021-07-07 16:46:46'),(176,1,28,'1991-11-02 16:27:07',NULL,'2013-01-15 08:48:44','2021-07-07 16:46:46'),(177,1,18,'2010-01-17 07:11:09',NULL,'1995-12-20 17:44:33','2021-07-07 16:46:46'),(178,1,28,'1978-04-02 21:56:53',NULL,'2002-12-29 07:19:58','2021-07-07 16:46:46'),(179,1,99,'1982-10-08 01:32:13',NULL,'2010-02-12 18:43:29','2021-07-07 16:46:46'),(180,1,99,'2007-06-09 13:07:07',NULL,'1991-08-10 07:17:12','2021-07-07 16:46:46'),(181,1,6,'1996-03-07 01:55:44',NULL,'1984-02-13 00:33:19','2021-07-07 16:46:25'),(182,1,6,'2015-11-24 17:08:54',NULL,'1980-02-25 18:43:13','2021-07-07 16:46:25'),(183,1,18,'1985-07-11 16:36:39',NULL,'2020-11-25 16:44:54','2021-07-07 16:46:46'),(184,1,28,'2005-09-17 00:52:46',NULL,'1981-04-19 04:51:33','2021-07-07 16:46:46'),(185,1,6,'1982-01-18 21:35:06',NULL,'2001-05-31 19:39:32','2021-07-07 16:46:25'),(186,1,6,'2000-03-15 09:15:49',NULL,'2012-10-31 22:45:05','2021-07-07 16:46:25'),(187,1,18,'2017-02-26 23:05:09',NULL,'2018-05-30 21:33:49','2021-07-07 16:46:46'),(188,1,18,'2014-04-23 08:44:41',NULL,'1983-12-28 09:24:09','2021-07-07 16:46:46'),(189,1,99,'1975-08-18 09:40:38',NULL,'1989-10-17 13:15:36','2021-07-07 16:46:46'),(190,1,99,'1986-11-15 09:20:25',NULL,'2014-10-31 03:19:37','2021-07-07 16:46:46'),(191,1,6,'1991-05-13 12:23:23',NULL,'2006-02-18 00:58:12','2021-07-07 16:46:25'),(192,1,18,'2005-04-18 11:13:11',NULL,'2014-03-25 21:27:47','2021-07-07 16:46:46'),(193,1,6,'2014-08-07 06:31:31',NULL,'2019-06-12 00:49:34','2021-07-07 16:46:25'),(194,1,18,'2013-03-08 20:54:44',NULL,'1991-05-24 09:49:15','2021-07-07 16:46:46'),(195,1,28,'1970-07-05 13:22:44',NULL,'2004-06-21 10:44:10','2021-07-07 16:46:46'),(196,1,28,'1984-09-04 21:46:00',NULL,'2003-01-11 21:58:53','2021-07-07 16:46:46'),(197,1,18,'1996-08-24 23:08:50',NULL,'2012-03-27 22:51:05','2021-07-07 16:46:46'),(198,1,6,'1993-07-29 01:06:41',NULL,'2016-03-20 13:32:10','2021-07-07 16:46:25'),(199,1,6,'1972-04-30 07:33:24',NULL,'2016-08-06 03:04:04','2021-07-07 16:46:25'),(200,1,28,'1989-12-27 04:17:22',NULL,'2000-01-17 12:43:45','2021-07-07 16:46:46'),(201,6,1,'1994-11-13 09:53:36',NULL,'1978-01-29 14:27:18','2021-07-07 16:35:34'),(202,1,28,'1976-07-06 18:38:37',NULL,'2005-10-29 19:34:50','2021-07-07 16:46:46'),(203,1,99,'2006-04-27 06:49:04',NULL,'1999-01-04 12:28:56','2021-07-07 16:46:46'),(204,1,6,'2013-07-06 22:05:28',NULL,'1972-08-11 20:59:47','2021-07-07 16:46:25'),(205,1,6,'1982-08-02 19:47:27',NULL,'1984-05-21 04:39:19','2021-07-07 16:46:25'),(206,1,99,'2014-05-03 19:54:02',NULL,'1990-09-23 10:23:33','2021-07-07 16:46:46'),(207,1,18,'1979-10-08 14:42:43',NULL,'2019-05-14 15:06:13','2021-07-07 16:46:46'),(208,1,28,'2016-11-19 16:05:29',NULL,'1995-06-20 06:01:32','2021-07-07 16:46:46'),(209,1,18,'2012-01-18 19:38:13',NULL,'2000-03-21 03:49:31','2021-07-07 16:46:46'),(210,1,18,'2001-07-21 19:09:08',NULL,'1977-10-22 19:42:36','2021-07-07 16:46:46'),(211,1,28,'1984-05-29 01:50:29',NULL,'1972-11-24 08:21:06','2021-07-07 16:46:46'),(212,1,99,'1984-12-11 08:56:42',NULL,'2002-04-16 20:29:07','2021-07-07 16:46:46'),(213,1,28,'2019-08-09 03:25:48',NULL,'1992-11-24 05:53:33','2021-07-07 16:46:46'),(214,1,18,'2013-03-04 18:29:09',NULL,'1991-01-22 20:39:53','2021-07-07 16:46:46'),(215,1,99,'2009-08-29 02:39:02',NULL,'1987-02-20 12:02:56','2021-07-07 16:46:46'),(216,1,28,'1970-07-28 07:55:07',NULL,'2005-08-02 10:23:28','2021-07-07 16:46:46'),(217,1,28,'2003-09-08 09:03:02',NULL,'2007-07-08 15:38:28','2021-07-07 16:46:46'),(218,1,99,'1992-10-20 14:09:50',NULL,'1984-12-25 20:39:49','2021-07-07 16:46:46'),(219,1,18,'2013-02-14 12:09:32',NULL,'2013-09-26 17:28:38','2021-07-07 16:46:46'),(220,1,6,'1974-03-02 13:51:24',NULL,'2000-05-01 08:16:03','2021-07-07 16:46:25'),(221,1,6,'1985-05-04 14:30:32',NULL,'1974-11-28 08:10:28','2021-07-07 16:46:25'),(222,1,18,'1978-11-25 23:44:11',NULL,'2000-04-17 08:47:57','2021-07-07 16:46:46'),(223,1,6,'1984-04-28 07:02:05',NULL,'2020-02-13 23:41:24','2021-07-07 16:46:25'),(224,1,6,'2014-10-03 22:03:56',NULL,'1990-08-28 18:25:42','2021-07-07 16:46:25'),(225,1,6,'1992-01-27 09:25:41',NULL,'2006-12-03 08:42:29','2021-07-07 16:46:25'),(226,1,6,'1983-05-08 16:52:27',NULL,'2003-06-28 08:22:42','2021-07-07 16:46:25'),(227,1,18,'2019-07-21 02:31:42',NULL,'1987-09-27 15:30:14','2021-07-07 16:46:46'),(228,1,6,'1988-08-20 02:25:03',NULL,'1981-08-17 15:15:00','2021-07-07 16:46:25'),(229,1,18,'1985-09-08 20:40:34',NULL,'1992-08-04 16:29:40','2021-07-07 16:46:46'),(230,1,99,'1983-09-01 19:39:08',NULL,'2002-12-07 01:18:22','2021-07-07 16:46:46'),(231,1,99,'1990-06-04 03:09:02',NULL,'1973-06-20 23:52:09','2021-07-07 16:46:46'),(232,1,18,'1991-12-28 07:37:58',NULL,'1970-09-16 15:36:00','2021-07-07 16:46:46'),(233,1,18,'1996-09-29 17:56:09',NULL,'2018-04-20 02:32:09','2021-07-07 16:46:46'),(234,1,6,'2012-03-25 02:36:51',NULL,'1978-05-06 17:31:22','2021-07-07 16:46:25'),(235,1,18,'2019-03-07 06:47:35',NULL,'1975-09-20 12:27:13','2021-07-07 16:46:46'),(236,1,18,'1983-03-12 04:14:21',NULL,'1985-10-22 12:20:34','2021-07-07 16:46:46'),(237,1,99,'1977-07-01 14:00:11',NULL,'1972-11-24 12:00:13','2021-07-07 16:46:46'),(238,1,28,'2019-11-08 10:01:42',NULL,'1991-11-18 23:33:25','2021-07-07 16:46:46'),(239,1,28,'2020-09-05 19:30:57',NULL,'1998-07-01 14:44:31','2021-07-07 16:46:46'),(240,1,6,'1979-01-25 18:24:07',NULL,'1972-08-22 09:11:00','2021-07-07 16:46:25'),(241,1,6,'2016-03-27 05:22:02',NULL,'2017-10-01 06:28:57','2021-07-07 16:46:25'),(242,1,28,'1999-08-02 19:36:29',NULL,'2002-06-28 22:51:16','2021-07-07 16:46:46'),(243,1,99,'1988-08-08 05:57:36',NULL,'1981-05-28 00:31:05','2021-07-07 16:46:46'),(244,1,28,'2005-09-04 21:20:12',NULL,'2007-09-22 16:51:31','2021-07-07 16:46:46'),(245,1,99,'1991-03-07 02:14:33',NULL,'2011-08-20 00:20:28','2021-07-07 16:46:46'),(246,1,6,'1975-08-29 05:27:58',NULL,'1975-10-28 13:56:43','2021-07-07 16:46:25'),(247,1,99,'1990-01-01 21:03:04',NULL,'1981-01-08 21:42:08','2021-07-07 16:46:46'),(248,1,6,'2002-04-20 22:26:42',NULL,'2020-06-27 17:29:01','2021-07-07 16:46:25'),(249,1,99,'1994-04-13 21:27:18',NULL,'2004-11-08 05:47:43','2021-07-07 16:46:46'),(250,1,18,'1988-10-04 18:42:06',NULL,'1981-04-03 22:19:22','2021-07-07 16:46:46'),(251,1,18,'2020-01-24 10:02:10',NULL,'1986-01-31 00:38:55','2021-07-07 16:46:46'),(252,1,6,'1986-06-07 02:52:15',NULL,'2001-04-17 06:37:51','2021-07-07 16:46:25'),(253,1,99,'1989-03-01 14:42:46',NULL,'2008-02-02 20:27:43','2021-07-07 16:46:46'),(254,1,99,'1977-08-31 04:02:05',NULL,'1974-01-24 08:02:18','2021-07-07 16:46:46'),(255,1,6,'1989-08-11 02:00:17',NULL,'1999-06-17 03:46:45','2021-07-07 16:46:25'),(256,1,18,'1991-10-23 15:57:30',NULL,'1988-02-03 20:25:04','2021-07-07 16:46:46'),(257,1,99,'1987-07-16 20:55:41',NULL,'2016-06-17 01:33:47','2021-07-07 16:46:46'),(258,1,6,'2002-01-26 08:14:18',NULL,'1971-02-24 23:29:32','2021-07-07 16:46:25'),(259,1,18,'2003-11-30 05:49:51',NULL,'2021-02-23 02:32:46','2021-07-07 16:46:46'),(260,1,28,'1990-06-15 19:57:31',NULL,'1971-10-19 19:03:04','2021-07-07 16:46:46'),(261,1,99,'1971-07-22 08:24:10',NULL,'2017-12-12 13:49:45','2021-07-07 16:46:46'),(262,1,28,'2009-08-15 22:39:25',NULL,'2013-03-29 12:47:23','2021-07-07 16:46:46'),(263,1,6,'2007-06-30 18:52:39',NULL,'2001-05-27 06:47:09','2021-07-07 16:46:25'),(264,1,28,'2006-12-02 01:15:13',NULL,'2014-04-13 05:16:50','2021-07-07 16:46:46'),(265,1,28,'1978-10-31 23:59:41',NULL,'2001-07-09 08:48:42','2021-07-07 16:46:46'),(266,1,18,'2018-06-08 01:01:43',NULL,'1977-07-30 10:55:42','2021-07-07 16:46:46'),(267,1,28,'2002-10-24 16:18:00',NULL,'1991-03-11 09:46:59','2021-07-07 16:46:46'),(268,1,28,'2005-03-19 11:57:42',NULL,'1971-06-17 13:02:33','2021-07-07 16:46:46'),(269,1,28,'1999-07-25 10:25:36',NULL,'2013-10-11 19:11:29','2021-07-07 16:46:46'),(270,1,99,'2018-09-17 09:39:45',NULL,'1975-05-07 00:05:10','2021-07-07 16:46:46'),(271,1,18,'2001-09-02 15:46:05',NULL,'2000-09-13 21:15:55','2021-07-07 16:46:46'),(272,1,99,'1986-02-07 07:03:45',NULL,'2010-09-07 17:23:28','2021-07-07 16:46:46'),(273,1,6,'1973-05-07 13:32:22',NULL,'2016-02-27 06:38:21','2021-07-07 16:46:25'),(274,1,28,'1990-09-09 16:47:22',NULL,'2008-04-08 07:32:34','2021-07-07 16:46:46'),(275,1,6,'2006-02-19 19:02:48',NULL,'2010-04-16 06:22:21','2021-07-07 16:46:25'),(276,1,99,'1980-11-25 01:32:20',NULL,'2020-12-04 04:06:23','2021-07-07 16:46:46'),(277,1,18,'2015-07-02 16:10:42',NULL,'2018-04-26 01:09:23','2021-07-07 16:46:46'),(278,1,28,'1999-11-17 09:05:30',NULL,'2013-08-13 09:13:43','2021-07-07 16:46:46'),(279,1,28,'2001-05-31 18:47:00',NULL,'1990-01-16 14:12:03','2021-07-07 16:46:46'),(280,1,6,'1996-12-01 23:00:36',NULL,'1999-08-26 15:33:41','2021-07-07 16:46:25'),(281,1,28,'2000-12-11 11:37:30',NULL,'1980-02-20 23:57:24','2021-07-07 16:46:46'),(282,1,6,'1986-02-24 01:36:43',NULL,'2011-07-14 08:41:17','2021-07-07 16:46:25'),(283,1,18,'1999-06-16 01:22:43',NULL,'1982-02-28 07:47:41','2021-07-07 16:46:46'),(284,1,99,'2006-11-24 07:26:47',NULL,'2019-10-22 12:22:40','2021-07-07 16:46:46'),(285,1,28,'1999-03-23 18:39:02',NULL,'2018-07-23 19:30:12','2021-07-07 16:46:46'),(286,1,18,'1992-01-07 14:38:18',NULL,'2006-06-30 08:33:07','2021-07-07 16:46:46'),(287,1,6,'2020-01-01 12:26:42',NULL,'1988-07-03 01:33:09','2021-07-07 16:46:25'),(288,1,6,'2021-01-15 11:02:49',NULL,'1982-01-25 04:24:59','2021-07-07 16:46:25'),(289,1,18,'2011-06-17 19:19:04',NULL,'2008-10-24 11:04:51','2021-07-07 16:46:46'),(290,1,6,'1987-11-15 06:55:17',NULL,'1982-08-29 01:17:26','2021-07-07 16:46:25'),(291,1,18,'2010-01-27 22:38:07',NULL,'1997-04-17 14:28:45','2021-07-07 16:46:46'),(292,1,99,'1989-04-10 07:03:53',NULL,'2001-02-08 10:22:48','2021-07-07 16:46:46'),(293,1,6,'1987-08-20 15:00:01',NULL,'1998-08-07 12:08:23','2021-07-07 16:46:25'),(294,1,6,'1975-07-23 23:14:03',NULL,'1988-01-06 08:36:48','2021-07-07 16:46:25'),(295,1,28,'2000-10-26 03:39:57',NULL,'1988-06-01 16:16:06','2021-07-07 16:46:46'),(296,1,99,'2004-06-27 09:25:30',NULL,'2004-07-17 22:36:04','2021-07-07 16:46:46'),(297,1,28,'1983-10-04 16:07:08',NULL,'1998-08-30 01:18:57','2021-07-07 16:46:46'),(298,1,18,'1988-08-22 04:48:20',NULL,'1989-09-10 07:09:34','2021-07-07 16:46:46'),(299,1,99,'2009-04-14 09:35:12',NULL,'2011-05-27 04:07:37','2021-07-07 16:46:46'),(300,1,99,'2001-12-28 20:48:05',NULL,'2005-01-06 00:09:11','2021-07-07 16:46:46'),(301,6,1,'2002-06-23 02:21:56',NULL,'2006-12-18 00:45:59','2021-07-07 16:35:34'),(302,1,18,'1972-04-07 03:18:51',NULL,'1982-07-26 21:31:01','2021-07-07 16:46:46'),(303,1,28,'1997-10-29 08:27:03',NULL,'1984-03-09 22:16:55','2021-07-07 16:46:46'),(304,1,6,'2019-01-03 13:25:31',NULL,'1980-07-11 00:55:31','2021-07-07 16:46:25'),(305,1,6,'1987-08-10 00:07:34',NULL,'1999-02-01 15:02:14','2021-07-07 16:46:25'),(306,1,18,'2017-10-14 07:34:14',NULL,'1976-03-02 22:31:45','2021-07-07 16:46:46'),(307,1,28,'1980-11-16 01:51:58',NULL,'2000-12-27 07:23:01','2021-07-07 16:46:46'),(308,1,28,'2015-12-13 13:00:27',NULL,'2010-11-14 00:49:38','2021-07-07 16:46:46'),(309,1,99,'1982-10-30 11:18:41',NULL,'1972-07-12 09:09:37','2021-07-07 16:46:46'),(310,1,99,'1982-10-07 05:11:45',NULL,'1983-04-09 16:02:15','2021-07-07 16:46:46'),(311,1,6,'2015-08-29 00:18:15',NULL,'2007-09-18 15:19:14','2021-07-07 16:46:25'),(312,1,28,'1986-07-01 00:40:04',NULL,'1970-05-28 12:12:56','2021-07-07 16:46:46'),(313,1,18,'1995-04-01 10:48:05',NULL,'1985-05-08 01:30:18','2021-07-07 16:46:46'),(314,1,18,'2020-06-06 10:44:08',NULL,'1984-12-17 11:00:46','2021-07-07 16:46:46'),(315,1,18,'1995-10-13 03:17:04',NULL,'1977-01-28 03:44:16','2021-07-07 16:46:46'),(316,1,18,'2005-12-09 06:06:54',NULL,'2014-01-05 13:23:24','2021-07-07 16:46:46'),(317,1,99,'2011-03-09 09:43:45',NULL,'1971-07-08 18:40:40','2021-07-07 16:46:46'),(318,1,18,'1974-03-09 18:40:27',NULL,'1990-01-18 02:55:40','2021-07-07 16:46:46'),(319,1,6,'1991-02-14 12:06:12',NULL,'1990-10-11 05:16:28','2021-07-07 16:46:25'),(320,1,6,'1990-03-15 00:53:10',NULL,'2009-11-12 04:43:36','2021-07-07 16:46:25'),(321,1,6,'2021-06-09 18:00:29',NULL,'1999-11-20 05:48:59','2021-07-07 16:46:25'),(322,1,99,'1988-11-19 10:22:25',NULL,'2000-04-14 20:05:36','2021-07-07 16:46:46'),(323,1,28,'1976-09-19 22:15:16',NULL,'2004-12-14 20:42:31','2021-07-07 16:46:46'),(324,1,99,'2000-01-16 01:51:43',NULL,'1996-03-25 02:06:20','2021-07-07 16:46:46'),(325,1,99,'2006-06-28 16:45:22',NULL,'1985-06-10 11:40:56','2021-07-07 16:46:46'),(326,1,99,'2010-09-19 08:27:51',NULL,'2006-08-30 14:38:52','2021-07-07 16:46:46'),(327,1,6,'2011-08-14 16:32:03',NULL,'1973-02-14 15:11:24','2021-07-07 16:46:25'),(328,1,28,'2013-07-25 20:39:52',NULL,'1971-02-17 06:45:49','2021-07-07 16:46:46'),(329,1,18,'2013-09-11 04:56:16',NULL,'1995-01-31 09:57:45','2021-07-07 16:46:46'),(330,1,6,'1995-04-20 06:47:14',NULL,'1999-12-02 11:33:25','2021-07-07 16:46:25'),(331,1,18,'1978-01-27 08:00:59',NULL,'1988-06-10 11:04:08','2021-07-07 16:46:46'),(332,1,18,'1978-03-18 17:16:20',NULL,'1974-03-27 01:36:08','2021-07-07 16:46:46'),(333,1,18,'2009-03-03 14:57:58',NULL,'1990-07-18 10:37:38','2021-07-07 16:46:46'),(334,1,6,'1977-03-20 08:12:54',NULL,'1983-02-05 19:25:28','2021-07-07 16:46:25'),(335,1,28,'1981-02-28 11:23:02',NULL,'2009-07-10 03:47:52','2021-07-07 16:46:46'),(336,1,99,'1973-09-07 10:47:51',NULL,'1970-04-16 03:49:58','2021-07-07 16:46:46'),(337,1,28,'1976-12-07 20:07:08',NULL,'1985-04-02 22:45:47','2021-07-07 16:46:46'),(338,1,28,'1984-07-31 02:15:45',NULL,'2002-01-23 06:44:34','2021-07-07 16:46:46'),(339,1,99,'2006-03-11 06:47:47',NULL,'1988-04-06 14:12:21','2021-07-07 16:46:46'),(340,1,18,'1975-02-25 11:14:29',NULL,'2014-03-01 07:48:02','2021-07-07 16:46:46'),(341,1,6,'1980-08-11 01:27:10',NULL,'1979-12-11 16:59:38','2021-07-07 16:46:25'),(342,1,18,'2007-07-12 18:15:03',NULL,'1979-12-04 05:27:22','2021-07-07 16:46:46'),(343,1,99,'2011-05-12 08:22:49',NULL,'1977-06-25 04:44:36','2021-07-07 16:46:46'),(344,1,6,'1992-01-09 19:19:59',NULL,'1998-12-08 00:39:03','2021-07-07 16:46:25'),(345,1,6,'1983-02-05 15:12:21',NULL,'2009-02-03 09:04:04','2021-07-07 16:46:25'),(346,1,28,'1995-12-17 07:10:21',NULL,'2010-03-19 02:57:11','2021-07-07 16:46:46'),(347,1,99,'2007-01-05 16:26:15',NULL,'1987-03-31 23:32:13','2021-07-07 16:46:46'),(348,1,18,'2005-01-09 17:03:56',NULL,'1989-11-11 16:44:02','2021-07-07 16:46:46'),(349,1,99,'2019-04-02 01:27:53',NULL,'2014-05-19 10:01:59','2021-07-07 16:46:46'),(350,1,6,'2019-12-22 06:10:00',NULL,'1990-01-27 05:03:25','2021-07-07 16:46:25'),(351,1,18,'1992-08-18 22:01:15',NULL,'2016-07-11 21:03:06','2021-07-07 16:46:46'),(352,1,6,'2001-02-23 04:19:37',NULL,'1996-03-06 13:35:41','2021-07-07 16:46:25'),(353,1,18,'1990-09-25 09:03:33',NULL,'1985-09-15 22:28:23','2021-07-07 16:46:46'),(354,1,18,'2008-08-24 23:13:36',NULL,'1994-07-11 18:30:43','2021-07-07 16:46:46'),(355,1,18,'2009-08-25 16:50:18',NULL,'2015-02-04 02:51:04','2021-07-07 16:46:46'),(356,1,6,'2012-03-13 22:28:23',NULL,'2014-12-20 00:16:47','2021-07-07 16:46:25'),(357,1,18,'2004-03-18 21:59:06',NULL,'1989-10-23 08:31:17','2021-07-07 16:46:46'),(358,1,28,'2010-08-24 10:44:04',NULL,'1971-01-25 10:53:12','2021-07-07 16:46:46'),(359,1,18,'2006-11-20 03:07:44',NULL,'1985-08-12 05:22:12','2021-07-07 16:46:46'),(360,1,28,'1975-09-09 12:50:24',NULL,'1977-11-23 05:46:53','2021-07-07 16:46:46'),(361,1,28,'2017-01-14 21:20:35',NULL,'2015-02-16 17:55:19','2021-07-07 16:46:46'),(362,1,28,'1978-12-19 22:04:16',NULL,'2001-06-12 16:30:22','2021-07-07 16:46:46'),(363,1,28,'1973-02-28 02:06:29',NULL,'1996-11-13 01:09:34','2021-07-07 16:46:46'),(364,1,99,'1978-10-09 08:37:04',NULL,'1990-05-06 12:46:37','2021-07-07 16:46:46'),(365,1,99,'2006-07-30 04:55:51',NULL,'1995-10-15 15:52:34','2021-07-07 16:46:46'),(366,1,18,'2007-12-08 17:57:08',NULL,'1996-01-08 07:04:29','2021-07-07 16:46:46'),(367,1,6,'2004-08-03 08:09:16',NULL,'2010-06-10 02:05:12','2021-07-07 16:46:25'),(368,1,28,'1986-11-05 22:49:42',NULL,'2011-07-11 12:51:57','2021-07-07 16:46:46'),(369,1,6,'1988-12-15 03:14:24',NULL,'2005-02-02 21:47:45','2021-07-07 16:46:25'),(370,1,99,'2009-03-03 21:49:32',NULL,'1981-05-23 08:22:37','2021-07-07 16:46:46'),(371,1,28,'1989-11-24 09:02:12',NULL,'2008-06-01 17:43:52','2021-07-07 16:46:46'),(372,1,28,'1998-03-29 16:41:24',NULL,'1993-02-14 06:00:34','2021-07-07 16:46:46'),(373,1,6,'1986-06-23 08:22:06',NULL,'2010-07-24 23:07:00','2021-07-07 16:46:25'),(374,1,6,'1981-05-06 23:42:01',NULL,'1983-09-09 14:57:11','2021-07-07 16:46:25'),(375,1,99,'1972-04-09 02:57:46',NULL,'1975-10-21 11:09:39','2021-07-07 16:46:46'),(376,1,99,'1995-08-21 13:29:04',NULL,'1984-05-30 20:23:46','2021-07-07 16:46:46'),(377,1,18,'1983-01-14 05:28:14',NULL,'2003-04-21 22:03:54','2021-07-07 16:46:46'),(378,1,28,'2001-05-11 08:42:33',NULL,'2005-02-28 05:41:10','2021-07-07 16:46:46'),(379,1,99,'2011-03-12 22:52:42',NULL,'2002-03-20 07:13:03','2021-07-07 16:46:46'),(380,1,6,'1998-12-25 01:14:38',NULL,'1992-11-06 23:16:00','2021-07-07 16:46:25'),(381,1,6,'2019-04-15 12:19:09',NULL,'2016-12-20 13:21:58','2021-07-07 16:46:25'),(382,1,28,'1979-06-19 18:52:06',NULL,'1974-01-03 03:04:36','2021-07-07 16:46:46'),(383,1,6,'2012-04-09 15:07:01',NULL,'1992-07-12 06:26:49','2021-07-07 16:46:25'),(384,1,28,'2017-09-16 23:08:46',NULL,'2012-03-23 18:27:58','2021-07-07 16:46:46'),(385,1,18,'2013-01-20 16:11:34',NULL,'1999-02-23 04:06:52','2021-07-07 16:46:46'),(386,1,99,'1995-05-23 16:11:28',NULL,'2010-02-01 17:19:35','2021-07-07 16:46:46'),(387,1,18,'2016-01-17 18:25:37',NULL,'1976-09-10 05:59:59','2021-07-07 16:46:46'),(388,1,28,'2019-05-27 02:25:44',NULL,'1988-06-10 05:05:01','2021-07-07 16:46:46'),(389,1,18,'1995-08-29 22:27:31',NULL,'1970-04-04 15:42:25','2021-07-07 16:46:46'),(390,1,6,'1970-10-26 14:33:02',NULL,'1981-10-24 16:06:02','2021-07-07 16:46:25'),(391,1,99,'2005-07-30 08:30:18',NULL,'1993-06-23 15:32:21','2021-07-07 16:46:46'),(392,1,28,'1974-01-13 22:45:36',NULL,'1991-07-15 08:43:56','2021-07-07 16:46:46'),(393,1,18,'1991-12-23 00:50:41',NULL,'2011-02-28 22:27:21','2021-07-07 16:46:46'),(394,1,99,'1983-03-06 23:40:06',NULL,'2010-09-29 10:02:30','2021-07-07 16:46:46'),(395,1,28,'2006-10-15 23:14:48',NULL,'2018-09-21 05:32:57','2021-07-07 16:46:46'),(396,1,99,'1993-01-25 10:05:10',NULL,'1973-01-17 13:27:56','2021-07-07 16:46:46'),(397,1,6,'2000-04-17 16:17:38',NULL,'1977-01-26 08:39:26','2021-07-07 16:46:25'),(398,1,28,'2009-10-18 12:29:38',NULL,'1974-03-02 19:19:34','2021-07-07 16:46:46'),(399,1,28,'2005-05-16 12:04:13',NULL,'1981-05-10 22:07:29','2021-07-07 16:46:46'),(400,1,6,'2016-02-04 17:16:08',NULL,'2018-06-22 03:22:25','2021-07-07 16:46:25'),(401,6,1,'2001-04-22 01:49:22',NULL,'1975-01-01 12:05:14','2021-07-07 16:35:34'),(402,1,28,'2021-06-23 06:24:07',NULL,'2020-12-02 22:44:28','2021-07-07 16:46:46'),(403,1,18,'2005-11-21 00:38:40',NULL,'2011-08-09 05:22:11','2021-07-07 16:46:46'),(404,1,6,'2012-01-15 17:25:40',NULL,'2012-02-16 04:21:40','2021-07-07 16:46:25'),(405,1,6,'1982-05-05 02:28:28',NULL,'1986-11-29 13:29:26','2021-07-07 16:46:25'),(406,1,18,'1978-09-04 00:09:46',NULL,'1980-08-27 23:59:30','2021-07-07 16:46:46'),(407,1,18,'1974-07-20 00:18:07',NULL,'1972-10-22 07:10:23','2021-07-07 16:46:46'),(408,1,28,'2008-01-28 01:05:03',NULL,'1995-11-20 15:40:43','2021-07-07 16:46:46'),(409,1,28,'1998-07-10 16:16:18',NULL,'2019-09-21 15:07:47','2021-07-07 16:46:46'),(410,1,99,'1970-04-15 07:16:09',NULL,'1971-12-27 18:28:59','2021-07-07 16:46:46'),(411,1,99,'1974-05-06 09:22:49',NULL,'1981-01-05 10:41:33','2021-07-07 16:46:46'),(412,1,6,'1971-02-19 21:44:47',NULL,'1979-03-22 09:42:12','2021-07-07 16:46:25'),(413,1,99,'2007-02-18 08:28:41',NULL,'1971-05-14 01:21:02','2021-07-07 16:46:46'),(414,1,18,'1995-05-27 21:36:13',NULL,'2010-06-08 04:06:48','2021-07-07 16:46:46'),(415,1,99,'2010-12-10 14:49:35',NULL,'2015-10-30 19:24:34','2021-07-07 16:46:46'),(416,1,6,'1985-05-28 08:08:32',NULL,'2005-09-28 03:29:18','2021-07-07 16:46:25'),(417,1,18,'1974-02-18 02:45:45',NULL,'2016-04-23 10:11:00','2021-07-07 16:46:46'),(418,1,99,'1973-05-27 09:57:33',NULL,'1975-04-28 02:16:27','2021-07-07 16:46:46'),(419,1,99,'1988-04-28 07:04:39',NULL,'1994-12-14 07:42:40','2021-07-07 16:46:46'),(420,1,18,'1976-04-03 13:10:34',NULL,'1976-01-29 05:21:24','2021-07-07 16:46:46'),(421,1,99,'2019-07-20 11:08:11',NULL,'2019-06-07 23:23:00','2021-07-07 16:46:46'),(422,1,6,'2019-01-07 15:40:26',NULL,'2020-06-20 10:54:41','2021-07-07 16:46:25'),(423,1,6,'2018-12-23 19:58:29',NULL,'1983-07-26 05:19:02','2021-07-07 16:46:25'),(424,1,6,'1972-12-31 22:08:28',NULL,'2015-12-07 19:02:32','2021-07-07 16:46:25'),(425,1,28,'1991-07-26 07:55:24',NULL,'2018-01-30 06:09:25','2021-07-07 16:46:46'),(426,1,28,'2001-04-20 04:54:26',NULL,'1998-09-24 01:16:10','2021-07-07 16:46:46'),(427,1,99,'1979-06-06 01:29:11',NULL,'2001-06-28 09:14:47','2021-07-07 16:46:46'),(428,1,99,'2005-07-31 10:55:45',NULL,'1970-02-23 01:38:49','2021-07-07 16:46:46'),(429,1,18,'1982-02-26 03:49:35',NULL,'1971-03-18 08:20:58','2021-07-07 16:46:46'),(430,1,6,'1984-12-30 05:06:04',NULL,'1985-09-24 08:28:45','2021-07-07 16:46:25'),(431,1,6,'1970-02-12 21:03:00',NULL,'2016-07-02 09:37:21','2021-07-07 16:46:25'),(432,1,99,'2007-02-26 15:33:47',NULL,'1987-12-11 01:22:49','2021-07-07 16:46:46'),(433,1,18,'2008-04-21 17:30:16',NULL,'1974-05-06 14:10:25','2021-07-07 16:46:46'),(434,1,6,'1982-06-07 02:48:22',NULL,'2020-10-30 11:00:19','2021-07-07 16:46:25'),(435,1,28,'2000-12-30 20:14:38',NULL,'1996-04-07 14:05:54','2021-07-07 16:46:46'),(436,1,28,'1975-03-04 20:45:06',NULL,'1997-06-09 07:17:30','2021-07-07 16:46:46'),(437,1,6,'1983-03-22 23:19:58',NULL,'1982-03-03 05:31:32','2021-07-07 16:46:25'),(438,1,28,'1976-01-20 13:10:13',NULL,'1978-06-04 02:52:42','2021-07-07 16:46:46'),(439,1,28,'2002-05-01 13:45:40',NULL,'2002-05-13 09:07:36','2021-07-07 16:46:46'),(440,1,99,'2006-04-04 11:33:33',NULL,'2007-03-18 20:08:36','2021-07-07 16:46:46'),(441,1,6,'2013-09-27 00:17:17',NULL,'1984-07-28 01:37:33','2021-07-07 16:46:25'),(442,1,28,'2003-05-16 19:47:23',NULL,'2015-11-10 21:57:31','2021-07-07 16:46:46'),(443,1,6,'1971-03-23 23:33:39',NULL,'2005-07-30 12:09:28','2021-07-07 16:46:25'),(444,1,6,'1994-02-23 13:23:54',NULL,'1987-04-27 16:08:12','2021-07-07 16:46:25'),(445,1,28,'2021-02-15 06:49:09',NULL,'2021-05-05 20:07:40','2021-07-07 16:46:46'),(446,1,6,'1985-01-16 11:34:54',NULL,'2010-11-20 20:38:51','2021-07-07 16:46:25'),(447,1,18,'2018-07-27 23:10:09',NULL,'2021-06-12 15:49:27','2021-07-07 16:46:46'),(448,1,6,'2018-04-26 01:30:52',NULL,'2020-12-16 02:33:09','2021-07-07 16:46:25'),(449,1,18,'1978-07-10 23:20:10',NULL,'2006-06-05 13:12:15','2021-07-07 16:46:46'),(450,1,99,'1970-02-11 05:14:07',NULL,'1977-06-21 23:08:19','2021-07-07 16:46:46'),(451,1,6,'2001-07-06 13:24:30',NULL,'1978-10-28 15:43:33','2021-07-07 16:46:25'),(452,1,6,'2010-02-04 04:52:48',NULL,'1979-09-14 14:45:20','2021-07-07 16:46:25'),(453,1,6,'1978-06-18 16:12:54',NULL,'1983-02-24 06:32:42','2021-07-07 16:46:25'),(454,1,99,'1984-12-13 09:01:47',NULL,'2014-07-24 17:40:38','2021-07-07 16:46:46'),(455,1,28,'2013-04-02 15:24:30',NULL,'2013-05-08 23:57:21','2021-07-07 16:46:46'),(456,1,6,'2006-05-24 06:42:42',NULL,'1985-09-05 13:56:18','2021-07-07 16:46:25'),(457,1,28,'2009-06-27 19:07:42',NULL,'2019-01-07 17:03:34','2021-07-07 16:46:46'),(458,1,18,'1970-01-20 07:08:06',NULL,'2001-12-18 23:13:52','2021-07-07 16:46:46'),(459,1,99,'2002-01-31 04:21:57',NULL,'2016-08-31 12:15:19','2021-07-07 16:46:46'),(460,1,6,'1994-07-22 11:57:09',NULL,'1990-12-29 13:38:29','2021-07-07 16:46:25'),(461,1,99,'2014-10-01 18:04:43',NULL,'2019-07-18 04:56:36','2021-07-07 16:46:46'),(462,1,6,'1970-03-15 07:18:23',NULL,'2003-05-10 14:09:27','2021-07-07 16:46:25'),(463,1,6,'2013-09-06 17:37:16',NULL,'2015-10-17 06:15:39','2021-07-07 16:46:25'),(464,1,28,'2001-11-28 18:24:03',NULL,'1980-09-22 15:40:00','2021-07-07 16:46:46'),(465,1,99,'2004-02-16 09:34:51',NULL,'1998-12-24 07:51:07','2021-07-07 16:46:46'),(466,1,6,'2018-02-25 05:57:29',NULL,'1994-08-25 10:21:25','2021-07-07 16:46:25'),(467,1,18,'1978-01-27 17:17:11',NULL,'1995-04-18 02:04:50','2021-07-07 16:46:46'),(468,1,99,'1994-08-26 20:22:08',NULL,'2014-11-30 13:26:23','2021-07-07 16:46:46'),(469,1,6,'1989-09-08 17:02:57',NULL,'1971-05-15 11:59:46','2021-07-07 16:46:25'),(470,1,99,'1987-04-21 05:12:04',NULL,'1998-05-11 20:11:37','2021-07-07 16:46:46'),(471,1,99,'1975-09-06 20:52:33',NULL,'2002-01-11 00:38:52','2021-07-07 16:46:46'),(472,1,28,'2000-08-30 12:58:35',NULL,'1971-10-15 00:27:16','2021-07-07 16:46:46'),(473,1,18,'1991-04-21 04:44:25',NULL,'1984-06-06 04:52:03','2021-07-07 16:46:46'),(474,1,99,'2010-12-11 10:39:36',NULL,'2006-07-15 11:26:32','2021-07-07 16:46:46'),(475,1,28,'1985-02-03 05:49:55',NULL,'2009-06-20 08:52:07','2021-07-07 16:46:46'),(476,1,6,'2007-06-02 12:42:33',NULL,'1989-08-24 06:27:58','2021-07-07 16:46:25'),(477,1,6,'2018-04-13 16:40:15',NULL,'1978-09-09 03:17:42','2021-07-07 16:46:25'),(478,1,28,'1994-04-22 14:53:35',NULL,'1994-10-12 00:08:56','2021-07-07 16:46:46'),(479,1,18,'1997-01-15 00:38:21',NULL,'2007-10-12 08:54:17','2021-07-07 16:46:46'),(480,1,28,'2002-12-26 01:33:26',NULL,'1997-10-08 13:09:57','2021-07-07 16:46:46'),(481,1,6,'1979-10-31 17:44:00',NULL,'2008-10-29 07:49:16','2021-07-07 16:46:25'),(482,1,28,'1977-04-13 22:36:58',NULL,'1970-06-29 14:11:33','2021-07-07 16:46:46'),(483,1,28,'1972-09-19 04:12:13',NULL,'2015-07-08 05:20:36','2021-07-07 16:46:46'),(484,1,6,'1981-04-25 11:27:57',NULL,'2003-11-08 21:35:46','2021-07-07 16:46:25'),(485,1,18,'1984-08-05 11:50:09',NULL,'1990-11-30 13:02:33','2021-07-07 16:46:46'),(486,1,6,'1989-10-18 20:42:19',NULL,'2012-03-19 07:44:16','2021-07-07 16:46:25'),(487,1,6,'1981-01-07 06:58:26',NULL,'1993-03-14 10:19:46','2021-07-07 16:46:25'),(488,1,28,'2015-08-07 18:00:48',NULL,'1982-07-06 00:16:54','2021-07-07 16:46:46'),(489,1,6,'1985-08-02 20:18:07',NULL,'1974-12-20 13:41:11','2021-07-07 16:46:25'),(490,1,6,'1972-12-24 01:19:03',NULL,'1975-03-17 20:19:10','2021-07-07 16:46:25'),(491,1,6,'2002-03-31 07:43:22',NULL,'2011-02-15 13:28:12','2021-07-07 16:46:25'),(492,1,6,'1976-03-17 22:10:49',NULL,'2017-09-07 12:30:26','2021-07-07 16:46:25'),(493,1,99,'1982-02-27 17:42:41',NULL,'1977-12-29 23:36:56','2021-07-07 16:46:46'),(494,1,18,'2013-02-18 09:06:22',NULL,'1999-12-22 18:06:09','2021-07-07 16:46:46'),(495,1,28,'1978-08-29 10:09:45',NULL,'2011-01-22 08:48:55','2021-07-07 16:46:46'),(496,1,18,'1977-12-12 05:39:49',NULL,'2003-09-17 03:40:17','2021-07-07 16:46:46'),(497,1,99,'1989-09-12 09:30:02',NULL,'1989-01-07 03:58:55','2021-07-07 16:46:46'),(498,1,6,'1980-11-03 08:50:02',NULL,'1990-07-16 13:13:17','2021-07-07 16:46:25'),(499,1,6,'1984-01-16 05:15:04',NULL,'1986-04-14 05:15:23','2021-07-07 16:46:25'),(500,1,99,'2019-09-11 11:37:23',NULL,'1984-01-21 05:59:44','2021-07-07 16:46:46'),(501,6,1,'1998-09-04 18:08:32','1983-04-08 16:08:53','1983-08-10 18:06:33','2021-07-07 16:35:34'),(502,1,28,'1993-09-06 23:32:28',NULL,'2013-11-08 21:56:47','2021-07-07 16:46:46'),(503,1,28,'1993-05-20 00:28:40',NULL,'2010-11-28 07:06:42','2021-07-07 16:46:46'),(504,1,28,'2017-06-02 06:21:20',NULL,'2008-06-18 18:04:59','2021-07-07 16:46:46'),(505,1,6,'2015-11-18 19:24:23','1974-06-24 16:16:09','1990-10-01 13:43:12','2021-07-07 16:46:25'),(506,1,18,'2005-08-02 11:01:34',NULL,'1985-06-16 18:50:40','2021-07-07 16:46:46'),(507,1,99,'2018-08-27 13:35:30','1977-01-12 20:49:44','1987-08-15 13:39:25','2021-07-07 16:46:46'),(508,1,18,'2000-05-19 02:18:54','2008-09-26 06:42:18','2003-03-01 00:59:59','2021-07-07 16:46:46'),(509,1,18,'2019-03-15 09:47:29','1976-10-31 23:37:12','2000-07-29 11:00:08','2021-07-07 16:46:46'),(510,1,99,'1974-11-04 12:27:02',NULL,'2015-07-27 17:35:25','2021-07-07 16:46:46'),(511,1,18,'2020-03-24 10:36:35',NULL,'1987-05-09 21:24:32','2021-07-07 16:46:46'),(512,1,18,'2008-05-28 10:08:38',NULL,'1986-03-12 04:09:38','2021-07-07 16:46:46'),(513,1,18,'2020-07-14 05:44:50',NULL,'1991-10-20 23:05:49','2021-07-07 16:46:46'),(514,1,18,'2020-12-08 13:46:44',NULL,'1988-07-17 13:29:28','2021-07-07 16:46:46'),(515,1,28,'1982-10-19 09:09:28',NULL,'1981-11-19 21:18:56','2021-07-07 16:46:46'),(516,1,99,'2001-06-22 20:39:22','1994-06-26 15:49:38','2006-06-08 22:57:49','2021-07-07 16:46:46'),(517,1,28,'1995-04-11 18:16:57',NULL,'2000-12-19 19:33:19','2021-07-07 16:46:46'),(518,1,18,'1980-09-16 01:37:42',NULL,'1983-08-18 00:36:07','2021-07-07 16:46:46'),(519,1,18,'2004-06-16 01:06:00',NULL,'1987-01-08 05:31:34','2021-07-07 16:46:46'),(520,1,28,'1993-04-26 01:57:28','1998-08-24 16:32:29','2003-03-13 04:06:38','2021-07-07 16:46:46'),(521,1,99,'2016-12-28 03:24:41',NULL,'1981-11-05 05:29:57','2021-07-07 16:46:46'),(522,1,99,'2014-12-11 19:08:04',NULL,'2007-04-03 14:54:43','2021-07-07 16:46:46'),(523,1,6,'2012-10-15 15:11:27',NULL,'2016-10-16 08:58:10','2021-07-07 16:46:25'),(524,1,6,'1990-07-14 11:39:38','1983-12-18 05:29:46','1978-06-22 11:11:37','2021-07-07 16:46:25'),(525,1,28,'2013-06-30 04:50:54','2012-08-04 12:15:12','1984-02-13 11:45:35','2021-07-07 16:46:46'),(526,1,99,'1988-07-15 15:05:55',NULL,'2009-12-01 14:58:43','2021-07-07 16:46:46'),(527,1,6,'2011-08-30 13:33:12',NULL,'2019-10-06 19:38:42','2021-07-07 16:46:25'),(528,1,18,'1987-03-13 08:06:46','2016-09-09 22:35:46','1973-09-17 14:40:50','2021-07-07 16:46:46'),(529,1,18,'1983-11-19 02:29:56','1972-08-29 06:48:12','1998-04-28 16:20:39','2021-07-07 16:46:46'),(530,1,99,'1972-08-01 05:49:29',NULL,'1980-12-22 15:30:22','2021-07-07 16:46:46'),(531,1,18,'1984-12-26 14:16:22','1976-05-21 01:28:32','1979-08-30 02:05:11','2021-07-07 16:46:46'),(532,1,28,'1983-07-25 13:06:21','2000-07-28 12:32:12','1991-02-21 06:13:26','2021-07-07 16:46:46'),(533,1,28,'1997-05-01 06:01:50',NULL,'1975-03-20 02:32:56','2021-07-07 16:46:46'),(534,1,99,'1979-02-25 07:37:31',NULL,'1987-07-04 16:25:11','2021-07-07 16:46:46'),(535,1,6,'1985-05-11 21:30:58','2020-03-02 20:09:21','2003-03-26 09:46:36','2021-07-07 16:46:25'),(536,1,18,'1984-08-12 08:21:01',NULL,'2019-04-27 20:44:41','2021-07-07 16:46:46'),(537,1,28,'1982-07-15 07:30:16',NULL,'1994-11-17 05:38:19','2021-07-07 16:46:46'),(538,1,6,'1999-05-31 07:55:28','2000-03-15 12:08:08','1997-11-11 16:07:27','2021-07-07 16:46:25'),(539,1,6,'1993-11-13 23:46:47',NULL,'1992-03-14 01:25:49','2021-07-07 16:46:25'),(540,1,28,'1976-10-25 21:31:03',NULL,'1979-04-30 17:42:13','2021-07-07 16:46:46'),(541,1,99,'2002-05-17 03:55:58',NULL,'2007-05-19 13:37:29','2021-07-07 16:46:46'),(542,1,28,'1989-08-08 01:39:12','1993-10-04 08:27:05','2016-11-30 10:57:08','2021-07-07 16:46:46'),(543,1,6,'1988-08-19 13:12:07',NULL,'2004-03-02 14:16:39','2021-07-07 16:46:25'),(544,1,99,'1981-05-08 07:46:50','2020-04-28 15:16:57','2000-12-09 22:57:44','2021-07-07 16:46:46'),(545,1,28,'1975-04-16 08:29:37',NULL,'1988-04-14 21:24:41','2021-07-07 16:46:46'),(546,1,6,'2018-09-20 06:16:30','1979-04-29 00:47:10','2009-05-13 01:10:30','2021-07-07 16:46:25'),(547,1,6,'2004-02-28 15:48:44','1971-04-19 23:35:44','2006-11-03 16:04:11','2021-07-07 16:46:25'),(548,1,99,'2013-06-27 14:56:56','1994-08-24 13:47:09','2006-05-30 05:44:00','2021-07-07 16:46:46'),(549,1,18,'1972-09-07 16:55:47',NULL,'1980-05-27 09:56:01','2021-07-07 16:46:46'),(550,1,18,'1984-05-31 08:06:17',NULL,'1986-07-22 22:18:49','2021-07-07 16:46:46'),(551,1,18,'1998-08-03 02:29:39','2012-04-02 05:25:09','2006-07-06 14:37:03','2021-07-07 16:46:46'),(552,1,28,'2004-02-04 12:30:16',NULL,'2002-08-05 11:32:05','2021-07-07 16:46:46'),(553,1,18,'1979-12-10 01:24:05',NULL,'1986-04-25 23:51:56','2021-07-07 16:46:46'),(554,1,6,'2002-08-28 20:49:59',NULL,'1974-11-18 19:19:58','2021-07-07 16:46:25'),(555,1,18,'2012-07-24 10:34:16',NULL,'1988-03-16 21:02:58','2021-07-07 16:46:46'),(556,1,6,'1996-09-17 04:10:27','1983-10-05 19:58:12','2018-09-20 16:56:17','2021-07-07 16:46:25'),(557,1,18,'2003-07-16 12:34:01',NULL,'1974-07-10 06:02:42','2021-07-07 16:46:46'),(558,1,6,'1991-08-29 22:57:03',NULL,'1992-05-13 11:35:42','2021-07-07 16:46:25'),(559,1,99,'1978-02-24 13:12:36',NULL,'2006-07-11 00:28:36','2021-07-07 16:46:46'),(560,1,6,'1974-11-10 14:25:57','1974-03-27 00:51:23','1999-07-01 08:52:42','2021-07-07 16:46:25'),(561,1,18,'2005-07-10 19:55:34',NULL,'1982-06-09 21:33:41','2021-07-07 16:46:46'),(562,1,6,'1974-01-31 15:39:15','1970-04-20 19:21:44','1974-11-03 04:40:29','2021-07-07 16:46:25'),(563,1,18,'2015-10-19 03:08:20',NULL,'1970-10-06 11:53:37','2021-07-07 16:46:46'),(564,1,18,'2008-04-15 19:51:38',NULL,'1992-01-15 05:22:07','2021-07-07 16:46:46'),(565,1,28,'2004-05-30 13:05:56',NULL,'2010-03-08 01:24:35','2021-07-07 16:46:46'),(566,1,18,'1989-11-13 06:51:43',NULL,'1981-06-28 03:53:20','2021-07-07 16:46:46'),(567,1,6,'2004-08-10 18:49:42',NULL,'1978-03-23 07:19:43','2021-07-07 16:46:25'),(568,1,99,'2009-07-18 09:51:17','2018-02-27 11:24:53','1993-05-02 11:01:36','2021-07-07 16:46:46'),(569,1,28,'1988-06-16 23:19:49','1981-10-22 13:12:21','2018-07-17 05:32:44','2021-07-07 16:46:46'),(570,1,28,'1989-10-25 11:49:17','1998-05-28 07:10:51','2016-03-31 19:16:26','2021-07-07 16:46:46'),(571,1,99,'2002-05-04 22:34:25','2004-10-01 17:03:06','2012-09-10 09:54:10','2021-07-07 16:46:46'),(572,1,6,'1987-09-16 02:50:45',NULL,'2015-12-17 01:56:09','2021-07-07 16:46:25'),(573,1,99,'1972-08-30 05:06:29',NULL,'2009-02-03 18:12:11','2021-07-07 16:46:46'),(574,1,6,'1994-06-20 12:03:58','1970-06-21 19:11:49','1972-05-19 00:52:30','2021-07-07 16:46:25'),(575,1,99,'1998-12-06 17:33:20',NULL,'2001-08-20 21:56:22','2021-07-07 16:46:46'),(576,1,99,'1978-12-19 16:43:03',NULL,'2017-11-04 19:42:38','2021-07-07 16:46:46'),(577,1,28,'2020-09-22 19:55:59',NULL,'2014-03-30 19:44:31','2021-07-07 16:46:46'),(578,1,6,'1973-01-07 01:27:35',NULL,'1977-02-19 16:08:27','2021-07-07 16:46:25'),(579,1,99,'1971-11-24 12:34:19',NULL,'1983-06-05 11:50:45','2021-07-07 16:46:46'),(580,1,99,'1994-07-04 06:01:43',NULL,'2017-06-29 01:13:06','2021-07-07 16:46:46'),(581,1,18,'2006-11-14 04:48:34','1994-05-18 14:03:04','1985-05-13 12:39:14','2021-07-07 16:46:46'),(582,1,6,'2017-08-06 03:24:08','2003-08-19 19:16:49','2005-05-05 00:10:53','2021-07-07 16:46:25'),(583,1,28,'1996-10-23 23:10:58',NULL,'1981-01-31 01:27:22','2021-07-07 16:46:46'),(584,1,6,'2019-02-15 21:01:54','1996-08-19 12:59:56','1999-10-12 10:24:51','2021-07-07 16:46:25'),(585,1,28,'2006-09-25 19:25:18','2011-02-24 19:37:23','1970-09-26 12:32:05','2021-07-07 16:46:46'),(586,1,6,'2012-06-23 02:18:49',NULL,'1971-05-14 01:44:27','2021-07-07 16:46:25'),(587,1,18,'2000-03-30 20:52:34',NULL,'1982-06-03 07:24:22','2021-07-07 16:46:46'),(588,1,18,'1980-06-27 18:16:59','2015-03-25 06:03:04','2020-11-02 14:28:50','2021-07-07 16:46:46'),(589,1,18,'1975-07-09 04:01:10','1982-09-25 22:23:51','2013-07-20 15:07:36','2021-07-07 16:46:46'),(590,1,28,'1981-03-31 05:23:13',NULL,'1999-10-04 09:08:54','2021-07-07 16:46:46'),(591,1,28,'1984-12-25 20:19:01',NULL,'1983-12-07 02:41:38','2021-07-07 16:46:46'),(592,1,99,'1998-11-08 06:13:01',NULL,'1981-03-05 02:47:33','2021-07-07 16:46:46'),(593,1,28,'2000-05-20 11:57:38','1986-08-12 03:17:59','2016-01-15 10:39:22','2021-07-07 16:46:46'),(594,1,18,'1992-03-02 10:26:08',NULL,'1974-06-20 22:45:26','2021-07-07 16:46:46'),(595,1,6,'1982-05-17 01:43:36',NULL,'2018-12-02 05:02:04','2021-07-07 16:46:25'),(596,1,28,'1978-07-27 19:03:56','2008-03-25 16:11:33','2011-12-18 05:50:09','2021-07-07 16:46:46'),(597,1,18,'1991-09-04 04:33:50',NULL,'2018-07-14 19:41:04','2021-07-07 16:46:46'),(598,1,28,'1974-12-02 03:03:45','1983-03-10 04:21:21','1975-05-01 22:30:03','2021-07-07 16:46:46'),(599,1,6,'1987-11-14 01:16:45',NULL,'1980-09-07 11:06:00','2021-07-07 16:46:25'),(600,1,18,'1978-12-19 21:23:13','2003-11-15 21:22:43','2008-02-13 19:24:31','2021-07-07 16:46:46'),(601,6,1,'2002-04-30 10:16:32','2021-04-16 04:26:59','1986-01-24 07:13:20','2021-07-07 16:35:34'),(602,1,28,'2013-04-04 08:01:20','1979-03-16 11:48:13','1995-05-05 08:25:30','2021-07-07 16:46:46'),(603,1,28,'1993-12-21 07:28:47',NULL,'2010-11-07 15:11:34','2021-07-07 16:46:46'),(604,1,6,'1988-05-11 09:56:52','2006-06-01 19:47:32','2004-12-13 14:18:50','2021-07-07 16:46:25'),(605,1,18,'1999-12-03 14:18:06',NULL,'1992-09-01 06:36:32','2021-07-07 16:46:46'),(606,1,18,'2019-05-12 22:02:18',NULL,'2016-05-04 20:10:33','2021-07-07 16:46:46'),(607,1,6,'1981-04-29 19:35:07',NULL,'2001-06-22 02:12:43','2021-07-07 16:46:25'),(608,1,18,'1989-09-11 17:28:11',NULL,'2000-06-03 11:51:36','2021-07-07 16:46:46'),(609,1,28,'1981-07-17 11:17:06',NULL,'2020-11-19 09:22:27','2021-07-07 16:46:46'),(610,1,99,'2019-10-16 10:35:44',NULL,'2015-04-18 08:21:05','2021-07-07 16:46:46'),(611,1,18,'1995-06-16 16:55:06','2013-10-22 22:40:30','2018-11-03 23:26:13','2021-07-07 16:46:46'),(612,1,18,'1983-02-08 01:00:17','1999-02-03 12:28:56','2007-09-23 06:21:26','2021-07-07 16:46:46'),(613,1,28,'2019-08-31 05:28:32','1990-04-22 15:18:55','1982-01-14 09:07:46','2021-07-07 16:46:46'),(614,1,99,'1976-03-25 07:32:05',NULL,'1986-06-21 10:43:08','2021-07-07 16:46:46'),(615,1,28,'1980-09-08 19:55:42','1979-06-26 17:31:07','2020-03-10 18:32:37','2021-07-07 16:46:46'),(616,1,99,'2005-11-29 10:40:31',NULL,'1971-10-26 03:30:26','2021-07-07 16:46:46'),(617,1,28,'1986-08-29 08:30:43',NULL,'2013-07-27 12:20:03','2021-07-07 16:46:46'),(618,1,18,'1987-08-16 05:26:18','1999-12-15 20:37:44','1978-08-02 02:51:23','2021-07-07 16:46:46'),(619,1,28,'2010-02-02 11:38:23',NULL,'1994-03-06 00:36:25','2021-07-07 16:46:46'),(620,1,6,'2004-07-18 23:53:30',NULL,'2001-04-11 15:08:24','2021-07-07 16:46:25'),(621,1,18,'1993-02-10 05:59:55',NULL,'1974-04-26 00:10:18','2021-07-07 16:46:46'),(622,1,6,'1987-10-24 21:50:26','2006-06-01 08:35:57','1975-11-06 03:31:28','2021-07-07 16:46:25'),(623,1,18,'1988-06-16 12:39:02',NULL,'2016-10-25 00:25:41','2021-07-07 16:46:46'),(624,1,28,'1995-08-11 00:37:09',NULL,'1996-06-27 12:09:20','2021-07-07 16:46:46'),(625,1,28,'2010-10-28 16:52:11',NULL,'2005-06-08 12:37:21','2021-07-07 16:46:46'),(626,1,28,'1979-09-05 17:29:26','2003-08-30 12:09:45','1997-03-07 11:44:49','2021-07-07 16:46:46'),(627,1,28,'1973-02-22 17:25:27','1991-07-22 21:02:34','1983-09-29 02:05:36','2021-07-07 16:46:46'),(628,1,28,'1984-02-25 11:00:30',NULL,'2016-01-22 09:40:24','2021-07-07 16:46:46'),(629,1,28,'1986-11-29 05:48:25',NULL,'1985-08-20 08:08:29','2021-07-07 16:46:46'),(630,1,6,'1999-09-05 10:26:00','1990-06-26 17:00:09','1975-11-07 09:23:56','2021-07-07 16:46:25'),(631,1,6,'2003-02-24 19:52:10','2015-03-10 20:25:15','1986-07-02 17:47:09','2021-07-07 16:46:25'),(632,1,6,'2020-10-03 02:23:39',NULL,'1995-05-08 08:04:58','2021-07-07 16:46:25'),(633,1,99,'1986-02-21 16:32:30',NULL,'2015-09-13 21:56:57','2021-07-07 16:46:46'),(634,1,6,'1970-03-05 18:50:27',NULL,'1975-03-08 15:39:53','2021-07-07 16:46:25'),(635,1,99,'1972-06-29 16:35:33',NULL,'1980-05-10 11:34:10','2021-07-07 16:46:46'),(636,1,6,'2010-03-31 19:49:47',NULL,'2000-06-11 10:28:46','2021-07-07 16:46:25'),(637,1,28,'2017-09-29 22:24:19',NULL,'1993-10-11 06:47:24','2021-07-07 16:46:46'),(638,1,18,'2012-12-11 21:57:37',NULL,'1979-10-07 15:25:48','2021-07-07 16:46:46'),(639,1,6,'1987-08-12 15:25:12',NULL,'1977-06-17 13:40:25','2021-07-07 16:46:25'),(640,1,6,'2007-06-20 04:47:24',NULL,'1991-05-07 19:02:19','2021-07-07 16:46:25'),(641,1,6,'1989-06-12 15:49:37',NULL,'1974-12-21 16:14:59','2021-07-07 16:46:25'),(642,1,28,'1994-02-20 14:07:59','2002-09-15 02:16:22','1974-05-28 08:59:36','2021-07-07 16:46:46'),(643,1,99,'1987-08-09 07:48:49','1991-06-13 22:40:02','1979-10-04 01:19:07','2021-07-07 16:46:46'),(644,1,99,'1983-03-29 04:33:54',NULL,'1971-02-18 23:06:35','2021-07-07 16:46:46'),(645,1,6,'1992-04-14 21:11:59','2005-01-23 12:45:16','2017-03-27 14:09:29','2021-07-07 16:46:25'),(646,1,28,'1988-12-16 21:23:51','2012-05-12 16:23:25','1984-02-10 18:04:05','2021-07-07 16:46:46'),(647,1,18,'1999-06-10 06:45:46',NULL,'1983-04-24 08:18:26','2021-07-07 16:46:46'),(648,1,18,'1997-08-19 15:44:38','1984-02-29 01:11:26','1971-07-01 16:24:51','2021-07-07 16:46:46'),(649,1,99,'1970-05-01 10:18:45',NULL,'1997-08-15 21:44:33','2021-07-07 16:46:46'),(650,1,99,'2021-02-21 20:46:13','2013-08-23 06:42:35','2010-05-09 08:56:40','2021-07-07 16:46:46'),(651,1,6,'1976-05-04 02:49:04',NULL,'1980-11-30 02:40:22','2021-07-07 16:46:25'),(652,1,18,'2016-08-27 01:38:09',NULL,'1993-04-24 19:31:56','2021-07-07 16:46:46'),(653,1,28,'2012-05-15 08:02:58',NULL,'1991-11-20 06:21:22','2021-07-07 16:46:46'),(654,1,18,'2003-11-29 09:48:34',NULL,'2010-01-26 07:46:24','2021-07-07 16:46:46'),(655,1,6,'2021-03-15 01:18:54',NULL,'1995-12-23 12:53:49','2021-07-07 16:46:25'),(656,1,18,'1994-10-15 04:51:14',NULL,'1992-10-15 21:03:58','2021-07-07 16:46:46'),(657,1,28,'2007-04-24 05:11:29','1987-08-28 22:51:55','2017-03-25 11:39:20','2021-07-07 16:46:46'),(658,1,18,'1979-08-12 11:01:10','2014-01-20 09:29:19','1973-07-21 06:42:06','2021-07-07 16:46:46'),(659,1,28,'2021-02-17 09:57:31',NULL,'2000-03-14 10:56:23','2021-07-07 16:46:46'),(660,1,6,'2006-10-07 04:32:15',NULL,'2007-01-23 14:22:45','2021-07-07 16:46:25'),(661,1,28,'2009-01-26 19:28:00',NULL,'1974-12-29 08:20:07','2021-07-07 16:46:46'),(662,1,6,'1993-07-18 14:20:37',NULL,'2010-11-05 05:45:58','2021-07-07 16:46:25'),(663,1,6,'1998-02-27 11:53:13','1976-09-25 08:35:24','1986-08-28 14:19:58','2021-07-07 16:46:25'),(664,1,28,'2019-11-15 08:32:10','1997-07-05 11:53:46','2019-05-31 11:52:12','2021-07-07 16:46:46'),(665,1,28,'1991-09-10 03:59:30','1989-12-13 17:03:21','1988-09-13 09:14:02','2021-07-07 16:46:46'),(666,1,99,'1986-09-12 00:14:12',NULL,'2005-02-13 18:46:22','2021-07-07 16:46:46'),(667,1,28,'1977-09-12 12:45:26','1988-08-18 05:06:53','1994-07-03 16:39:18','2021-07-07 16:46:46'),(668,1,99,'1978-11-02 14:26:20',NULL,'2018-03-02 14:26:08','2021-07-07 16:46:46'),(669,1,18,'1987-11-30 09:16:53',NULL,'2004-11-26 18:26:40','2021-07-07 16:46:46'),(670,1,99,'2013-05-20 22:23:15',NULL,'2009-11-21 18:44:18','2021-07-07 16:46:46'),(671,1,99,'1971-05-18 16:33:15','2000-08-03 03:14:23','2015-12-17 13:23:51','2021-07-07 16:46:46'),(672,1,99,'2012-07-30 12:40:53',NULL,'2020-08-12 12:29:30','2021-07-07 16:46:46'),(673,1,28,'1990-09-28 18:28:17',NULL,'1991-11-23 02:49:47','2021-07-07 16:46:46'),(674,1,99,'2004-04-22 11:16:46',NULL,'2014-12-13 11:11:42','2021-07-07 16:46:46'),(675,1,6,'1976-02-01 02:43:54',NULL,'2019-04-06 04:21:53','2021-07-07 16:46:25'),(676,1,99,'1982-07-20 03:40:43',NULL,'1978-06-06 22:31:47','2021-07-07 16:46:46'),(677,1,99,'1972-08-18 05:55:57',NULL,'1976-03-12 08:28:00','2021-07-07 16:46:46'),(678,1,18,'2007-07-13 04:47:01','1984-04-14 22:22:19','2008-03-05 06:49:05','2021-07-07 16:46:46'),(679,1,18,'2004-02-07 22:49:45',NULL,'1970-06-20 02:36:20','2021-07-07 16:46:46'),(680,1,99,'1970-01-29 15:51:12',NULL,'1993-01-09 18:27:27','2021-07-07 16:46:46'),(681,1,6,'1994-05-18 17:03:14','2021-05-27 17:58:24','2008-08-22 03:41:13','2021-07-07 16:46:25'),(682,1,28,'1979-04-11 06:51:54',NULL,'1992-10-04 05:52:09','2021-07-07 16:46:46'),(683,1,28,'1979-08-03 07:40:17','2018-03-23 20:18:01','1983-08-06 14:32:00','2021-07-07 16:46:46'),(684,1,6,'2020-12-02 10:55:19','2009-06-02 20:31:32','2009-07-12 12:11:30','2021-07-07 16:46:25'),(685,1,18,'2000-06-20 20:34:09',NULL,'1989-09-14 07:23:38','2021-07-07 16:46:46'),(686,1,28,'1987-10-12 00:33:19',NULL,'2000-10-09 18:36:30','2021-07-07 16:46:46'),(687,1,18,'2020-01-09 08:45:47',NULL,'2015-03-28 21:48:09','2021-07-07 16:46:46'),(688,1,28,'1997-10-30 06:31:51',NULL,'2009-09-14 20:39:44','2021-07-07 16:46:46'),(689,1,28,'2016-04-07 04:08:51','2000-06-15 03:02:58','2016-04-04 18:41:47','2021-07-07 16:46:46'),(690,1,99,'2020-04-24 19:47:10','1976-05-11 08:10:41','2020-10-01 12:55:19','2021-07-07 16:46:46'),(691,1,99,'1980-04-26 17:05:33',NULL,'2002-01-11 16:58:45','2021-07-07 16:46:46'),(692,1,18,'1999-12-06 14:54:42',NULL,'1975-10-12 01:17:22','2021-07-07 16:46:46'),(693,1,18,'2015-08-25 14:20:03','2015-06-08 06:56:21','1995-04-07 03:06:25','2021-07-07 16:46:46'),(694,1,28,'1985-02-02 22:01:01',NULL,'1988-09-15 12:20:50','2021-07-07 16:46:46'),(695,1,99,'1997-09-11 19:56:37',NULL,'1986-01-20 01:07:10','2021-07-07 16:46:46'),(696,1,18,'2012-07-19 12:29:42',NULL,'2009-06-17 06:41:05','2021-07-07 16:46:46'),(697,1,6,'1998-06-21 01:55:06',NULL,'1982-02-07 18:07:22','2021-07-07 16:46:25'),(698,1,99,'1977-05-19 05:05:19','1977-04-05 12:06:51','1978-11-23 21:15:25','2021-07-07 16:46:46'),(699,1,6,'2014-01-24 22:58:12','2020-06-02 05:24:59','1970-04-06 21:05:30','2021-07-07 16:46:25'),(700,1,99,'2018-11-03 08:09:43',NULL,'2018-01-21 17:55:10','2021-07-07 16:46:46'),(701,6,1,'1987-05-02 21:45:53','1976-08-05 23:56:01','2014-06-18 17:54:49','2021-07-07 16:35:34'),(702,1,28,'1987-12-17 02:02:53','1998-03-28 15:01:41','2012-06-07 19:34:23','2021-07-07 16:46:46'),(703,1,99,'1997-10-01 02:35:31',NULL,'2008-07-08 13:31:04','2021-07-07 16:46:46'),(704,1,6,'1982-05-01 15:51:03','1999-04-27 13:19:25','2005-10-13 11:58:21','2021-07-07 16:46:25'),(705,1,28,'2014-08-08 05:19:22','1993-06-01 06:56:09','1979-07-05 15:43:17','2021-07-07 16:46:46'),(706,1,28,'2006-08-05 03:02:54','2013-09-28 01:25:00','1971-07-02 12:22:20','2021-07-07 16:46:46'),(707,1,28,'1988-11-07 01:03:19',NULL,'1975-09-24 22:28:08','2021-07-07 16:46:46'),(708,1,99,'1997-08-16 22:26:27','1977-03-19 19:34:16','2010-03-04 22:12:49','2021-07-07 16:46:46'),(709,1,28,'1980-03-24 18:11:26','2003-02-22 00:59:39','1990-07-20 11:02:26','2021-07-07 16:46:46'),(710,1,18,'2010-01-01 09:04:45','1988-08-03 10:22:15','1975-05-14 14:10:49','2021-07-07 16:46:46'),(711,1,6,'2001-10-12 12:32:56',NULL,'1973-07-17 07:22:08','2021-07-07 16:46:25'),(712,1,18,'1987-03-03 04:30:56',NULL,'1976-12-27 07:50:55','2021-07-07 16:46:46'),(713,1,6,'1992-10-10 00:10:32',NULL,'2009-10-02 17:56:41','2021-07-07 16:46:25'),(714,1,99,'1998-12-16 03:22:54',NULL,'1970-10-10 10:37:35','2021-07-07 16:46:46'),(715,1,18,'2002-03-01 16:52:16','2014-06-20 08:33:46','1973-04-21 04:49:45','2021-07-07 16:46:46'),(716,1,28,'2000-08-05 11:32:17',NULL,'2019-10-25 15:57:45','2021-07-07 16:46:46'),(717,1,6,'1994-03-23 22:23:26','1979-01-15 22:26:12','2001-11-08 16:03:08','2021-07-07 16:46:25'),(718,1,99,'2012-02-03 13:46:31',NULL,'1998-01-17 12:34:29','2021-07-07 16:46:46'),(719,1,99,'1991-10-26 15:52:37','1989-11-27 11:42:01','2008-12-28 06:22:22','2021-07-07 16:46:46'),(720,1,6,'2018-05-17 08:17:57',NULL,'1975-06-27 08:39:20','2021-07-07 16:46:25'),(721,1,99,'1997-11-19 15:18:20','2016-04-02 09:32:47','2001-05-18 00:32:16','2021-07-07 16:46:46'),(722,1,18,'2007-03-08 03:10:18','2012-11-06 02:44:26','1996-06-28 07:28:17','2021-07-07 16:46:46'),(723,1,28,'1975-03-06 08:22:02','2019-07-19 10:01:26','2009-09-13 02:02:53','2021-07-07 16:46:46'),(724,1,99,'2007-06-07 19:30:47',NULL,'1988-02-23 13:24:51','2021-07-07 16:46:46'),(725,1,28,'2012-06-27 07:16:11',NULL,'2004-04-24 19:20:00','2021-07-07 16:46:46'),(726,1,18,'1991-01-14 04:19:38','1987-01-10 22:24:18','1974-04-08 07:45:42','2021-07-07 16:46:46'),(727,1,28,'1982-08-09 01:36:57',NULL,'1990-09-22 15:49:00','2021-07-07 16:46:46'),(728,1,18,'1976-09-04 03:29:03','2005-01-24 10:51:52','2017-02-04 14:30:15','2021-07-07 16:46:46'),(729,1,18,'1998-08-24 16:48:49',NULL,'2010-05-24 21:01:29','2021-07-07 16:46:46'),(730,1,6,'1974-04-09 14:06:13',NULL,'1980-04-16 18:27:06','2021-07-07 16:46:25'),(731,1,18,'1989-12-05 22:58:50',NULL,'2008-03-25 09:49:46','2021-07-07 16:46:46'),(732,1,99,'1982-01-29 10:54:48',NULL,'2011-05-29 07:32:48','2021-07-07 16:46:46'),(733,1,99,'1984-08-01 22:58:01',NULL,'2014-03-21 04:49:33','2021-07-07 16:46:46'),(734,1,99,'1994-01-15 06:39:37',NULL,'2013-02-08 12:57:56','2021-07-07 16:46:46'),(735,1,28,'1972-04-25 14:36:31','2012-05-15 03:45:01','1991-05-31 09:45:39','2021-07-07 16:46:46'),(736,1,18,'2008-11-09 02:48:37','1986-10-01 00:24:43','1990-11-02 11:51:18','2021-07-07 16:46:46'),(737,1,28,'1972-03-23 21:43:36',NULL,'2002-06-26 23:50:00','2021-07-07 16:46:46'),(738,1,6,'1985-05-31 16:43:28','1977-01-08 19:41:32','2018-06-03 13:51:38','2021-07-07 16:46:25'),(739,1,28,'1994-09-01 13:02:27',NULL,'1987-09-09 15:21:54','2021-07-07 16:46:46'),(740,1,18,'1993-06-17 08:04:25',NULL,'1978-09-10 19:59:00','2021-07-07 16:46:46'),(741,1,28,'2016-04-04 18:25:48','2020-12-24 02:23:08','1998-09-30 00:15:13','2021-07-07 16:46:46'),(742,1,18,'1999-03-17 09:10:38',NULL,'1970-03-27 13:33:05','2021-07-07 16:46:46'),(743,1,99,'2019-02-28 14:09:00',NULL,'1980-07-11 22:19:02','2021-07-07 16:46:46'),(744,1,18,'1984-06-10 07:01:57','2014-04-16 09:51:26','1972-06-20 07:03:23','2021-07-07 16:46:46'),(745,1,28,'1971-01-04 09:37:47',NULL,'2004-02-07 06:28:25','2021-07-07 16:46:46'),(746,1,6,'1990-02-01 00:43:12','1995-04-28 11:21:11','2018-02-02 15:10:29','2021-07-07 16:46:25'),(747,1,6,'2008-10-11 21:39:51',NULL,'2000-10-24 02:49:36','2021-07-07 16:46:25'),(748,1,99,'2018-02-19 07:51:27','1971-08-09 20:49:31','1986-09-10 20:22:42','2021-07-07 16:46:46'),(749,1,18,'1994-09-20 03:50:59',NULL,'2014-02-23 10:30:51','2021-07-07 16:46:46'),(750,1,6,'2011-07-16 04:06:45',NULL,'2006-03-25 20:43:35','2021-07-07 16:46:25'),(751,1,99,'2007-01-30 03:40:27',NULL,'2018-12-01 17:31:56','2021-07-07 16:46:46'),(752,1,99,'2020-04-19 19:49:19',NULL,'2017-05-09 22:41:21','2021-07-07 16:46:46'),(753,1,18,'2019-10-24 00:32:54','2017-11-27 03:52:14','2015-09-29 23:38:24','2021-07-07 16:46:46'),(754,1,99,'1985-11-07 15:41:07','1990-02-05 16:27:08','2012-09-06 20:32:04','2021-07-07 16:46:46'),(755,1,99,'2001-09-21 16:17:42','1979-02-28 14:36:11','1991-04-19 00:56:27','2021-07-07 16:46:46'),(756,1,6,'1994-04-17 22:21:07','2004-07-18 16:31:20','1999-11-12 00:53:06','2021-07-07 16:46:25'),(757,1,28,'2021-02-12 06:16:53',NULL,'1986-12-14 22:17:04','2021-07-07 16:46:46'),(758,1,6,'2010-06-26 10:52:28','1987-03-03 10:05:27','1985-05-21 15:48:24','2021-07-07 16:46:25'),(759,1,99,'2004-02-05 22:52:58',NULL,'2017-04-13 13:52:11','2021-07-07 16:46:46'),(760,1,6,'1996-10-10 22:30:28','1975-05-18 22:36:35','1989-10-10 14:00:00','2021-07-07 16:46:25'),(761,1,6,'2020-12-06 13:45:27','2011-05-06 20:36:52','2010-08-03 09:00:14','2021-07-07 16:46:25'),(762,1,99,'2007-10-09 13:41:52','2012-09-30 08:13:15','2018-06-02 04:22:37','2021-07-07 16:46:46'),(763,1,6,'1991-04-29 01:55:15',NULL,'1998-02-21 01:04:03','2021-07-07 16:46:25'),(764,1,99,'1996-11-17 10:54:01',NULL,'2006-08-27 01:48:50','2021-07-07 16:46:46'),(765,1,28,'1999-04-01 05:24:06','1990-01-28 19:45:51','2020-08-13 10:10:10','2021-07-07 16:46:46'),(766,1,99,'2001-11-23 13:55:46','2011-12-08 23:43:20','2015-06-10 20:38:13','2021-07-07 16:46:46'),(767,1,18,'1996-08-08 10:09:49',NULL,'1984-02-11 22:24:56','2021-07-07 16:46:46'),(768,1,28,'1991-11-18 03:48:33',NULL,'1980-10-28 11:11:07','2021-07-07 16:46:46'),(769,1,99,'2013-11-17 09:01:17','1980-12-22 08:50:51','1993-11-13 21:50:17','2021-07-07 16:46:46'),(770,1,28,'1998-03-18 13:35:06',NULL,'1979-12-09 22:15:50','2021-07-07 16:46:46'),(771,1,18,'1974-10-22 22:59:03',NULL,'1987-05-04 01:40:53','2021-07-07 16:46:46'),(772,1,99,'1977-11-13 11:43:43',NULL,'1984-02-05 22:09:53','2021-07-07 16:46:46'),(773,1,99,'1972-06-26 10:03:37',NULL,'2009-10-13 03:31:44','2021-07-07 16:46:46'),(774,1,6,'1984-11-25 07:38:47','1999-02-08 00:48:05','1980-08-16 21:04:25','2021-07-07 16:46:25'),(775,1,18,'1973-06-26 05:55:01','2002-08-31 06:20:57','1978-07-27 14:13:12','2021-07-07 16:46:46'),(776,1,28,'2000-10-12 01:42:19',NULL,'1973-07-27 01:54:07','2021-07-07 16:46:46'),(777,1,18,'2018-06-10 01:43:51',NULL,'2009-05-17 16:30:40','2021-07-07 16:46:46'),(778,1,28,'2003-11-23 00:37:17',NULL,'1986-02-18 01:53:28','2021-07-07 16:46:46'),(779,1,6,'2001-07-07 01:05:18','1983-07-14 12:36:15','2000-01-06 16:18:04','2021-07-07 16:46:25'),(780,1,28,'2021-02-14 14:35:56',NULL,'1975-03-29 06:22:15','2021-07-07 16:46:46'),(781,1,99,'1989-06-06 21:58:40',NULL,'1982-10-24 00:01:26','2021-07-07 16:46:46'),(782,1,99,'1976-12-15 07:04:30',NULL,'1980-01-20 05:30:51','2021-07-07 16:46:46'),(783,1,99,'2003-09-15 23:29:06','1990-08-07 18:57:30','1978-06-03 05:16:42','2021-07-07 16:46:46'),(784,1,99,'2013-01-05 01:48:12',NULL,'1979-12-09 01:35:31','2021-07-07 16:46:46'),(785,1,99,'2020-09-12 18:57:51','1991-12-01 01:16:16','2008-09-06 06:50:09','2021-07-07 16:46:46'),(786,1,28,'1987-03-11 18:58:43','2002-04-05 12:52:28','1973-01-17 23:23:21','2021-07-07 16:46:46'),(787,1,18,'1981-05-01 10:52:54','1996-06-15 15:58:57','1973-05-09 05:39:08','2021-07-07 16:46:46'),(788,1,6,'1978-11-13 14:46:09',NULL,'1996-03-14 08:14:33','2021-07-07 16:46:25'),(789,1,99,'2005-05-27 17:24:47','1972-08-12 20:00:36','1978-02-18 19:18:02','2021-07-07 16:46:46'),(790,1,99,'1978-11-14 18:48:30',NULL,'2013-08-18 09:38:09','2021-07-07 16:46:46'),(791,1,99,'2011-10-09 08:53:00',NULL,'2007-05-31 10:03:00','2021-07-07 16:46:46'),(792,1,18,'2001-10-05 04:22:46',NULL,'2012-12-25 09:04:42','2021-07-07 16:46:46'),(793,1,28,'2018-10-15 11:03:25','1996-12-21 10:39:02','2020-06-13 23:35:45','2021-07-07 16:46:46'),(794,1,6,'2016-09-13 14:49:30',NULL,'1989-12-28 02:31:58','2021-07-07 16:46:25'),(795,1,28,'2011-02-15 05:03:10','1971-11-01 14:42:56','2004-01-29 08:57:03','2021-07-07 16:46:46'),(796,1,28,'2000-05-05 04:00:24',NULL,'2005-06-26 00:29:49','2021-07-07 16:46:46'),(797,1,28,'1989-01-22 11:55:16',NULL,'1981-10-19 15:21:17','2021-07-07 16:46:46'),(798,1,28,'2018-05-12 05:22:11',NULL,'1994-08-29 21:42:12','2021-07-07 16:46:46'),(799,1,28,'1977-07-25 07:20:23','1990-10-11 01:12:38','1970-12-25 01:33:00','2021-07-07 16:46:46'),(800,1,6,'2012-04-18 07:38:10','2009-08-08 10:01:14','2016-10-21 22:44:28','2021-07-07 16:46:25'),(801,6,1,'2004-07-22 11:04:23','1976-03-15 09:24:59','2011-06-01 15:15:38','2021-07-07 16:35:34'),(802,1,28,'1990-09-27 08:34:08','1985-08-08 15:37:49','1983-05-05 08:27:59','2021-07-07 16:46:46'),(803,1,18,'1978-05-16 15:05:44',NULL,'2015-01-28 06:24:21','2021-07-07 16:46:46'),(804,1,28,'1979-10-27 15:54:26','1979-05-26 05:09:40','2017-04-05 14:47:00','2021-07-07 16:46:46'),(805,1,6,'1986-01-09 12:29:44','2004-04-09 10:18:57','1989-05-24 22:21:51','2021-07-07 16:46:25'),(806,1,6,'1989-05-15 14:58:03',NULL,'2016-06-30 09:17:31','2021-07-07 16:46:25'),(807,1,18,'2003-12-30 00:28:54','2004-03-24 10:52:48','2012-11-17 08:27:15','2021-07-07 16:46:46'),(808,1,6,'1979-09-25 02:23:03',NULL,'2016-03-26 18:49:23','2021-07-07 16:46:25'),(809,1,6,'1978-11-27 23:39:08',NULL,'2014-11-19 11:36:45','2021-07-07 16:46:25'),(810,1,99,'1982-01-03 11:43:42',NULL,'1993-05-30 01:01:21','2021-07-07 16:46:46'),(811,1,99,'1988-10-05 12:17:58','2006-12-26 19:32:30','1997-04-30 01:44:56','2021-07-07 16:46:46'),(812,1,6,'2018-09-09 01:39:00',NULL,'2010-06-20 22:57:41','2021-07-07 16:46:25'),(813,1,18,'2012-12-18 09:24:57',NULL,'1995-07-31 06:56:14','2021-07-07 16:46:46'),(814,1,6,'1984-07-28 23:11:43',NULL,'1989-08-09 17:09:30','2021-07-07 16:46:25'),(815,1,99,'1999-01-29 14:15:45',NULL,'2014-09-06 13:54:57','2021-07-07 16:46:46'),(816,1,28,'1992-05-06 01:42:27',NULL,'1994-08-23 07:16:47','2021-07-07 16:46:46'),(817,1,18,'2009-11-08 03:58:43','1978-01-21 10:45:37','1993-03-04 01:03:30','2021-07-07 16:46:46'),(818,1,6,'2010-06-22 16:34:41',NULL,'2020-06-09 05:47:45','2021-07-07 16:46:25'),(819,1,6,'2007-06-23 09:57:30','2019-04-03 06:43:26','1974-07-25 03:49:29','2021-07-07 16:46:25'),(820,1,28,'1994-11-22 21:54:24',NULL,'2000-02-16 15:12:24','2021-07-07 16:46:46'),(821,1,18,'2018-07-18 18:52:45',NULL,'1992-06-02 16:47:02','2021-07-07 16:46:46'),(822,1,6,'2009-03-06 01:51:46','2017-11-15 12:10:56','1985-08-19 11:30:38','2021-07-07 16:46:25'),(823,1,6,'2001-11-07 23:44:14',NULL,'1984-05-25 00:25:37','2021-07-07 16:46:25'),(824,1,18,'1994-02-21 14:27:36','1999-09-18 14:50:19','1981-07-28 00:00:03','2021-07-07 16:46:46'),(825,1,18,'1994-10-24 03:11:03',NULL,'2002-06-06 05:12:39','2021-07-07 16:46:46'),(826,1,6,'2007-01-04 23:49:42','1991-09-23 12:36:54','1970-10-05 10:51:16','2021-07-07 16:46:25'),(827,1,28,'1976-06-10 00:48:49',NULL,'1983-06-02 23:09:51','2021-07-07 16:46:46'),(828,1,28,'2008-09-26 21:04:23',NULL,'2017-01-21 17:08:43','2021-07-07 16:46:46'),(829,1,99,'2000-09-24 11:01:05',NULL,'1984-07-27 01:08:29','2021-07-07 16:46:46'),(830,1,18,'1970-11-17 02:11:29',NULL,'2018-03-05 11:05:19','2021-07-07 16:46:46'),(831,1,6,'1973-05-16 07:55:50',NULL,'2000-05-20 11:27:20','2021-07-07 16:46:25'),(832,1,18,'1990-07-12 10:03:20','2009-09-28 03:10:18','1973-02-22 23:09:43','2021-07-07 16:46:46'),(833,1,28,'2009-03-12 12:04:07','2006-03-03 08:58:29','2010-12-14 17:45:09','2021-07-07 16:46:46'),(834,1,28,'1989-04-26 22:42:53',NULL,'2005-10-15 11:37:56','2021-07-07 16:46:46'),(835,1,99,'1992-05-02 04:31:31',NULL,'1996-12-01 20:03:51','2021-07-07 16:46:46'),(836,1,6,'1971-07-23 13:12:28',NULL,'1981-08-11 17:40:11','2021-07-07 16:46:25'),(837,1,18,'2020-08-26 02:50:50',NULL,'1972-06-22 03:38:13','2021-07-07 16:46:46'),(838,1,18,'1989-06-02 23:43:21','1988-08-15 22:09:57','1976-10-08 18:46:55','2021-07-07 16:46:46'),(839,1,6,'1983-09-27 03:39:56',NULL,'1971-04-13 04:34:57','2021-07-07 16:46:25'),(840,1,99,'1977-11-22 15:22:47',NULL,'1984-12-10 21:54:11','2021-07-07 16:46:46'),(841,1,99,'2003-09-06 21:09:19',NULL,'1998-07-15 21:55:35','2021-07-07 16:46:46'),(842,1,6,'1977-09-25 15:27:07',NULL,'1983-11-08 13:33:46','2021-07-07 16:46:25'),(843,1,6,'1974-04-24 11:11:35','2016-08-28 07:53:13','1971-09-09 14:20:34','2021-07-07 16:46:25'),(844,1,99,'1999-10-07 18:12:40',NULL,'1974-08-27 22:25:18','2021-07-07 16:46:46'),(845,1,6,'1980-06-14 17:36:22',NULL,'2011-10-23 19:01:33','2021-07-07 16:46:25'),(846,1,28,'2016-03-28 13:21:05',NULL,'2017-05-27 16:10:07','2021-07-07 16:46:46'),(847,1,99,'1988-04-02 12:24:19',NULL,'1988-03-10 18:05:23','2021-07-07 16:46:46'),(848,1,18,'1987-03-21 16:24:58',NULL,'1980-03-02 06:40:17','2021-07-07 16:46:46'),(849,1,28,'1978-03-03 16:50:43','2013-02-23 03:18:26','1985-10-04 02:39:48','2021-07-07 16:46:46'),(850,1,99,'2011-12-02 03:00:41',NULL,'1979-12-20 22:52:06','2021-07-07 16:46:46'),(851,1,6,'2008-02-24 14:12:24',NULL,'2015-04-25 17:26:53','2021-07-07 16:46:25'),(852,1,18,'1973-04-16 09:09:25','1978-02-14 17:33:13','2011-10-23 08:15:52','2021-07-07 16:46:46'),(853,1,6,'2011-06-03 16:48:41',NULL,'2017-07-11 06:16:28','2021-07-07 16:46:25'),(854,1,18,'2002-08-02 22:00:54',NULL,'2003-03-25 18:17:12','2021-07-07 16:46:46'),(855,1,18,'1994-08-21 23:36:42','1973-04-30 03:28:05','1988-09-17 21:17:31','2021-07-07 16:46:46'),(856,1,28,'2007-08-22 06:58:35','2015-01-25 02:54:47','2009-07-11 01:33:30','2021-07-07 16:46:46'),(857,1,28,'1991-01-31 21:28:40','1980-07-07 17:51:39','1973-08-14 15:45:40','2021-07-07 16:46:46'),(858,1,18,'1989-06-15 08:06:29','1999-12-18 10:21:22','1972-05-14 16:22:43','2021-07-07 16:46:46'),(859,1,99,'1991-03-16 07:04:08',NULL,'1982-07-15 07:27:41','2021-07-07 16:46:46'),(860,1,18,'2003-03-07 16:32:01','2003-11-10 04:06:12','2003-09-13 15:28:07','2021-07-07 16:46:46'),(861,1,18,'1977-02-14 20:59:50',NULL,'2010-11-24 13:12:41','2021-07-07 16:46:46'),(862,1,6,'2004-06-16 05:31:54','1974-11-16 21:04:42','2016-05-17 20:48:02','2021-07-07 16:46:25'),(863,1,18,'2013-11-27 09:34:18',NULL,'2017-06-01 14:45:43','2021-07-07 16:46:46'),(864,1,28,'1982-06-11 20:20:38',NULL,'2004-06-05 12:51:52','2021-07-07 16:46:46'),(865,1,28,'2015-03-31 10:32:30',NULL,'2016-09-10 00:28:48','2021-07-07 16:46:46'),(866,1,18,'1991-04-30 02:21:38','1999-06-14 19:08:19','1985-07-20 11:51:06','2021-07-07 16:46:46'),(867,1,6,'1975-02-10 14:53:01',NULL,'1974-11-01 18:05:01','2021-07-07 16:46:25'),(868,1,6,'1991-05-31 09:34:37',NULL,'1981-04-25 22:46:03','2021-07-07 16:46:25'),(869,1,28,'2008-08-27 12:55:38',NULL,'1986-04-24 10:12:37','2021-07-07 16:46:46'),(870,1,28,'2020-11-11 03:45:14',NULL,'2008-02-29 14:34:37','2021-07-07 16:46:46'),(871,1,28,'2015-06-28 19:44:01',NULL,'2013-10-28 14:06:45','2021-07-07 16:46:46'),(872,1,6,'1996-05-14 00:52:04',NULL,'1995-04-02 10:37:15','2021-07-07 16:46:25'),(873,1,99,'2020-05-04 22:41:08',NULL,'2000-05-05 18:50:11','2021-07-07 16:46:46'),(874,1,6,'2015-12-16 17:13:43',NULL,'2003-01-12 20:04:12','2021-07-07 16:46:25'),(875,1,99,'2019-05-18 08:55:03',NULL,'2003-04-10 04:34:14','2021-07-07 16:46:46'),(876,1,28,'2006-05-23 05:20:08',NULL,'1970-10-30 03:26:55','2021-07-07 16:46:46'),(877,1,6,'2001-10-24 07:28:19','1986-07-28 17:10:38','1992-02-25 20:22:34','2021-07-07 16:46:25'),(878,1,18,'2016-09-01 04:11:43',NULL,'1973-08-07 11:45:15','2021-07-07 16:46:46'),(879,1,99,'2015-05-12 07:00:11','1975-08-24 05:56:02','2009-04-21 10:01:39','2021-07-07 16:46:46'),(880,1,18,'2015-02-05 20:51:46','2011-01-02 12:26:22','2017-07-06 04:22:36','2021-07-07 16:46:46'),(881,1,99,'1998-07-18 13:09:16',NULL,'1994-11-07 20:42:28','2021-07-07 16:46:46'),(882,1,6,'2018-11-11 00:10:57',NULL,'2009-03-22 09:59:52','2021-07-07 16:46:25'),(883,1,18,'1976-12-29 10:41:05','1975-05-07 06:58:40','1991-12-20 13:23:17','2021-07-07 16:46:46'),(884,1,6,'2002-01-25 07:49:19','2003-04-03 06:43:15','1996-03-10 06:53:30','2021-07-07 16:46:25'),(885,1,99,'1999-06-05 01:07:10',NULL,'1982-07-29 08:45:30','2021-07-07 16:46:46'),(886,1,6,'1991-01-10 18:05:04',NULL,'1985-02-01 21:31:28','2021-07-07 16:46:25'),(887,1,99,'1975-04-08 18:30:04',NULL,'2018-05-22 20:11:11','2021-07-07 16:46:46'),(888,1,28,'1979-09-26 10:10:23',NULL,'2010-02-22 08:14:41','2021-07-07 16:46:46'),(889,1,6,'2015-06-23 03:14:56','2011-12-15 08:50:41','1983-08-05 04:03:28','2021-07-07 16:46:25'),(890,1,28,'1997-07-14 07:24:39',NULL,'2011-09-26 06:51:17','2021-07-07 16:46:46'),(891,1,6,'1981-12-04 18:34:22',NULL,'1975-06-29 14:46:54','2021-07-07 16:46:25'),(892,1,28,'2010-01-21 07:23:42',NULL,'1971-06-09 21:22:19','2021-07-07 16:46:46'),(893,1,6,'2008-03-21 01:00:36',NULL,'2009-03-06 02:20:52','2021-07-07 16:46:25'),(894,1,28,'2008-09-07 11:06:34',NULL,'1991-01-30 02:02:56','2021-07-07 16:46:46'),(895,1,28,'1986-01-25 21:22:56',NULL,'2003-04-13 16:45:15','2021-07-07 16:46:46'),(896,1,28,'2004-02-26 21:07:45','2019-04-18 14:05:03','1981-09-12 17:19:32','2021-07-07 16:46:46'),(897,1,28,'1991-10-27 22:33:47',NULL,'1973-09-05 10:00:22','2021-07-07 16:46:46'),(898,1,6,'1983-08-30 10:40:18','2013-08-21 11:12:59','1979-04-24 13:13:47','2021-07-07 16:46:25'),(899,1,6,'1985-07-01 20:52:10','2011-10-07 06:13:40','1975-01-20 00:26:54','2021-07-07 16:46:25'),(900,1,99,'2008-10-21 10:48:59',NULL,'2015-11-10 07:32:32','2021-07-07 16:46:46'),(901,6,1,'1973-11-16 02:54:03',NULL,'2006-01-22 21:33:30','2021-07-07 16:38:57'),(902,1,6,'2008-08-08 18:12:07','2011-02-16 08:18:21','1970-09-15 18:25:11','2021-07-07 16:46:25'),(903,1,28,'2021-02-25 05:13:26',NULL,'2017-05-07 03:55:47','2021-07-07 16:46:46'),(904,1,6,'1974-10-30 20:33:38',NULL,'2021-01-09 02:33:12','2021-07-07 16:46:25'),(905,1,6,'2000-01-20 05:31:51',NULL,'2012-04-28 03:25:36','2021-07-07 16:46:25'),(906,1,99,'2021-06-30 11:53:03','1983-09-13 23:39:48','1995-10-13 04:02:15','2021-07-07 16:46:46'),(907,1,99,'1970-08-09 16:13:27',NULL,'1998-02-28 23:51:22','2021-07-07 16:46:46'),(908,1,6,'1973-05-30 15:01:22',NULL,'1977-10-13 11:40:33','2021-07-07 16:46:25'),(909,1,28,'1991-04-25 20:20:09',NULL,'1987-05-14 03:41:34','2021-07-07 16:46:46'),(910,1,99,'2017-08-22 16:44:43',NULL,'1991-04-17 20:42:03','2021-07-07 16:46:46'),(911,1,28,'2012-05-11 18:56:08',NULL,'1997-04-27 22:44:27','2021-07-07 16:46:46'),(912,1,28,'2005-01-15 06:18:51',NULL,'1982-02-12 02:45:45','2021-07-07 16:46:46'),(913,1,99,'1982-03-23 16:00:47','2008-09-25 17:03:28','1973-04-25 11:14:47','2021-07-07 16:46:46'),(914,1,18,'1978-09-01 11:03:19',NULL,'2016-11-05 01:47:39','2021-07-07 16:46:46'),(915,1,18,'2007-04-08 05:53:29',NULL,'2002-07-05 09:40:52','2021-07-07 16:46:46'),(916,1,6,'1978-12-16 21:56:02','1997-07-16 18:21:33','2007-04-14 23:26:33','2021-07-07 16:46:25'),(917,1,18,'1983-07-19 15:24:07','1993-03-06 06:14:11','1991-09-08 14:02:04','2021-07-07 16:46:46'),(918,1,18,'1992-01-30 06:55:00',NULL,'2004-03-02 06:13:57','2021-07-07 16:46:46'),(919,1,6,'1992-03-31 10:34:20',NULL,'1990-05-05 18:43:10','2021-07-07 16:46:25'),(920,1,18,'2003-03-12 07:53:30',NULL,'1999-05-17 02:25:26','2021-07-07 16:46:46'),(921,1,28,'2002-04-12 14:48:24','1998-05-21 17:39:57','2005-05-28 23:44:58','2021-07-07 16:46:46'),(922,1,18,'2012-02-02 03:37:00','2003-04-01 12:10:09','1992-09-28 01:54:27','2021-07-07 16:46:46'),(923,1,28,'2004-12-28 13:07:03',NULL,'1982-12-03 09:00:56','2021-07-07 16:46:46'),(924,1,6,'1998-09-18 02:29:58',NULL,'2002-01-11 18:05:47','2021-07-07 16:46:25'),(925,1,99,'1997-01-16 23:34:49',NULL,'2020-07-10 10:29:13','2021-07-07 16:46:46'),(926,1,28,'1978-03-24 13:28:19',NULL,'1989-04-10 15:42:03','2021-07-07 16:46:46'),(927,1,28,'1983-02-26 08:14:31',NULL,'1985-12-24 20:46:49','2021-07-07 16:46:46'),(928,1,99,'1970-03-05 18:31:24',NULL,'2008-06-02 08:01:30','2021-07-07 16:46:46'),(929,1,6,'1981-11-05 02:04:41',NULL,'2016-09-15 04:55:59','2021-07-07 16:46:25'),(930,1,6,'1990-12-22 16:07:39',NULL,'1973-02-15 02:13:03','2021-07-07 16:46:25'),(931,1,28,'2008-02-19 03:28:07',NULL,'2015-04-11 15:11:02','2021-07-07 16:46:46'),(932,1,6,'1995-09-01 19:02:28','1993-12-05 21:09:50','2011-04-06 21:06:13','2021-07-07 16:46:25'),(933,1,18,'1973-08-25 01:25:54','1999-04-19 11:14:27','1985-04-06 09:34:04','2021-07-07 16:46:46'),(934,1,99,'1983-03-07 00:50:02',NULL,'2015-07-19 17:37:35','2021-07-07 16:46:46'),(935,1,28,'1985-12-16 21:54:40',NULL,'2002-10-02 00:20:17','2021-07-07 16:46:46'),(936,1,99,'2009-07-07 19:24:42',NULL,'1989-11-06 01:29:42','2021-07-07 16:46:46'),(937,1,18,'1986-07-28 02:43:04',NULL,'2012-01-03 22:08:52','2021-07-07 16:46:46'),(938,1,6,'2012-07-19 18:41:57',NULL,'1993-12-11 02:43:52','2021-07-07 16:46:25'),(939,1,6,'1978-08-16 17:25:44',NULL,'1979-08-22 08:32:24','2021-07-07 16:46:25'),(940,1,99,'1983-10-29 01:58:11','1971-09-07 15:27:12','1991-05-05 22:08:04','2021-07-07 16:46:46'),(941,1,18,'1981-08-18 18:15:33',NULL,'1973-03-24 02:13:07','2021-07-07 16:46:46'),(942,1,6,'1984-11-23 19:57:30',NULL,'1991-12-18 00:07:01','2021-07-07 16:46:25'),(943,1,6,'1985-01-16 19:56:48',NULL,'1973-11-19 13:53:46','2021-07-07 16:46:25'),(944,1,28,'1984-07-27 10:27:57',NULL,'1992-11-22 03:08:57','2021-07-07 16:46:46'),(945,1,6,'1981-03-29 01:50:20',NULL,'2000-02-11 03:27:06','2021-07-07 16:46:25'),(946,1,18,'1986-10-01 03:39:30',NULL,'1995-01-12 17:15:30','2021-07-07 16:46:46'),(947,1,18,'1976-12-12 21:39:35','1975-06-03 20:58:16','1995-08-26 19:06:13','2021-07-07 16:46:46'),(948,1,18,'1989-11-13 23:31:39',NULL,'1978-08-24 16:57:04','2021-07-07 16:46:46'),(949,1,28,'2020-02-07 04:14:51',NULL,'1984-11-06 20:22:20','2021-07-07 16:46:46'),(950,1,6,'1985-10-18 14:06:29','1989-05-01 21:44:49','1990-12-22 19:27:38','2021-07-07 16:46:25'),(951,1,99,'2018-12-28 06:19:51','2019-03-30 13:07:09','2001-07-18 08:33:40','2021-07-07 16:46:46'),(952,1,28,'1970-10-09 06:54:53','2006-01-02 12:47:05','2015-04-07 03:30:36','2021-07-07 16:46:46'),(953,1,18,'2019-08-11 16:11:12',NULL,'1994-01-19 20:03:59','2021-07-07 16:46:46'),(954,1,18,'1993-11-26 22:08:35','1993-04-30 08:10:51','1984-09-25 06:37:32','2021-07-07 16:46:46'),(955,1,6,'1976-12-24 11:29:12','1993-03-24 05:28:48','2011-11-11 20:42:19','2021-07-07 16:46:25'),(956,1,6,'1985-09-30 21:52:22',NULL,'2008-06-06 07:20:19','2021-07-07 16:46:25'),(957,1,99,'2015-08-08 00:27:35','1975-12-28 00:00:26','1998-02-16 11:54:40','2021-07-07 16:46:46'),(958,1,28,'1993-12-05 04:22:12','1978-11-16 16:50:58','1994-07-12 15:46:34','2021-07-07 16:46:46'),(959,1,18,'1978-01-02 01:15:53',NULL,'1984-10-09 11:58:43','2021-07-07 16:46:46'),(960,1,28,'2015-04-01 01:32:38',NULL,'1978-10-18 09:53:53','2021-07-07 16:46:46'),(961,1,99,'2004-10-30 21:36:31',NULL,'2021-03-22 05:39:19','2021-07-07 16:46:46'),(962,1,6,'1986-10-13 09:58:05',NULL,'2006-06-03 23:55:51','2021-07-07 16:46:25'),(963,1,6,'1996-10-28 20:53:06','1997-12-12 19:00:16','1988-06-21 18:51:10','2021-07-07 16:46:25'),(964,1,6,'1994-04-30 23:47:57',NULL,'2006-11-24 10:43:22','2021-07-07 16:46:25'),(965,1,6,'2003-10-14 01:16:16',NULL,'1972-04-22 19:01:15','2021-07-07 16:46:25'),(966,1,28,'1983-08-27 06:06:24',NULL,'1991-11-13 20:16:01','2021-07-07 16:46:46'),(967,1,28,'2005-10-08 01:22:47',NULL,'2007-06-19 16:12:57','2021-07-07 16:46:46'),(968,1,99,'1995-10-16 15:29:11','2012-08-08 04:35:26','2008-01-28 22:31:36','2021-07-07 16:46:46'),(969,1,99,'1992-02-23 14:25:45','2006-07-30 18:38:55','1988-10-23 17:09:48','2021-07-07 16:46:46'),(970,1,28,'1979-09-12 08:55:54',NULL,'2001-07-30 14:38:27','2021-07-07 16:46:46'),(971,1,28,'1999-05-14 00:01:57',NULL,'2010-04-02 21:34:05','2021-07-07 16:46:46'),(972,1,99,'1994-09-18 02:35:35','2018-09-12 06:42:11','1979-04-17 05:00:04','2021-07-07 16:46:46'),(973,1,99,'1992-04-07 06:58:40',NULL,'1990-01-15 05:18:35','2021-07-07 16:46:46'),(974,1,18,'1985-09-10 07:37:24',NULL,'2001-08-11 01:10:23','2021-07-07 16:46:46'),(975,1,18,'1975-01-30 15:13:47',NULL,'2014-08-02 04:18:41','2021-07-07 16:46:46'),(976,1,6,'1997-03-17 23:49:24',NULL,'2003-01-07 22:17:42','2021-07-07 16:46:25'),(977,1,18,'1988-10-06 11:51:24','1989-01-21 18:57:44','2000-06-15 13:26:43','2021-07-07 16:46:46'),(978,1,28,'2002-07-25 03:47:05','1997-04-26 23:26:19','2017-10-17 09:56:11','2021-07-07 16:46:46'),(979,1,99,'1980-09-24 16:45:34','2011-11-23 08:42:35','2000-08-31 02:44:35','2021-07-07 16:46:46'),(980,1,99,'1975-10-01 22:27:54','1999-06-07 19:18:30','1977-11-11 06:33:27','2021-07-07 16:46:46'),(981,1,18,'2020-01-23 22:21:13','2004-09-09 02:32:30','2006-09-07 02:18:55','2021-07-07 16:46:46'),(982,1,6,'1986-08-11 14:19:00',NULL,'1997-11-09 16:46:19','2021-07-07 16:46:25'),(983,1,6,'2013-02-18 20:58:53','2014-06-28 23:23:55','1979-07-16 16:57:12','2021-07-07 16:46:25'),(984,1,6,'1986-07-03 03:24:43',NULL,'1974-08-20 08:24:27','2021-07-07 16:46:25'),(985,1,18,'1985-04-02 09:48:38','1975-04-08 17:00:43','2005-02-09 20:52:35','2021-07-07 16:46:46'),(986,1,18,'2007-07-02 21:51:00',NULL,'2004-11-04 12:32:07','2021-07-07 16:46:46'),(987,1,6,'1979-01-17 15:45:30',NULL,'2010-10-27 09:52:06','2021-07-07 16:46:25'),(988,1,28,'2018-05-03 01:58:51','2005-07-06 07:29:04','2000-09-10 18:25:13','2021-07-07 16:46:46'),(989,1,6,'1978-12-28 04:23:23',NULL,'2005-05-19 15:58:35','2021-07-07 16:46:25'),(990,1,28,'2006-11-17 12:28:59',NULL,'2009-10-13 21:33:53','2021-07-07 16:46:46'),(991,1,6,'1988-03-15 16:23:51',NULL,'2006-10-07 13:32:01','2021-07-07 16:46:25'),(992,1,99,'2008-03-26 01:57:03',NULL,'1977-12-14 00:38:09','2021-07-07 16:46:46'),(993,1,28,'1985-01-07 21:15:56',NULL,'1987-10-25 08:25:41','2021-07-07 16:46:46'),(994,1,28,'1975-06-07 10:14:33','1986-06-21 13:28:26','1998-05-14 06:10:02','2021-07-07 16:46:46'),(995,1,28,'1998-02-14 01:34:30',NULL,'1996-10-24 05:29:59','2021-07-07 16:46:46'),(996,1,99,'1999-11-24 23:56:09','2015-02-27 22:14:13','1978-11-17 05:53:30','2021-07-07 16:46:46'),(997,1,18,'2009-12-25 08:13:26','1980-06-11 18:34:41','1989-06-08 03:08:19','2021-07-07 16:46:46'),(998,1,28,'1985-03-06 15:02:05',NULL,'2010-09-22 07:12:57','2021-07-07 16:46:46'),(999,1,6,'2011-07-20 22:52:14','2012-08-28 08:59:25','1987-06-30 06:33:44','2021-07-07 16:46:25'),(1000,1,6,'1984-03-17 20:45:25',NULL,'2004-10-18 10:36:47','2021-07-07 16:46:25'),(1001,1,99,'1971-12-15 05:23:44',NULL,'2021-07-03 21:52:33','2021-07-07 16:46:46'),(1002,1,18,'1971-12-15 05:23:44',NULL,'2021-07-03 21:53:03','2021-07-07 16:46:46'),(1003,1,18,'1971-12-15 05:23:44',NULL,'2021-07-03 21:53:04','2021-07-07 16:46:46'),(1004,1,6,'1971-12-15 05:23:44',NULL,'2021-07-03 21:53:05','2021-07-07 16:46:25'),(1005,1,28,'1971-12-15 05:23:44',NULL,'2021-07-03 21:53:06','2021-07-07 16:46:46'),(1006,1,6,'1971-12-15 05:23:44',NULL,'2021-07-03 21:53:44','2021-07-07 16:46:25'),(1007,1,18,'1971-12-15 05:23:44',NULL,'2021-07-03 21:53:45','2021-07-07 16:46:46'),(1008,1,28,'1971-12-15 05:23:44',NULL,'2021-07-03 21:53:46','2021-07-07 16:46:46'),(1009,1,28,'2021-03-23 02:28:32',NULL,'2021-07-07 16:55:26','2021-07-07 16:55:26'),(1010,1,99,'2020-06-03 02:34:51',NULL,'2021-07-07 16:59:15','2021-07-07 16:59:15');
/*!40000 ALTER TABLE `messages` ENABLE KEYS */;
UNLOCK TABLES;

--
-- Table structure for table `messages_media`
--

DROP TABLE IF EXISTS `messages_media`;
/*!40101 SET @saved_cs_client     = @@character_set_client */;
/*!50503 SET character_set_client = utf8mb4 */;
CREATE TABLE `messages_media` (
  `message_id` int unsigned NOT NULL COMMENT 'Ссылка на идентификатор сообшения',
  `media_id` int unsigned NOT NULL COMMENT 'Ссылка на идентификатор медиа',
  `created_at` datetime DEFAULT CURRENT_TIMESTAMP COMMENT 'Время создания строки',
  `updated_at` datetime DEFAULT CURRENT_TIMESTAMP ON UPDATE CURRENT_TIMESTAMP COMMENT 'Время обновления строки',
  KEY `fk_mm_media_id` (`media_id`),
  KEY `fk_mm_message_id` (`message_id`),
  CONSTRAINT `fk_mm_media_id` FOREIGN KEY (`media_id`) REFERENCES `media` (`id`),
  CONSTRAINT `fk_mm_message_id` FOREIGN KEY (`message_id`) REFERENCES `messages` (`id`)
) ENGINE=InnoDB DEFAULT CHARSET=utf8mb4 COLLATE=utf8mb4_0900_ai_ci COMMENT='Связь сообщений и медиа';
/*!40101 SET character_set_client = @saved_cs_client */;

--
-- Dumping data for table `messages_media`
--

LOCK TABLES `messages_media` WRITE;
/*!40000 ALTER TABLE `messages_media` DISABLE KEYS */;
INSERT INTO `messages_media` VALUES (1,1,'1987-09-21 18:18:42','2018-07-04 07:16:55'),(2,2,'1976-08-16 13:30:08','1984-10-15 03:11:45'),(3,3,'2009-06-24 23:40:33','1970-07-07 13:56:23'),(4,4,'1979-12-22 13:09:35','1993-09-18 03:53:48'),(5,5,'1980-10-17 18:17:04','1977-10-05 01:49:46'),(6,6,'1971-03-16 07:57:49','1991-03-20 23:55:33'),(7,7,'1991-06-06 19:29:30','1972-06-13 11:52:53'),(8,8,'2010-09-14 02:25:31','2004-03-30 01:43:08'),(9,9,'1998-04-16 04:48:07','1996-06-20 16:15:31'),(10,10,'1987-11-06 14:00:41','1994-03-21 21:00:35'),(11,11,'1982-01-18 18:48:41','2016-08-07 14:02:50'),(12,12,'1988-11-05 11:41:27','2021-04-10 10:09:47'),(13,13,'1977-10-02 16:14:04','1971-08-11 04:06:21'),(14,14,'1970-10-18 05:30:39','1976-09-09 15:26:20'),(15,15,'1976-06-05 01:37:46','2003-12-07 02:38:28'),(16,16,'2011-08-08 08:54:46','2009-02-01 08:17:20'),(17,17,'1978-09-11 04:22:05','1991-10-01 06:55:16'),(18,18,'1993-06-08 19:01:00','2018-05-16 21:29:24'),(19,19,'2016-07-15 17:56:08','2015-05-29 20:12:46'),(20,20,'1975-07-17 09:40:37','2005-06-26 13:41:58'),(21,21,'1989-10-04 03:47:07','2018-12-20 02:30:36'),(22,22,'1999-09-15 11:44:51','1988-11-07 09:27:20'),(23,23,'1982-11-18 01:42:04','1970-06-16 22:30:01'),(24,24,'1996-10-01 17:07:31','1997-11-26 16:19:04'),(25,25,'1970-03-01 01:48:11','1991-12-28 14:10:02'),(26,26,'2003-02-18 14:49:01','2016-12-08 08:59:09'),(27,27,'1989-09-07 09:03:07','2013-04-16 06:57:19'),(28,28,'2019-07-27 07:59:25','2005-06-09 15:47:04'),(29,29,'2007-04-11 18:20:21','1970-12-11 23:53:04'),(30,30,'1982-12-16 13:54:00','1995-10-05 07:59:49'),(31,31,'1981-03-21 02:27:22','1987-10-18 13:43:06'),(32,32,'1996-01-15 04:28:52','2003-07-15 19:48:23'),(33,33,'1993-05-02 05:49:54','2010-07-25 06:38:08'),(34,34,'2001-06-30 18:42:32','1979-12-26 15:56:53'),(35,35,'2000-03-12 20:30:12','1984-04-02 16:45:34'),(36,36,'1996-03-26 11:59:19','1982-09-17 12:25:53'),(37,37,'1971-05-07 22:04:27','1996-02-12 17:42:57'),(38,38,'2020-07-30 10:33:17','2017-05-12 13:29:01'),(39,39,'2002-09-15 18:26:33','2021-06-23 11:45:26'),(40,40,'2005-09-26 20:48:14','2013-09-16 18:43:42'),(41,41,'2008-03-27 14:43:43','1974-12-05 16:44:57'),(42,42,'2012-10-21 12:45:06','1972-09-23 23:18:45'),(43,43,'2014-09-04 16:21:59','1996-12-02 08:05:02'),(44,44,'2018-04-15 11:06:03','1979-02-01 01:50:14'),(45,45,'1986-01-31 12:07:38','1989-11-14 23:17:35'),(46,46,'1999-06-24 00:13:04','1987-12-21 19:44:02'),(47,47,'1978-04-22 17:09:01','2010-02-15 19:32:33'),(48,48,'2014-12-05 21:06:58','1990-10-08 03:02:18'),(49,49,'1996-03-29 01:04:03','2012-12-17 00:21:29'),(50,50,'1977-08-19 16:05:33','2016-08-26 14:28:56'),(51,51,'2003-10-19 06:32:42','2009-01-29 05:56:29'),(52,52,'1990-01-19 00:48:35','1984-02-13 02:16:35'),(53,53,'2004-05-13 17:44:15','1972-06-05 12:05:50'),(54,54,'2000-08-29 16:34:59','2006-07-03 19:09:22'),(55,55,'1986-12-11 11:28:02','2010-03-04 11:02:02'),(56,56,'1977-09-03 15:52:50','1983-09-07 08:53:03'),(57,57,'1991-08-06 10:39:33','2012-08-30 00:16:35'),(58,58,'2011-03-02 12:00:59','1982-12-09 21:54:13'),(59,59,'1995-06-06 05:23:29','2009-08-02 07:29:07'),(60,60,'2002-07-28 01:45:13','1975-03-31 05:21:58'),(61,61,'2021-05-16 15:10:15','2018-03-30 14:54:47'),(62,62,'1980-04-08 16:00:37','2002-06-17 16:17:40'),(63,63,'1996-07-26 11:21:20','2005-04-30 21:02:51'),(64,64,'2021-01-06 11:14:06','2006-09-06 20:04:21'),(65,65,'1989-03-25 08:26:45','2012-02-16 15:16:22'),(66,66,'1982-03-03 05:23:01','1985-03-29 07:44:52'),(67,67,'2016-07-31 09:06:01','2008-06-20 09:18:40'),(68,68,'2013-05-17 16:02:12','1981-10-26 17:35:28'),(69,69,'2019-12-19 06:46:56','2020-02-21 14:04:39'),(70,70,'1994-09-23 15:34:57','2006-07-21 19:45:27'),(71,71,'2015-09-27 10:52:15','1976-03-20 16:28:11'),(72,72,'1985-07-25 00:49:49','2013-01-12 06:37:27'),(73,73,'2006-02-17 18:45:05','1977-08-20 23:08:26'),(74,74,'1995-10-21 06:56:02','2016-10-16 06:17:41'),(75,75,'2005-02-08 04:03:26','1978-07-20 21:16:11'),(76,76,'1995-07-31 07:06:54','1994-01-14 20:05:29'),(77,77,'1986-12-22 17:33:15','1990-12-24 19:54:10'),(78,78,'2001-06-29 14:00:44','1989-08-05 11:08:44'),(79,79,'2017-08-05 13:19:53','1998-01-17 03:29:36'),(80,80,'1981-06-14 09:59:43','1980-10-17 07:43:45'),(81,81,'1996-07-23 01:35:02','1971-01-26 13:49:23'),(82,82,'1998-03-26 18:17:31','2010-09-27 14:59:02'),(83,83,'1981-08-11 09:43:10','1980-02-13 14:42:24'),(84,84,'1982-11-22 07:06:23','2008-05-23 05:48:53'),(85,85,'2009-01-09 20:52:43','1994-11-07 00:12:06'),(86,86,'1982-04-20 01:29:11','1993-03-14 15:26:14'),(87,87,'1981-05-11 17:06:48','1998-04-16 01:47:11'),(88,88,'2021-01-17 17:09:46','1994-05-12 20:11:14'),(89,89,'1973-10-13 03:11:12','1972-04-26 22:23:00'),(90,90,'1971-09-18 17:16:06','1982-02-06 23:51:21'),(91,91,'1997-04-02 18:21:13','1973-10-24 08:01:37'),(92,92,'1992-03-17 12:28:53','1980-02-03 12:30:19'),(93,93,'1997-10-27 02:55:43','2015-07-24 01:44:19'),(94,94,'1985-06-21 11:36:09','1980-07-04 01:18:57'),(95,95,'1993-02-11 21:28:29','1988-03-28 21:37:45'),(96,96,'2004-07-01 22:21:26','1977-09-03 22:55:10'),(97,97,'2015-09-07 13:34:15','2002-09-04 22:12:15'),(98,98,'1971-05-20 02:14:19','1981-06-20 22:32:45'),(99,99,'2020-04-06 08:28:40','1974-09-04 03:43:39'),(100,100,'2013-10-17 20:03:42','1973-11-25 07:17:20'),(101,101,'1983-06-22 12:56:21','1986-05-01 03:35:17'),(102,102,'2018-07-08 21:51:59','2000-09-01 06:41:51'),(103,103,'1988-09-05 08:25:08','1974-08-29 19:28:03'),(104,104,'1986-10-01 01:20:41','2010-02-18 03:02:16'),(105,105,'1985-10-06 19:38:28','1997-07-22 17:27:57'),(106,106,'2010-04-17 03:15:12','1992-08-25 17:53:46'),(107,107,'2012-05-30 08:11:12','1985-09-09 16:40:12'),(108,108,'2001-07-29 18:59:30','1976-04-20 13:28:28'),(109,109,'2007-11-16 20:39:35','1997-06-20 22:34:07'),(110,110,'1993-12-02 13:46:58','1984-06-20 14:25:04'),(111,111,'1978-10-26 14:48:43','2001-02-19 06:39:53'),(112,112,'1980-02-18 22:13:24','1972-04-10 14:58:36'),(113,113,'2008-04-22 22:19:55','1986-08-27 03:44:41'),(114,114,'2008-07-12 15:29:25','1989-10-21 14:59:02'),(115,115,'1990-08-24 11:59:01','1988-03-18 07:57:16'),(116,116,'2001-12-14 00:57:59','1975-05-30 04:56:58'),(117,117,'1976-10-03 08:27:18','1977-12-04 09:34:04'),(118,118,'2009-05-22 10:11:22','1993-06-04 20:28:00'),(119,119,'1995-02-08 04:29:34','2008-08-05 07:07:38'),(120,120,'2015-10-07 17:42:01','1978-12-24 00:19:07'),(121,121,'1982-07-18 12:42:42','1977-02-02 23:44:40'),(122,122,'2003-09-02 10:06:04','1990-01-21 03:15:15'),(123,123,'2020-10-05 01:11:29','2019-03-16 20:19:24'),(124,124,'1973-09-08 00:13:40','1973-06-17 09:07:35'),(125,125,'2013-05-30 17:06:47','1979-12-30 07:04:54'),(126,126,'2016-08-20 18:12:25','2000-10-14 03:27:11'),(127,127,'1972-12-11 00:54:23','2020-08-13 01:31:11'),(128,128,'1982-04-17 21:39:48','2003-07-07 12:00:13'),(129,129,'2004-01-20 21:47:38','1986-09-16 21:00:08'),(130,130,'2001-06-01 12:46:11','1984-07-10 15:28:45'),(131,131,'1989-02-20 22:30:05','1986-09-24 15:08:44'),(132,132,'1982-02-28 21:16:58','2010-04-12 20:56:18'),(133,133,'1996-08-30 19:14:47','1984-10-27 17:27:20'),(134,134,'2016-03-04 22:40:49','1970-08-18 03:11:49'),(135,135,'1972-01-11 16:30:03','2008-06-24 20:32:21'),(136,136,'2000-12-22 12:19:55','2010-11-10 02:35:00'),(137,137,'2016-11-08 22:30:00','1975-06-15 15:18:02'),(138,138,'2019-02-04 08:41:56','2016-10-11 14:31:47'),(139,139,'1975-05-25 20:06:55','1985-01-24 20:04:19'),(140,140,'1982-12-02 10:38:25','1980-07-02 07:41:30'),(141,141,'1970-01-12 06:01:49','2007-06-01 17:39:26'),(142,142,'1985-07-20 13:50:40','2011-04-16 15:43:13'),(143,143,'1989-01-01 16:24:32','1993-07-08 17:04:09'),(144,144,'1970-09-19 18:03:22','1995-02-25 15:50:03'),(145,145,'1995-02-05 12:16:56','1975-02-22 02:30:33'),(146,146,'1975-07-06 14:47:43','1988-06-04 17:26:35'),(147,147,'1997-07-24 19:43:37','1997-08-08 22:50:21'),(148,148,'2006-03-11 11:11:46','1998-09-22 03:24:09'),(149,149,'2008-06-20 07:10:54','1975-10-06 10:39:15'),(150,150,'2010-12-30 08:23:58','1993-01-01 10:35:07'),(151,151,'2006-07-13 19:26:38','2003-05-31 21:45:47'),(152,152,'2005-02-24 17:57:25','1991-11-13 09:19:32'),(153,153,'2019-02-23 09:42:59','1990-08-09 00:12:41'),(154,154,'1980-05-26 15:39:49','1981-10-11 09:03:23'),(155,155,'2019-08-15 14:17:21','2002-05-09 22:29:44'),(156,156,'1971-09-10 11:04:18','1971-09-17 16:53:23'),(157,157,'2007-04-07 08:26:56','1994-11-15 06:57:36'),(158,158,'2013-08-10 22:07:32','2017-11-22 20:35:57'),(159,159,'1974-04-06 21:37:19','1974-12-26 14:33:41'),(160,160,'2001-11-23 10:55:23','1978-04-09 00:11:49'),(161,161,'2003-03-11 17:20:08','2017-03-30 07:01:05'),(162,162,'1994-10-19 01:21:57','2000-06-23 20:50:55'),(163,163,'1990-05-16 05:25:04','1999-12-14 01:41:31'),(164,164,'1983-09-27 01:03:03','2013-12-18 18:07:30'),(165,165,'2004-04-06 19:51:21','2016-01-26 21:22:25'),(166,166,'2006-09-09 02:35:50','1999-04-29 01:12:37'),(167,167,'2013-10-24 18:03:44','1991-08-18 12:30:18'),(168,168,'1991-10-16 16:06:27','2016-09-27 23:23:25'),(169,169,'2009-10-30 21:10:57','1983-09-13 17:14:04'),(170,170,'1972-07-16 00:52:37','2019-05-31 07:59:10'),(171,171,'1979-01-02 23:32:54','2008-03-12 20:12:23'),(172,172,'1972-07-07 00:13:39','1983-05-02 07:17:17'),(173,173,'1999-09-17 21:27:39','2003-12-23 08:40:28'),(174,174,'1971-02-23 16:48:46','1984-12-09 08:19:37'),(175,175,'1973-10-10 03:29:36','1985-08-16 23:59:45'),(176,176,'1982-07-02 10:56:41','1993-08-06 09:12:21'),(177,177,'1994-04-12 03:18:10','1988-11-26 01:55:17'),(178,178,'1995-04-14 16:18:24','1991-09-27 15:38:02'),(179,179,'1972-06-18 20:43:05','1977-04-16 16:08:53'),(180,180,'2018-08-03 23:13:46','2016-05-07 07:10:43'),(181,181,'1987-10-14 15:18:54','2019-05-17 08:47:25'),(182,182,'1985-02-25 22:07:32','2000-08-01 12:12:44'),(183,183,'1994-02-01 10:07:07','1993-08-08 00:04:47'),(184,184,'2006-08-25 00:12:52','1983-07-21 14:31:28'),(185,185,'1976-02-20 04:14:20','2004-06-13 03:28:55'),(186,186,'2000-07-10 19:14:55','1970-12-21 12:17:57'),(187,187,'1974-10-22 03:36:09','2010-06-18 12:00:42'),(188,188,'2018-11-28 03:30:22','2001-05-11 05:52:38'),(189,189,'1972-05-17 14:46:20','2007-01-08 03:33:46'),(190,190,'2005-12-11 00:39:38','1990-04-01 00:49:45'),(191,191,'2020-05-04 02:48:45','2012-01-08 11:46:45'),(192,192,'1992-05-27 04:33:14','1986-02-02 19:09:01'),(193,193,'2010-11-05 13:11:30','1983-04-25 03:30:44'),(194,194,'1998-04-08 00:40:06','1981-02-17 17:02:42'),(195,195,'2005-06-19 20:36:32','1979-12-11 18:09:51'),(196,196,'2021-01-11 03:50:23','2001-10-04 03:03:20'),(197,197,'1983-07-30 08:30:00','1987-07-29 12:49:28'),(198,198,'1970-11-20 19:39:53','1993-12-29 09:51:59'),(199,199,'1987-01-08 16:09:19','2017-12-22 02:52:04'),(200,200,'1981-11-24 18:56:07','1993-04-29 13:21:12'),(201,201,'2005-05-09 02:24:00','2010-04-24 03:42:45'),(202,202,'1981-04-30 19:47:45','1971-08-04 21:15:27'),(203,203,'1993-12-07 04:34:02','2011-05-03 20:55:46'),(204,204,'2005-07-16 07:21:41','1971-11-04 20:22:15'),(205,205,'1985-10-25 12:59:03','2020-01-19 14:53:23'),(206,206,'2018-05-04 06:42:00','2021-06-25 13:22:25'),(207,207,'2006-03-04 21:21:32','1972-03-22 16:22:12'),(208,208,'2002-07-02 06:29:06','1983-04-27 13:39:22'),(209,209,'2008-07-31 11:54:14','2014-01-16 23:44:00'),(210,210,'1996-08-11 02:59:03','1991-10-19 00:51:00'),(211,211,'2001-08-16 22:28:21','1970-03-30 10:20:15'),(212,212,'1972-11-02 12:22:20','2006-02-24 16:55:53'),(213,213,'1998-11-11 15:28:34','2011-10-31 14:47:13'),(214,214,'2010-07-20 03:15:48','1975-05-10 22:32:31'),(215,215,'1987-02-23 01:29:34','2020-12-27 12:38:35'),(216,216,'1984-06-11 03:04:16','1997-07-09 17:58:53'),(217,217,'2003-03-21 06:00:52','2014-01-10 22:33:13'),(218,218,'1999-11-30 08:21:34','2007-11-30 07:48:50'),(219,219,'1974-02-14 10:39:59','1991-01-08 11:15:16'),(220,220,'1975-11-10 06:55:54','1978-09-09 05:09:18'),(221,221,'2004-11-13 11:42:12','1980-08-14 10:08:15'),(222,222,'1977-09-23 02:57:39','2003-04-10 14:59:57'),(223,223,'1997-12-18 09:54:19','1991-12-09 03:23:16'),(224,224,'1987-08-20 17:24:53','2002-08-28 12:21:45'),(225,225,'2018-03-06 18:55:27','2012-08-22 00:09:28'),(226,226,'2020-03-04 20:51:55','2008-09-17 20:22:19'),(227,227,'1994-10-31 00:46:54','1976-08-29 00:56:18'),(228,228,'1980-12-22 18:42:10','1982-12-23 05:41:38'),(229,229,'2010-12-14 10:54:22','1981-02-21 10:40:36'),(230,230,'2015-06-20 17:16:46','2018-11-10 07:15:27'),(231,231,'1990-07-02 21:39:41','1981-10-30 14:36:41'),(232,232,'2006-10-26 08:26:14','1971-06-10 02:50:29'),(233,233,'1984-06-05 22:13:55','1994-06-27 05:47:31'),(234,234,'1972-09-03 15:22:47','2003-01-13 19:53:04'),(235,235,'2013-08-17 03:17:33','1991-06-06 11:13:55'),(236,236,'1999-09-09 04:47:26','1994-09-27 05:17:12'),(237,237,'2002-07-29 18:02:51','2005-11-11 18:14:21'),(238,238,'1990-08-18 18:00:03','2005-09-20 16:53:31'),(239,239,'1992-06-30 16:25:54','1975-04-14 21:04:35'),(240,240,'1986-11-21 08:59:17','1991-11-28 12:27:12'),(241,241,'2018-09-03 07:40:08','1981-02-21 06:44:44'),(242,242,'1970-05-24 08:24:11','2006-02-20 18:23:02'),(243,243,'2006-03-31 04:01:27','2009-10-16 21:57:20'),(244,244,'1987-01-19 01:13:56','1981-04-20 16:39:36'),(245,245,'2012-05-04 18:59:19','1970-08-20 15:09:28'),(246,246,'2003-03-05 23:41:51','2009-12-22 20:38:23'),(247,247,'2020-03-23 16:21:06','2015-10-19 15:06:13'),(248,248,'2007-01-02 00:58:10','2010-03-20 07:46:44'),(249,249,'1998-02-09 15:36:34','1995-06-04 02:29:53'),(250,250,'2013-03-01 21:05:36','1993-03-02 23:45:54'),(251,251,'2010-05-18 10:53:26','1992-09-28 13:12:26'),(252,252,'1982-03-25 03:34:55','1973-01-11 10:06:39'),(253,253,'1973-10-03 06:43:05','2015-09-05 04:58:51'),(254,254,'1984-08-22 09:52:19','2006-11-01 19:09:40'),(255,255,'2020-02-28 15:51:06','1999-05-08 01:04:43'),(256,256,'2000-06-17 01:27:31','1970-08-22 05:40:40'),(257,257,'2016-12-26 19:51:49','2005-12-05 16:20:30'),(258,258,'1978-02-07 22:35:53','2002-09-22 10:54:09'),(259,259,'2002-06-04 03:36:05','1970-01-18 23:58:32'),(260,260,'2020-04-26 21:43:13','1977-04-06 07:56:19'),(261,261,'2019-12-21 08:10:09','2017-07-31 16:15:12'),(262,262,'1987-07-25 11:37:49','2005-07-19 06:34:42'),(263,263,'1995-08-22 07:36:05','2006-05-31 13:14:32'),(264,264,'1980-08-01 19:35:12','1975-01-14 10:14:11'),(265,265,'2007-10-24 23:54:20','2019-01-09 07:53:10'),(266,266,'1978-06-19 09:31:14','2012-10-27 11:02:40'),(267,267,'1977-09-20 15:17:23','1983-08-07 16:18:45'),(268,268,'1998-01-22 03:33:48','2012-01-13 00:34:58'),(269,269,'1976-08-31 09:22:13','2000-11-28 07:15:49'),(270,270,'2017-05-19 02:20:17','1970-07-21 22:36:38'),(271,271,'1979-08-04 00:45:57','1997-03-29 04:47:06'),(272,272,'2000-08-01 03:22:37','2009-05-18 05:21:32'),(273,273,'2021-06-10 13:11:02','1981-12-09 09:53:47'),(274,274,'2004-12-25 12:04:47','2000-10-07 00:22:27'),(275,275,'2012-06-12 00:51:56','1997-06-19 06:55:17'),(276,276,'2006-02-03 00:08:07','2012-05-20 11:00:38'),(277,277,'1972-08-24 20:17:41','2003-05-26 06:44:41'),(278,278,'1986-05-29 06:34:14','1983-02-28 08:35:01'),(279,279,'1991-01-22 22:23:05','1999-08-14 17:50:59'),(280,280,'1975-10-09 21:02:44','2011-10-23 17:58:24'),(281,281,'2007-05-18 15:14:02','1989-08-06 16:48:16'),(282,282,'1990-08-19 09:23:53','1981-01-11 13:39:51'),(283,283,'2015-05-21 09:08:12','1989-05-10 04:38:55'),(284,284,'2007-11-23 19:09:20','2001-12-23 20:08:45'),(285,285,'1972-04-19 10:59:23','1991-06-07 07:49:45'),(286,286,'1972-10-27 14:16:00','2008-09-22 19:53:41'),(287,287,'1980-07-15 12:19:56','1974-03-30 15:49:43'),(288,288,'1985-07-09 00:25:30','2000-04-10 01:22:51'),(289,289,'2017-03-11 02:37:50','2005-07-14 19:50:16'),(290,290,'1997-11-15 04:24:57','1994-11-07 12:05:04'),(291,291,'2003-05-07 06:33:54','1975-03-29 18:38:22'),(292,292,'2010-08-12 18:26:47','1973-02-24 17:53:25'),(293,293,'1993-03-09 11:00:04','1994-11-13 23:15:32'),(294,294,'1994-07-05 23:55:17','1991-03-27 00:03:17'),(295,295,'1981-08-01 15:28:28','2001-05-04 13:27:40'),(296,296,'2009-06-27 02:34:05','1972-07-10 22:16:56'),(297,297,'1996-06-09 07:39:25','1989-09-21 18:38:46'),(298,298,'1999-11-11 06:13:57','1977-01-06 13:55:20'),(299,299,'1989-05-14 10:44:21','1977-08-25 03:56:35'),(300,300,'2012-03-08 23:46:15','2012-05-28 16:20:20'),(301,301,'1985-05-23 08:22:23','2013-07-10 09:42:58'),(302,302,'1995-01-17 13:32:37','2011-12-24 08:29:22'),(303,303,'2012-07-28 22:05:37','1980-05-21 10:09:41'),(304,304,'2015-06-03 16:54:51','2000-04-30 22:40:24'),(305,305,'2007-12-10 16:21:06','2005-07-30 09:43:24'),(306,306,'1989-09-07 07:16:41','2003-12-13 03:40:33'),(307,307,'1978-02-11 10:32:18','2010-10-10 16:52:51'),(308,308,'1984-10-07 05:50:19','1998-01-03 23:01:46'),(309,309,'1997-04-06 04:53:21','1975-10-07 01:29:23'),(310,310,'2013-06-16 13:38:48','2016-12-15 20:15:06'),(311,311,'1979-01-01 01:04:35','1972-09-19 07:36:12'),(312,312,'2010-12-06 17:58:12','2000-04-07 18:45:36'),(313,313,'1983-06-26 03:38:12','1999-01-27 11:54:51'),(314,314,'1973-02-19 05:41:57','2006-01-12 07:06:22'),(315,315,'2008-03-15 05:11:47','1976-03-23 15:39:26'),(316,316,'2004-02-27 03:52:48','2009-07-01 17:11:32'),(317,317,'2004-02-06 00:23:34','2001-05-11 19:09:41'),(318,318,'1987-10-18 23:07:49','1994-03-03 02:15:42'),(319,319,'1995-08-23 11:27:33','2018-06-08 19:53:51'),(320,320,'2006-12-02 21:39:24','1972-01-13 09:18:36'),(321,321,'2009-05-27 02:55:38','2009-11-25 02:31:33'),(322,322,'1999-01-24 03:06:11','1986-12-05 05:57:11'),(323,323,'1993-02-27 20:59:24','1991-08-06 14:12:55'),(324,324,'1995-05-09 05:40:49','2004-03-26 16:14:22'),(325,325,'1984-05-29 21:49:09','2019-07-15 06:42:06'),(326,326,'1970-07-09 01:09:25','1974-05-15 07:05:39'),(327,327,'2008-04-08 02:33:01','2020-08-02 05:54:55'),(328,328,'1995-10-16 04:47:55','1974-03-19 21:56:45'),(329,329,'1997-02-18 14:01:22','1993-01-25 00:27:43'),(330,330,'1984-07-21 09:58:23','2000-09-17 17:06:03'),(331,331,'1995-08-11 01:37:02','2016-04-02 07:11:38'),(332,332,'1989-03-20 23:46:02','1970-10-05 00:55:03'),(333,333,'2005-05-19 09:26:48','1998-11-09 14:20:25'),(334,334,'2010-08-27 07:32:33','2005-11-03 18:34:19'),(335,335,'2001-07-14 16:21:42','2015-08-10 23:50:47'),(336,336,'1992-07-06 17:55:33','2011-06-03 12:09:17'),(337,337,'1980-10-18 16:01:53','1971-08-13 05:45:54'),(338,338,'2021-03-27 12:09:39','1995-07-24 04:25:28'),(339,339,'2010-04-23 23:52:09','1988-10-23 01:55:48'),(340,340,'1973-12-28 03:16:23','1978-03-04 00:10:52'),(341,341,'2004-12-10 18:52:57','1985-02-05 05:07:08'),(342,342,'1982-10-29 13:22:10','1990-05-04 06:01:57'),(343,343,'2004-10-05 11:09:14','1970-01-11 04:08:11'),(344,344,'1989-05-15 10:03:31','1973-07-26 08:44:09'),(345,345,'1995-03-26 18:05:31','2001-10-07 06:26:05'),(346,346,'1993-05-30 00:46:26','2000-09-26 12:28:43'),(347,347,'1988-06-10 05:42:19','2008-01-16 17:54:39'),(348,348,'1980-12-24 07:05:28','1985-10-18 18:05:50'),(349,349,'1971-02-05 00:10:48','2006-12-12 05:58:23'),(350,350,'2015-03-14 12:33:27','1993-08-22 03:59:58'),(351,351,'1971-02-25 14:07:40','1998-02-07 00:18:26'),(352,352,'2019-02-14 07:51:56','1970-04-29 19:26:47'),(353,353,'2010-06-21 17:37:23','2009-08-01 20:19:29'),(354,354,'1993-09-24 04:45:42','2020-11-24 07:14:34'),(355,355,'2003-04-11 15:19:31','1988-02-28 06:32:26'),(356,356,'1980-01-24 16:50:37','1989-07-31 03:27:52'),(357,357,'2005-12-12 20:28:06','1975-03-23 04:12:51'),(358,358,'2015-11-23 10:21:50','1971-08-07 22:48:48'),(359,359,'1985-12-16 08:41:03','1997-07-19 03:34:21'),(360,360,'2016-09-23 20:51:09','1972-11-07 13:51:20'),(361,361,'1994-03-22 09:16:04','2013-12-02 00:24:32'),(362,362,'1976-11-24 13:40:06','1987-05-01 17:47:29'),(363,363,'2018-06-05 15:09:47','1981-09-08 17:27:07'),(364,364,'2019-03-01 09:02:43','1970-04-14 00:16:28'),(365,365,'2018-09-23 08:21:36','2000-02-17 20:32:04'),(366,366,'1982-12-25 22:50:40','1996-12-31 14:06:47'),(367,367,'1987-01-10 09:28:59','1988-12-02 18:13:34'),(368,368,'1994-11-17 04:41:53','1977-04-23 05:34:19'),(369,369,'1971-02-06 16:37:32','2008-01-02 10:29:50'),(370,370,'2003-05-08 02:49:23','1994-01-29 02:48:41'),(371,371,'1985-12-12 01:31:47','1970-02-22 03:27:17'),(372,372,'1988-01-02 08:03:29','1980-04-22 07:54:34'),(373,373,'2013-01-22 13:56:31','2000-03-26 09:26:53'),(374,374,'1983-06-24 16:06:26','2005-02-06 17:01:31'),(375,375,'1988-04-20 12:18:45','1976-07-30 11:09:18'),(376,376,'2004-06-05 09:55:41','2007-05-02 05:42:49'),(377,377,'1986-02-11 23:24:08','1988-08-12 22:04:09'),(378,378,'2018-12-13 18:01:32','1998-08-19 04:05:14'),(379,379,'2010-08-30 18:04:19','1994-06-16 18:06:16'),(380,380,'1990-03-17 04:38:05','2009-04-21 03:46:01'),(381,381,'1974-01-01 03:12:55','1987-04-18 13:02:54'),(382,382,'2011-03-18 06:24:50','2007-05-14 12:15:32'),(383,383,'2007-11-21 05:34:36','1983-09-20 04:38:38'),(384,384,'2004-10-14 12:35:26','2016-03-30 04:57:52'),(385,385,'1985-01-03 01:20:55','2002-09-22 01:29:41'),(386,386,'2018-05-17 01:15:09','2005-01-05 02:50:04'),(387,387,'1994-02-07 02:54:25','1985-09-06 11:22:20'),(388,388,'1976-04-07 00:37:33','2001-03-15 14:36:56'),(389,389,'1987-01-02 11:03:28','1973-09-07 11:28:38'),(390,390,'1992-11-15 05:09:55','2011-09-24 06:43:25'),(391,391,'1992-09-17 05:08:23','1976-07-09 07:25:04'),(392,392,'2000-10-31 02:55:50','1973-12-29 04:04:32'),(393,393,'1999-07-01 17:56:00','1993-09-19 10:22:35'),(394,394,'2005-03-12 01:45:53','1993-05-27 20:53:39'),(395,395,'2018-07-01 11:37:22','1985-02-16 05:22:09'),(396,396,'1990-05-12 10:02:09','1982-10-27 10:00:33'),(397,397,'1990-05-05 02:59:35','2021-04-10 19:40:05'),(398,398,'2010-11-08 10:44:26','1998-07-11 00:35:03'),(399,399,'2004-05-07 20:53:36','1999-07-18 17:14:47'),(400,400,'2014-05-09 13:13:17','2001-05-20 03:35:07'),(401,401,'1972-01-05 01:05:23','1973-02-25 07:25:21'),(402,402,'1991-07-30 01:15:11','2003-02-16 23:05:21'),(403,403,'2016-10-26 17:09:45','1980-11-15 19:17:30'),(404,404,'1987-06-25 00:58:53','1982-12-12 10:21:38'),(405,405,'1992-06-21 13:20:34','1982-10-25 08:17:21'),(406,406,'2008-12-06 16:45:57','1980-05-13 07:06:27'),(407,407,'2000-08-25 22:23:53','2010-05-06 09:18:01'),(408,408,'2010-07-02 01:18:54','1972-12-31 06:50:49'),(409,409,'2020-10-23 04:27:23','1975-08-05 22:31:03'),(410,410,'1988-10-24 19:11:51','1979-11-22 06:54:40'),(411,411,'1976-01-21 13:43:17','2017-01-24 02:10:53'),(412,412,'2013-07-01 07:05:10','1990-10-29 15:49:53'),(413,413,'2009-08-07 20:49:42','2013-12-01 07:24:01'),(414,414,'2006-01-07 20:18:20','2017-12-05 13:39:11'),(415,415,'1998-11-04 18:46:18','2021-03-30 19:29:23'),(416,416,'2015-04-17 07:27:41','1991-12-21 07:21:46'),(417,417,'1977-01-17 08:23:46','2013-02-24 02:45:41'),(418,418,'1973-03-18 01:44:25','2018-04-25 00:17:23'),(419,419,'2009-04-18 08:30:25','1990-08-14 09:22:33'),(420,420,'1978-02-08 11:16:19','1983-03-27 15:46:49'),(421,421,'2012-01-15 08:25:37','2012-12-31 22:22:57'),(422,422,'2002-12-24 23:03:48','1984-10-04 00:22:04'),(423,423,'2020-06-10 22:27:23','1990-07-22 02:06:52'),(424,424,'2006-08-16 14:48:48','1985-07-16 04:05:22'),(425,425,'1977-07-20 03:08:46','1993-07-06 05:20:31'),(426,426,'1999-11-14 15:32:24','1971-01-27 12:41:47'),(427,427,'2013-05-24 20:45:33','1994-09-03 01:24:41'),(428,428,'1981-06-23 19:22:51','1994-03-19 07:45:29'),(429,429,'2014-08-27 01:59:52','2012-07-19 18:44:25'),(430,430,'2000-07-17 13:52:24','2004-08-13 10:50:11'),(431,431,'1983-08-20 10:42:07','2013-03-28 02:02:18'),(432,432,'1977-07-04 18:43:47','2000-09-17 16:01:11'),(433,433,'2019-05-17 03:52:55','1986-09-19 16:53:50'),(434,434,'1995-12-22 22:29:31','2002-01-02 23:56:15'),(435,435,'1983-02-18 00:06:36','2003-02-14 08:46:20'),(436,436,'1979-03-16 09:55:55','1992-10-22 04:36:01'),(437,437,'1979-03-27 04:15:52','1986-05-02 10:18:26'),(438,438,'2009-02-12 19:30:38','2007-11-24 16:07:07'),(439,439,'2004-12-26 15:52:24','1976-08-08 22:07:22'),(440,440,'2002-02-05 07:19:15','2018-02-28 06:39:23'),(441,441,'1989-08-20 03:06:40','1993-08-28 18:35:50'),(442,442,'2006-12-21 05:02:14','2012-01-11 08:14:30'),(443,443,'1996-12-21 15:51:07','1972-08-29 02:16:47'),(444,444,'1987-07-29 17:07:20','2013-04-13 23:35:21'),(445,445,'1988-08-15 08:15:37','1980-05-05 21:58:29'),(446,446,'1979-07-13 09:30:19','1982-09-15 17:40:18'),(447,447,'1992-02-27 08:01:35','1985-01-18 04:07:44'),(448,448,'2003-05-09 01:13:42','2020-02-05 07:22:41'),(449,449,'1995-11-04 19:28:04','2005-04-26 01:57:26'),(450,450,'1974-06-14 02:57:14','1998-01-01 14:36:24'),(451,451,'1975-03-15 20:58:59','1990-05-17 09:40:02'),(452,452,'2012-08-24 07:05:47','1992-07-19 10:49:54'),(453,453,'2012-03-25 17:37:53','2017-12-17 02:21:55'),(454,454,'1994-01-24 10:55:01','1982-08-29 15:28:13'),(455,455,'1998-01-30 07:41:19','2009-11-24 22:35:20'),(456,456,'1975-06-16 20:54:52','2000-06-14 21:10:13'),(457,457,'2014-04-08 00:25:38','2006-06-08 23:22:37'),(458,458,'2010-04-16 01:22:10','1975-06-23 16:11:53'),(459,459,'1998-03-03 04:30:27','1988-01-14 04:31:04'),(460,460,'2014-10-05 01:07:33','1991-02-11 08:50:01'),(461,461,'2017-08-27 02:31:47','1976-11-15 00:44:40'),(462,462,'1991-11-30 08:07:30','2012-08-19 11:50:57'),(463,463,'1996-01-01 23:34:54','2008-02-27 12:55:04'),(464,464,'1976-05-28 01:12:18','1982-07-13 20:39:56'),(465,465,'1982-08-14 11:18:02','2004-08-19 21:53:51'),(466,466,'2005-02-18 07:31:26','1978-09-06 12:14:29'),(467,467,'1984-02-13 16:18:25','1979-06-15 18:25:08'),(468,468,'1994-02-10 18:34:27','1998-09-26 23:59:05'),(469,469,'1978-03-30 20:44:40','2010-01-06 10:25:01'),(470,470,'1988-10-28 01:16:37','1980-11-17 12:10:31'),(471,471,'2018-06-05 12:18:35','1995-11-14 16:12:28'),(472,472,'2003-12-28 15:21:33','1986-04-27 20:43:17'),(473,473,'2006-06-07 01:51:11','1982-10-03 20:30:50'),(474,474,'2015-12-12 02:53:28','2013-08-14 03:31:24'),(475,475,'2007-04-08 03:37:08','1984-06-19 05:34:16'),(476,476,'1995-06-20 20:40:06','1972-08-29 21:54:18'),(477,477,'2016-02-09 18:12:04','2005-10-15 22:39:15'),(478,478,'2007-02-21 01:20:11','1977-04-14 22:33:09'),(479,479,'2012-10-30 23:06:10','2018-09-23 06:12:22'),(480,480,'1970-09-11 04:02:58','2012-06-17 03:30:16'),(481,481,'1986-08-26 08:38:13','1996-06-28 14:11:28'),(482,482,'2003-03-21 13:21:35','2004-11-27 08:56:49'),(483,483,'1992-04-22 10:16:42','2002-11-13 17:51:00'),(484,484,'2008-05-12 03:15:29','1997-02-11 20:53:53'),(485,485,'2002-04-14 04:09:13','1974-03-16 02:13:42'),(486,486,'1983-02-25 05:38:33','2006-02-24 15:34:01'),(487,487,'1970-11-28 09:26:52','1986-06-12 10:09:42'),(488,488,'1972-11-15 05:35:10','1997-05-04 23:51:49'),(489,489,'1993-08-03 20:11:13','1973-07-15 21:57:12'),(490,490,'1977-08-07 04:14:25','1978-11-02 09:15:30'),(491,491,'1987-09-18 06:10:45','2004-12-26 16:50:59'),(492,492,'1978-10-04 17:49:50','1971-04-16 14:36:51'),(493,493,'2012-11-27 07:44:19','1990-09-26 02:14:10'),(494,494,'1980-04-09 04:01:33','2010-06-05 03:15:19'),(495,495,'2002-11-28 13:25:40','2016-01-22 12:15:38'),(496,496,'1985-12-19 00:19:00','1993-08-03 21:20:18'),(497,497,'2004-04-03 18:00:34','1978-01-28 05:21:56'),(498,498,'2002-12-03 13:24:43','1980-10-14 08:40:22'),(499,499,'2010-04-02 06:20:54','1975-11-20 02:22:34'),(500,500,'1970-05-04 17:23:47','2021-04-01 16:35:19');
/*!40000 ALTER TABLE `messages_media` ENABLE KEYS */;
UNLOCK TABLES;

--
-- Table structure for table `posts`
--

DROP TABLE IF EXISTS `posts`;
/*!40101 SET @saved_cs_client     = @@character_set_client */;
/*!50503 SET character_set_client = utf8mb4 */;
CREATE TABLE `posts` (
  `id` int unsigned NOT NULL AUTO_INCREMENT COMMENT 'Идентификатор строки',
  `user_id` int unsigned DEFAULT NULL COMMENT 'Ссылка на идентификатор пользователя который опубликовал пост',
  `community_id` int unsigned DEFAULT NULL COMMENT 'Ссылка на дентификатор пользователя который опубликовал пост',
  `post_content` text COMMENT 'Текст произвольной длины',
  `created_at` datetime DEFAULT CURRENT_TIMESTAMP COMMENT 'Время публикации поста',
  `updated_at` datetime DEFAULT CURRENT_TIMESTAMP ON UPDATE CURRENT_TIMESTAMP COMMENT 'Время обновления строки',
  PRIMARY KEY (`id`),
  KEY `fk_post_user_id` (`user_id`),
  KEY `fk_post_community_id` (`community_id`),
  CONSTRAINT `fk_post_community_id` FOREIGN KEY (`community_id`) REFERENCES `communities` (`id`),
  CONSTRAINT `fk_post_user_id` FOREIGN KEY (`user_id`) REFERENCES `users` (`id`)
) ENGINE=InnoDB AUTO_INCREMENT=1001 DEFAULT CHARSET=utf8mb4 COLLATE=utf8mb4_0900_ai_ci COMMENT='Посты пользователей и групп';
/*!40101 SET character_set_client = @saved_cs_client */;

--
-- Dumping data for table `posts`
--

LOCK TABLES `posts` WRITE;
/*!40000 ALTER TABLE `posts` DISABLE KEYS */;
INSERT INTO `posts` VALUES (1,1,1,'25fa474e4a696917dee7c1934903ee53','1986-09-15 08:57:52','2021-07-07 16:16:22'),(2,2,2,'f7720ef029271f38c0ed03416aeae33f','1996-07-14 04:40:58','2021-07-07 16:16:22'),(3,3,3,'3e36c7e66ab092152d4d0e16a5b02946','2003-05-02 02:04:10','2021-07-07 16:16:22'),(4,4,4,'f4d6f10d162a90e30c6c9ada9896fcc6','2017-02-24 14:10:51','2021-07-07 16:16:22'),(5,5,5,'942b214afa75c320da7a895fad126b9f','1978-10-05 07:32:02','2021-07-07 16:16:22'),(6,6,6,'e280d89fd29a4eed5098ebf8f7633322','1981-01-15 04:33:15','2021-07-07 16:16:22'),(7,7,7,'f2fc4f1853b0d1a7c0caac77a2670d69','2004-01-11 13:58:36','2021-07-07 16:16:22'),(8,8,8,'c627c06b289da32afebf89b25bfc3a82','2010-10-13 17:55:33','2021-07-07 16:16:22'),(9,9,9,'d12ae0c83b1dd7f7ea084a784e2e58ec','2021-03-08 21:05:38','2021-07-07 16:16:22'),(10,10,10,'8caa98353084c1a8b97bec81c49833d7','1986-12-24 11:26:07','2021-07-07 16:16:22'),(11,11,11,'bea985cbd3ae1e58b0556ad1dc9a87ae','1975-07-08 15:33:51','2021-07-07 16:16:22'),(12,12,12,'004b9ed5b7eb9bee453bacd18f7ba650','2013-05-10 07:33:38','2021-07-07 16:16:22'),(13,13,13,'896bd4662d69a0fa6fe10ab293f1bc4e','1987-10-15 22:07:01','2021-07-07 16:16:22'),(14,14,14,'7e9db9bd5be3899c9a82c8877b7ad3ba','1981-08-01 02:19:36','2021-07-07 16:16:22'),(15,15,15,'707fc34327d5b7b4d2e3f9a73f2a2587','1999-01-28 08:58:28','2021-07-07 16:16:22'),(16,16,16,'582a2a1c2c93c6334a560418bc59596c','1979-01-29 00:53:26','2021-07-07 16:16:22'),(17,17,17,'be05d957214dcce4e33cb692ca5d77cb','2009-12-25 17:01:25','2021-07-07 16:16:22'),(18,18,18,'e29c2086e755fd2b506390cdccd82106','1997-10-24 16:45:05','2021-07-07 16:16:22'),(19,19,19,'e78c651c295f34051d794e6779e190fa','1991-03-21 00:38:39','2021-07-07 16:16:22'),(20,20,20,'f47d750e2b415e66606f03499509423c','2014-07-11 06:22:34','2021-07-07 16:16:22'),(21,21,21,'7e690dfaf62dd5d710f7c566b8436e45','1994-10-08 04:15:06','2021-07-07 16:16:22'),(22,22,22,'9ed057cf937011961c7d1c06ebd9b642','2015-11-12 05:20:41','2021-07-07 16:16:22'),(23,23,23,'0ab734e5914a40e8aff815f786b07547','2001-06-18 09:32:54','2021-07-07 16:16:22'),(24,24,24,'e99fa850d71f3a3f3cec7acb0d429eab','1978-10-10 10:23:08','2021-07-07 16:16:22'),(25,25,25,'8386858f437afdb810cdd3c73b5ac091','1986-01-24 14:19:03','2021-07-07 16:16:22'),(26,26,26,'7aa4aabeb210361e821f1f80f3ae2993','1987-04-18 21:15:12','2021-07-07 16:16:22'),(27,27,27,'6729711d2a2771c1074c3c1dfd74f57f','1997-11-03 14:34:53','2021-07-07 16:16:22'),(28,28,28,'9d814960b1593c71f5a06501184caf6a','1999-10-06 22:49:54','2021-07-07 16:16:22'),(29,29,29,'8d85c29b637b920a191385820aa29ece','2004-03-23 18:26:37','2021-07-07 16:16:22'),(30,30,30,'18222cf5c5733a10209691525c90ace2','1976-01-15 00:17:49','2021-07-07 16:16:22'),(31,31,31,'17e59de6151e1290c3f00bd092c39085','1980-07-30 21:19:33','2021-07-07 16:16:22'),(32,32,32,'eed7dfb4e85393b606ecef5aa694c399','1994-01-09 18:45:35','2021-07-07 16:16:22'),(33,33,33,'9c0f2bffe1aefa25ec7868c0506513f4','1971-12-28 12:11:18','2021-07-07 16:16:22'),(34,34,34,'d5d788621332b28a0fa957399792a82f','2005-07-20 11:57:09','2021-07-07 16:16:22'),(35,35,35,'74f3aaeab2200c633ac425069c4d65ee','1990-03-15 20:51:08','2021-07-07 16:16:22'),(36,36,36,'e6598f7fc85776a9c66ad2cfa7b059d0','2004-12-15 17:17:21','2021-07-07 16:16:22'),(37,37,37,'45ad89ebbce33466d4b0b21f113ee338','1970-03-07 04:31:15','2021-07-07 16:16:22'),(38,38,38,'7c585ef37defd60405e09b9da325c1e3','1970-10-20 04:49:48','2021-07-07 16:16:22'),(39,39,39,'68977f8113ef08a8c014447b20d95ac6','2015-03-09 07:33:05','2021-07-07 16:16:22'),(40,40,40,'4fc609017d305b6190d4b18367961818','1984-03-05 14:55:32','2021-07-07 16:16:22'),(41,41,41,'cea0612a7e104038d2180a8e75662a77','1991-05-26 22:29:40','2021-07-07 16:16:22'),(42,42,42,'4d3eedd3279b7a0602ceeb4a8fec0b23','1995-10-12 09:06:19','2021-07-07 16:16:22'),(43,43,43,'c784f40d96e9beab8d4caa44d7b6892e','2019-07-28 10:01:19','2021-07-07 16:16:22'),(44,44,44,'71f3da1e0a79d8dee0a0f2953f14c0b0','1978-10-18 13:00:11','2021-07-07 16:16:22'),(45,45,45,'616d6dda29183e603349e998261e876a','2019-12-11 13:43:10','2021-07-07 16:16:22'),(46,46,46,'d7c836637bbc1ef32076d71cc18818ff','2006-03-22 00:20:49','2021-07-07 16:16:22'),(47,47,47,'5e206364b245fc1c8963444ac64066e1','2016-01-06 14:11:06','2021-07-07 16:16:22'),(48,48,48,'c0571d28b01ce3816d3ebcd89f4f95c4','1973-02-16 04:33:08','2021-07-07 16:16:22'),(49,49,49,'e8915e3dbd9f7784718cdeeb40d509be','2005-03-20 03:32:50','2021-07-07 16:16:22'),(50,50,50,'023e42c57a18e5007baaeb5da12524d3','2013-01-21 09:17:15','2021-07-07 16:16:22'),(51,51,51,'17e5e03f12b9538eb5e983e0ce4676b3','1996-01-13 22:12:36','2021-07-07 16:16:22'),(52,52,52,'474990acc343b71ed32ace4e92fca24f','2013-07-30 21:47:13','2021-07-07 16:16:22'),(53,53,53,'b3e199cfa1a0391e9f222f495ef81980','1982-08-01 20:16:25','2021-07-07 16:16:22'),(54,54,54,'c1c74eeb4116dbee1069d6a7089092f4','1990-08-12 11:51:08','2021-07-07 16:16:22'),(55,55,55,'6e6cd4d8ede5e56ebcd958d009d495d4','1979-02-23 16:28:25','2021-07-07 16:16:22'),(56,56,56,'f0de575f408d92852e779f893f3a6fe1','2021-03-16 00:56:55','2021-07-07 16:16:22'),(57,57,57,'1a11584c2d766789f0769caa66b4f816','1991-01-12 13:39:06','2021-07-07 16:16:22'),(58,58,58,'72de30dbc638fec6b0e96b77f9535b6d','2003-01-08 01:25:17','2021-07-07 16:16:22'),(59,59,59,'f308488402345ee4c669005303358761','1997-04-09 18:10:56','2021-07-07 16:16:22'),(60,60,60,'53afd8fe9855f48f0fb794fee54698b1','1978-12-09 18:52:11','2021-07-07 16:16:22'),(61,61,61,'01a3a615f217f2d89a3039d1942c0af6','2019-10-21 14:08:39','2021-07-07 16:16:22'),(62,62,62,'45a75ee125764d89712dc5c8b0f58ad1','1986-01-04 11:43:00','2021-07-07 16:16:22'),(63,63,63,'d3788e6a19eb55741d8af742c6e0fa4e','2012-01-21 13:49:56','2021-07-07 16:16:22'),(64,64,64,'5ef3998cfe332686ad00861d2fb00eee','1983-03-05 00:58:14','2021-07-07 16:16:22'),(65,65,65,'685b00a4196bb51561011dcee7f34fe4','2000-07-26 06:35:54','2021-07-07 16:16:22'),(66,66,66,'7e436f77d6ba72fd3686028a1c2f7e96','1978-06-22 00:28:08','2021-07-07 16:16:22'),(67,67,67,'4a5cd27d53ce4337c1383f35aa391cff','2017-07-29 23:06:17','2021-07-07 16:16:22'),(68,68,68,'e0c728a9819312afe872f11ae3514865','1999-11-29 09:13:17','2021-07-07 16:16:22'),(69,69,69,'5faa1d13b3b56f4f1b4d7d4c8382ab25','2010-12-22 19:20:03','2021-07-07 16:16:22'),(70,70,70,'942106fb232f83725dce3de375a3556b','1976-06-07 20:37:32','2021-07-07 16:16:22'),(71,71,71,'dabf43bd999dedeb2e2443eb303e6812','2013-04-21 06:05:35','2021-07-07 16:16:22'),(72,72,72,'c48e0dab7273198611cdf235b4adce4b','2016-02-04 22:45:37','2021-07-07 16:16:22'),(73,73,73,'bc0232f8964fb8e6280a701726133bf7','2013-08-30 00:33:50','2021-07-07 16:16:22'),(74,74,74,'6d33d6a02be80b0421c68bdb08265c32','2006-11-09 11:04:02','2021-07-07 16:16:22'),(75,75,75,'b516524958d13c18a9f64e97cf1dbf83','2017-09-09 11:54:16','2021-07-07 16:16:22'),(76,76,76,'f12eaed4a93d9bf8b54cef2479cd1d07','1987-01-21 11:57:28','2021-07-07 16:16:22'),(77,77,77,'59c9cd9fdc440e2d4fe43081c2758f49','2021-05-12 13:27:00','2021-07-07 16:16:22'),(78,78,78,'27cd4a360fa3284d77d09120eb74e677','1986-07-12 18:43:01','2021-07-07 16:16:22'),(79,79,79,'f0ddc854f00401afbfb81c46949130b9','2017-06-23 21:11:26','2021-07-07 16:16:22'),(80,80,80,'69964dcf1ff3ccebe85d1a6a0d7639af','1994-07-10 18:51:47','2021-07-07 16:16:22'),(81,81,81,'1a434dfed1bdf84738d53a48ccbdec98','1979-10-31 23:38:26','2021-07-07 16:16:22'),(82,82,82,'30948829b9c73f9c261a13b049cba31f','2021-07-01 17:24:08','2021-07-07 16:16:22'),(83,83,83,'1255593111b0f051768280536b7d1e5a','2015-10-16 18:07:12','2021-07-07 16:16:22'),(84,84,84,'249f298edaa7426b9e5152ec4b0e7503','2005-03-23 10:15:58','2021-07-07 16:16:22'),(85,85,85,'0e80a65886d28b7826dd0040c39fcb30','1986-09-03 03:23:11','2021-07-07 16:16:22'),(86,86,86,'d6ebcbd9b483837ad695731a521d9f35','1995-02-13 19:20:38','2021-07-07 16:16:22'),(87,87,87,'ed5cb90ddf048b8221db5b1928609e49','1977-03-16 06:35:08','2021-07-07 16:16:22'),(88,88,88,'e0589a1d7d19c7dd292ddbf7247f9ac2','1974-09-12 19:43:09','2021-07-07 16:16:22'),(89,89,89,'b232102b691e7adc5946bbcd04db2787','1977-11-23 20:08:37','2021-07-07 16:16:22'),(90,90,90,'d93108068bffc6c07b4a4cdb7abba5cf','1996-03-14 05:03:14','2021-07-07 16:16:22'),(91,91,91,'783a81990c4c901855d11ba083e410c4','1992-08-25 12:00:23','2021-07-07 16:16:22'),(92,92,92,'56ee294b54b17fdcacc2524c72d735c7','1972-08-14 21:10:55','2021-07-07 16:16:22'),(93,93,93,'adeecce0a845d57fa1e639c150311989','2017-07-14 09:34:57','2021-07-07 16:16:22'),(94,94,94,'0f9d8a282c6072d00d2e7f1f52deffcd','1975-06-04 17:20:24','2021-07-07 16:16:22'),(95,95,95,'656f39b7fcf0192ab960be4ed2677bcc','1989-01-26 17:09:54','2021-07-07 16:16:22'),(96,96,96,'d90ad8ad437c4c308bf0f678ea617974','1989-09-03 12:16:46','2021-07-07 16:16:22'),(97,97,97,'5549a4b8dfdc89e549bffce238df24ff','1988-10-27 04:42:47','2021-07-07 16:16:22'),(98,98,98,'9b2369664b84c6aceab3d18702c357b7','2021-02-20 00:54:00','2021-07-07 16:16:22'),(99,99,99,'542cdd812b47956fb9a109fcfff79e48','1986-08-28 11:59:02','2021-07-07 16:16:22'),(100,100,100,'dd6ec1bd3384ea15e56766e5c46f500f','1997-11-09 12:09:12','2021-07-07 16:16:22'),(101,1,1,'2c450517e97d66e58927c0c9c29324c0','2003-12-03 06:05:34','2021-07-07 16:16:22'),(102,2,2,'c54589915d3c22849c4045a91fffc828','1976-09-09 23:15:15','2021-07-07 16:16:22'),(103,3,3,'9ef628ca80f9c38b8a57b92bc5906104','1974-10-15 00:42:09','2021-07-07 16:16:22'),(104,4,4,'3821df5b0bf234c9b54dab4d85b3b235','2017-04-17 23:18:21','2021-07-07 16:16:22'),(105,5,5,'4063656f2ab73d0b17408ea36d1e8f6e','1983-02-23 10:24:49','2021-07-07 16:16:22'),(106,6,6,'36ba6d5c8ba24bdbc5fb1535532582c0','1999-08-30 02:29:54','2021-07-07 16:16:22'),(107,7,7,'fd876f9f5134085fd197be1ccf9e1d33','2017-10-22 03:22:38','2021-07-07 16:16:22'),(108,8,8,'0784dfb0ace5a5c9a0a19ce4f0415ba5','1970-11-19 18:18:47','2021-07-07 16:16:22'),(109,9,9,'efbcbac95d62ab9fc4b2f2dce441e679','2002-04-26 15:22:34','2021-07-07 16:16:22'),(110,10,10,'73f0a666b7e062d871e429a5a982d112','1978-10-06 16:16:16','2021-07-07 16:16:22'),(111,11,11,'e1a1ac1dc08ed0b7dd74d8124f750727','2005-09-16 09:51:44','2021-07-07 16:16:22'),(112,12,12,'7125501ab4cb0637fc4326cbb895cea9','2015-06-09 16:47:32','2021-07-07 16:16:22'),(113,13,13,'93aa1ff12fbf94637430bb58889e5ffc','2018-05-28 16:46:14','2021-07-07 16:16:22'),(114,14,14,'b1ec7fa787fb804c8759fa8c606e50cd','2005-08-22 02:56:12','2021-07-07 16:16:22'),(115,15,15,'7f7f63e0135eb6af970912952265d8a4','2014-12-24 01:48:06','2021-07-07 16:16:22'),(116,16,16,'a091b3f179d652f49d8074d7eca6e87a','2016-12-24 16:18:45','2021-07-07 16:16:22'),(117,17,17,'ed98c786e96b310e7ac453aa9b167f66','2012-06-21 20:30:27','2021-07-07 16:16:22'),(118,18,18,'0ff84d42a900987229f9e627c81a86ef','1987-12-01 19:45:26','2021-07-07 16:16:22'),(119,19,19,'46a50dcec05967f51efee49041ef5d53','2017-10-13 05:39:09','2021-07-07 16:16:22'),(120,20,20,'a13c31dde72ee94c26394daf2084b25c','2016-05-05 11:41:47','2021-07-07 16:16:22'),(121,21,21,'ee197a3b41d75ad65641000bd6098e0f','2003-05-08 06:54:01','2021-07-07 16:16:22'),(122,22,22,'892172bac890000fce3f424a358fc484','1982-11-20 23:22:03','2021-07-07 16:16:22'),(123,23,23,'8d21be9e16f58ad8b9b9d6f2e0b6e2cd','2020-11-29 21:19:26','2021-07-07 16:16:22'),(124,24,24,'24b97847f56253e8fcd97c884e462654','2015-10-08 06:29:09','2021-07-07 16:16:22'),(125,25,25,'1d1f25c4612ba0e9dbf7854a5d53f34e','1996-10-16 02:13:42','2021-07-07 16:16:22'),(126,26,26,'1c821e1c6becb0ab13a3eb547c935ab4','1989-03-15 15:05:22','2021-07-07 16:16:22'),(127,27,27,'eec5bcd937712b65d23117a133c0dbcd','1977-12-15 17:13:41','2021-07-07 16:16:22'),(128,28,28,'2512e49062ed2320d9596c64b0cf9357','2020-03-06 05:50:34','2021-07-07 16:16:22'),(129,29,29,'7e3d5ac323964da9e5e33db19b2b1588','1981-02-25 18:24:20','2021-07-07 16:16:22'),(130,30,30,'3e67ab76e199cf816c8902619fb256a0','1974-07-27 04:10:38','2021-07-07 16:16:22'),(131,31,31,'18d83a3b0602e96ae3c2551fc0f7c468','1993-09-05 18:58:24','2021-07-07 16:16:22'),(132,32,32,'a569da65d73a2262c42a18e0bfb9d929','2010-06-14 06:26:02','2021-07-07 16:16:22'),(133,33,33,'a715c6c3eb6e6d2067bb1ac93f356c1a','1992-06-03 12:17:43','2021-07-07 16:16:22'),(134,34,34,'744e5f24494d5fc25373247fad14140a','1985-08-19 20:40:33','2021-07-07 16:16:22'),(135,35,35,'7ea480ad59a6e6615bbfafdbdd67f617','1985-02-01 20:52:12','2021-07-07 16:16:22'),(136,36,36,'71c11bd0199c793919c32ad4553cb115','1982-04-30 11:35:47','2021-07-07 16:16:22'),(137,37,37,'8a3a9e30996a083d1572fc5556e78aaf','2016-05-28 11:04:05','2021-07-07 16:16:22'),(138,38,38,'881927c0458c133f31b4d94b28b8fa83','1988-03-01 17:55:42','2021-07-07 16:16:22'),(139,39,39,'35edbb3801059542e0227ddc17cacc37','1989-08-06 08:18:16','2021-07-07 16:16:22'),(140,40,40,'2af44d7c09f2594b54119d632e657246','1991-07-29 20:57:06','2021-07-07 16:16:22'),(141,41,41,'f78b7cde8a24895b9eaa5733071ddb41','1987-07-01 17:00:36','2021-07-07 16:16:22'),(142,42,42,'676c62bfb5295261ad1afa01fdf17c8a','1998-01-05 12:35:29','2021-07-07 16:16:22'),(143,43,43,'ce8b5d39c9dd62465b78731fc44678ee','2016-09-28 18:22:08','2021-07-07 16:16:22'),(144,44,44,'e413187d58e7aed30a9ec786136e4049','2002-03-13 11:16:21','2021-07-07 16:16:22'),(145,45,45,'724e09afc2590f469444fe591d128440','2009-08-13 10:19:57','2021-07-07 16:16:22'),(146,46,46,'03b936ec5ef21475e08ac88dbf4e9c53','1986-04-01 09:11:54','2021-07-07 16:16:22'),(147,47,47,'3122a178d9ae4c6e382389a7c6b55789','1983-03-12 06:13:22','2021-07-07 16:16:22'),(148,48,48,'561537aef0ef5e97539369faeb8df28f','1994-04-17 02:05:51','2021-07-07 16:16:22'),(149,49,49,'c0f6b8ef98e444c344c20d47f15a8788','1977-02-19 02:38:49','2021-07-07 16:16:22'),(150,50,50,'2c263fc3c2810aaa095c618d954debf6','1978-08-27 08:59:59','2021-07-07 16:16:22'),(151,51,51,'2751ad5750d1a3eee7b5e79919a6894b','1993-03-03 19:26:44','2021-07-07 16:16:22'),(152,52,52,'9d25a62f880ad47b2e07c98d416def49','1985-06-06 14:57:29','2021-07-07 16:16:22'),(153,53,53,'21b87f371561d46d1bbe42cbe0302cff','2006-12-07 03:43:18','2021-07-07 16:16:22'),(154,54,54,'9d4146d54969b8f2222e73701bbf8bf7','1973-07-28 03:36:53','2021-07-07 16:16:22'),(155,55,55,'8e726eba6348a1a5948a32c690f89854','2015-02-12 05:43:23','2021-07-07 16:16:22'),(156,56,56,'4d8c7fcf4588a916ceba69089991deb6','1984-04-13 22:19:42','2021-07-07 16:16:22'),(157,57,57,'bc2c3c65b16cc54f9cb6b54239410513','1978-09-19 13:31:46','2021-07-07 16:16:22'),(158,58,58,'beb4a01b39a77bdce8cb09401dac6aa8','1994-11-02 05:55:46','2021-07-07 16:16:22'),(159,59,59,'b53aceed507609792b4c6169c8fd6f88','1991-02-16 22:31:40','2021-07-07 16:16:22'),(160,60,60,'a9bc78e3501532332f37e3fb94b3194d','2015-12-15 08:08:22','2021-07-07 16:16:22'),(161,61,61,'1b9e1ddbb634cfad94a24e5ed9d3be8d','1993-02-04 10:22:53','2021-07-07 16:16:22'),(162,62,62,'2cc023a581aa4088e17c5090068f8077','2017-04-23 10:24:43','2021-07-07 16:16:22'),(163,63,63,'c2efcd87c16825f898277a38723e3854','1999-01-01 22:07:08','2021-07-07 16:16:22'),(164,64,64,'d6c04a28fecbbcf99b1a6c3d61b2fa2e','2013-08-12 21:38:08','2021-07-07 16:16:22'),(165,65,65,'72ad263e72923e6612a3cb2b80fd2565','1984-04-15 18:54:50','2021-07-07 16:16:22'),(166,66,66,'8605b21eaa140ada070146c5483e2b05','2009-03-08 05:32:31','2021-07-07 16:16:22'),(167,67,67,'bba8aa08adcf8bf32f5ef95b074d0a8e','1993-04-19 13:17:31','2021-07-07 16:16:22'),(168,68,68,'04436f91e153effcbecffdcdc880f2b5','1988-04-05 13:17:13','2021-07-07 16:16:22'),(169,69,69,'5133ae86b7d8230d39c976e4989d3ef4','2003-10-29 18:30:50','2021-07-07 16:16:22'),(170,70,70,'14139010a910031b8dd12783d0e7bf3b','2011-07-09 05:20:31','2021-07-07 16:16:22'),(171,71,71,'00d59fcfac7445673a81ca59f93f2441','1993-12-30 19:19:08','2021-07-07 16:16:22'),(172,72,72,'f9f2fc799ff2ac603d1b41acdc04ef94','1982-09-18 18:03:44','2021-07-07 16:16:22'),(173,73,73,'cf37334f0d70ee470ef54c6607cb7e37','2013-03-27 14:23:08','2021-07-07 16:16:22'),(174,74,74,'beca354f87c7c5e2a3564007829cba55','1975-08-27 06:20:04','2021-07-07 16:16:22'),(175,75,75,'650a437b0e6cae277be3c0f898c18e1f','1975-12-16 20:59:11','2021-07-07 16:16:22'),(176,76,76,'3342e43a6c5f5390df2d83111337bff2','1970-06-30 08:47:12','2021-07-07 16:16:22'),(177,77,77,'09c9cc5ec78f2cebdf57520c7bd98af3','1979-09-25 11:09:24','2021-07-07 16:16:22'),(178,78,78,'6198da998e65bfd78da9dfb9bc419fe7','1970-08-10 07:01:33','2021-07-07 16:16:22'),(179,79,79,'e6d6ffa3bf3bafd13e83ae15035fffc9','2015-01-07 00:00:19','2021-07-07 16:16:22'),(180,80,80,'7439e6c7a80fd58433652b40a5debca6','1995-03-20 21:53:02','2021-07-07 16:16:22'),(181,81,81,'98bccffe8090d2a7ee6c2e069a605173','1984-10-17 19:17:54','2021-07-07 16:16:22'),(182,82,82,'8d7535a373b5413f356d2ed5dc0d851e','1981-12-28 21:24:17','2021-07-07 16:16:22'),(183,83,83,'76aea284dfa27860714a63ea81e25003','2008-06-06 03:36:42','2021-07-07 16:16:22'),(184,84,84,'4a5a6ac84973cc6d911e165b7d6f47ac','2014-08-08 14:11:59','2021-07-07 16:16:22'),(185,85,85,'3a124073a7d0056f70a3212155a157eb','2002-07-08 12:06:41','2021-07-07 16:16:22'),(186,86,86,'e22dc4fbae29d549beb099880dcf1d47','2003-05-18 09:31:30','2021-07-07 16:16:22'),(187,87,87,'b3087131f6eba2f781089e8f4e888f78','1979-03-28 06:48:38','2021-07-07 16:16:22'),(188,88,88,'78996823e2fb02428d876dff6e0a20a3','2005-07-21 01:56:27','2021-07-07 16:16:22'),(189,89,89,'663eddbcb66564b6d294ae27226c03fe','2016-08-27 17:44:59','2021-07-07 16:16:22'),(190,90,90,'b41159739f2af439fcb33e7c3fa0129a','2019-01-22 05:37:57','2021-07-07 16:16:22'),(191,91,91,'251e62b7c3bfd25bfcb841af7f247d3c','1984-06-30 13:33:51','2021-07-07 16:16:22'),(192,92,92,'147a300e68886cf58d30d297414584c7','1986-07-09 04:57:42','2021-07-07 16:16:22'),(193,93,93,'2a287756e43f47ca1c6c3d28c6a759b8','2005-06-04 16:23:14','2021-07-07 16:16:22'),(194,94,94,'c37e7e0d9de1401be7927592e5bedbdc','2007-03-18 10:44:17','2021-07-07 16:16:22'),(195,95,95,'eabadbb04ac310affa57aff8d5cf79ca','2008-09-04 22:01:03','2021-07-07 16:16:22'),(196,96,96,'38ee3dbda99354c00e7d7699fe09797d','2014-02-26 12:19:30','2021-07-07 16:16:22'),(197,97,97,'1ffda618951a5a53b93e176bd0097188','2017-01-04 11:16:08','2021-07-07 16:16:22'),(198,98,98,'5868901f4b53c71942157ed2ed33b43f','2009-06-27 16:33:20','2021-07-07 16:16:22'),(199,99,99,'7730f8ca335e36db806f5bcfa8851e4b','2015-06-02 04:48:59','2021-07-07 16:16:22'),(200,100,100,'549c5023446421b7e5b86a196dd1d68a','2015-06-03 07:22:06','2021-07-07 16:16:22'),(201,1,1,'c071c88845b4ae2d26da6d2ba392c7ab','1979-12-09 12:00:36','2021-07-07 16:16:22'),(202,2,2,'881b1e2f717b0af7fd675fe39208b205','1989-09-26 11:34:59','2021-07-07 16:16:22'),(203,3,3,'5506ee804a9c6512e2b7749dc4f4ac18','2010-01-22 23:01:41','2021-07-07 16:16:22'),(204,4,4,'9b59f4ce116446b54c25908ac659b616','2010-01-13 05:08:19','2021-07-07 16:16:22'),(205,5,5,'17e698c43eae77be374cdca6e38fde0b','1976-10-05 06:12:06','2021-07-07 16:16:22'),(206,6,6,'45a9771c8ecfbc5f27100a57553b2508','2020-11-25 18:52:05','2021-07-07 16:16:22'),(207,7,7,'90d82ba3fc8ae41b3026e3d043d6459a','2014-07-22 11:14:22','2021-07-07 16:16:22'),(208,8,8,'bcfe24a3492fb66a633b8f21a50e0269','2003-05-07 11:05:28','2021-07-07 16:16:22'),(209,9,9,'51cff484742d67bccb6b4a935e26c11c','2019-02-14 15:28:17','2021-07-07 16:16:22'),(210,10,10,'fd9b551f52af9e3f5fa26ad16f078a4f','1988-04-08 07:39:08','2021-07-07 16:16:22'),(211,11,11,'4c12d0517660b443d319cd2ae458f827','1976-02-16 00:03:16','2021-07-07 16:16:22'),(212,12,12,'858c2c35416ce7389440b1f780eebac5','2019-04-20 23:15:23','2021-07-07 16:16:22'),(213,13,13,'57eeaa14f7addc36bac7a49151109452','1971-05-03 17:47:34','2021-07-07 16:16:22'),(214,14,14,'b7481563f6cde3d618ef373368688a60','1983-05-04 05:52:10','2021-07-07 16:16:22'),(215,15,15,'cd6e5580781c2d1fce9d241408225a44','1977-12-22 08:46:23','2021-07-07 16:16:22'),(216,16,16,'dd79db1ce931d82874f6223ef295dcdc','2006-03-30 10:33:26','2021-07-07 16:16:22'),(217,17,17,'d2dcb7dd2c57cbd58225f78bcf96fce9','2015-05-22 13:36:33','2021-07-07 16:16:22'),(218,18,18,'dff458dde320798ece8729d1098712f7','1988-07-24 17:41:57','2021-07-07 16:16:22'),(219,19,19,'55b81caa91e216e160f26762f781bb9a','1988-01-11 21:20:15','2021-07-07 16:16:22'),(220,20,20,'43232b9cf950dc9f80621babf601b9e6','1981-08-24 21:44:34','2021-07-07 16:16:22'),(221,21,21,'5a14bfbc298b2b999fbea3846758d9d2','1970-08-04 07:05:03','2021-07-07 16:16:22'),(222,22,22,'11d3e092eda247633bd2473e9ccbef7d','1999-09-20 18:33:27','2021-07-07 16:16:22'),(223,23,23,'62eb6e3dbc334b923dcbc3d298c15fce','2020-04-02 23:31:25','2021-07-07 16:16:22'),(224,24,24,'acddf3b59566a8f5d0c449a5ff1c0379','1986-04-28 01:45:31','2021-07-07 16:16:22'),(225,25,25,'602085adcf988a1ca54d379c280b4bf3','2018-08-03 09:24:58','2021-07-07 16:16:22'),(226,26,26,'ed0ffd2c79a0db1666e81bfb0c134981','2007-06-06 19:55:40','2021-07-07 16:16:22'),(227,27,27,'123069a4edbf66aad6a19c5070195d0d','2002-07-04 07:15:54','2021-07-07 16:16:22'),(228,28,28,'e0239d9a9db495f4bb37e742b767f9ca','2008-11-09 04:42:21','2021-07-07 16:16:22'),(229,29,29,'9e67b1280c053932235fa12ccf0b1576','2016-08-04 23:05:02','2021-07-07 16:16:22'),(230,30,30,'1895b4086612dac16c3aca88a3950722','2015-09-27 03:04:21','2021-07-07 16:16:22'),(231,31,31,'82e9fab3617a95189b84012eee38dc6a','1972-04-24 17:56:31','2021-07-07 16:16:22'),(232,32,32,'602137049531f21d85d6533486397e26','1997-09-12 18:22:20','2021-07-07 16:16:22'),(233,33,33,'ae833116165425e84217d17206db8a6d','2000-12-02 23:24:10','2021-07-07 16:16:22'),(234,34,34,'f1928fe1b9944fb671c847bf34418541','1970-07-26 01:20:22','2021-07-07 16:16:22'),(235,35,35,'60937f4d3cfe40361e3b9cacaa499faa','1987-11-21 20:43:01','2021-07-07 16:16:22'),(236,36,36,'5576f442f4f9bc0cca85b4b1d15c5692','1972-01-06 18:47:09','2021-07-07 16:16:22'),(237,37,37,'a2b309875b8f6f24a8cd932b725d4a24','2007-12-11 08:24:13','2021-07-07 16:16:22'),(238,38,38,'4e2dcb536a6c0e7d1e5cd6a1916c97ec','2016-07-04 22:56:29','2021-07-07 16:16:22'),(239,39,39,'c1366cf73c09e2684710b3141c914604','1993-02-06 16:03:31','2021-07-07 16:16:22'),(240,40,40,'5a013f27bd89948ddf48a64ca4a40f91','1998-06-19 01:01:32','2021-07-07 16:16:22'),(241,41,41,'71a770e8ada3538996132da6a9cc1d3d','1998-02-21 21:46:09','2021-07-07 16:16:22'),(242,42,42,'5fcbcc73656ccd2bcb19cf822557c705','1976-09-08 19:36:01','2021-07-07 16:16:22'),(243,43,43,'c944094ae8fc69894d8511a8edeedd21','2016-07-31 08:04:29','2021-07-07 16:16:22'),(244,44,44,'0c8642246a7361954522e32443c29a00','2005-08-05 20:23:04','2021-07-07 16:16:22'),(245,45,45,'974240d8bdb086bbf0ea435d1b27c60a','2009-10-18 09:27:54','2021-07-07 16:16:22'),(246,46,46,'4b537f60429b00409f84b9b2e7bfa498','1996-01-28 08:53:31','2021-07-07 16:16:22'),(247,47,47,'02c52f9f8d3e80a89d1195e73b9f1f28','2003-07-11 01:36:09','2021-07-07 16:16:22'),(248,48,48,'e8426ff30e8a003c36e0849b69f98db3','2018-11-02 19:18:31','2021-07-07 16:16:22'),(249,49,49,'8afe2943025beac7f854ccfea62bcacf','1990-04-09 10:29:39','2021-07-07 16:16:22'),(250,50,50,'d5655109c27c1bd11c47ff2f340ec9d4','1978-12-22 16:22:44','2021-07-07 16:16:22'),(251,51,51,'f940d5e7f65726789eb0583276482d6e','1987-02-15 13:54:11','2021-07-07 16:16:22'),(252,52,52,'5e978b7e759a6e02c5ce55934afd9332','2006-05-02 09:13:12','2021-07-07 16:16:22'),(253,53,53,'cd96d8449a97f5cefb9e78257efab5d5','2005-10-19 03:55:58','2021-07-07 16:16:22'),(254,54,54,'db5cc6a7b5a84c4f7ef7de05cbf7bb19','2017-08-13 23:43:42','2021-07-07 16:16:22'),(255,55,55,'fb414b161c743ebd9f5ed2da76eebbc3','2014-02-26 06:38:42','2021-07-07 16:16:22'),(256,56,56,'058155e603d48c81e0535d3a13debed5','2010-01-22 04:04:49','2021-07-07 16:16:22'),(257,57,57,'57c50d5693f7f9e58a6d48f4d0efe23a','1974-02-27 11:58:54','2021-07-07 16:16:22'),(258,58,58,'17f9e6f3bd30a2907db8b5f247dc3db7','2015-07-25 17:54:20','2021-07-07 16:16:22'),(259,59,59,'f6df856b67ae2fcf76416a7da7446b89','1991-03-30 03:11:12','2021-07-07 16:16:22'),(260,60,60,'303502d42043a9e3eb99afa44d995dc9','2019-11-20 03:42:21','2021-07-07 16:16:22'),(261,61,61,'66a177900e6459e64a4c1a5eb0e54476','1973-03-29 00:28:31','2021-07-07 16:16:22'),(262,62,62,'2e19c3eb90d38fb20fa8846ccce6f2aa','1985-11-25 16:28:41','2021-07-07 16:16:22'),(263,63,63,'092061c3c3a707b3f65c6428811332ef','1980-11-02 15:25:33','2021-07-07 16:16:22'),(264,64,64,'c9b6b4882b3c0adf5025384dfbedf7f0','1980-06-15 17:26:40','2021-07-07 16:16:22'),(265,65,65,'b64d3166464db2de17a1b65faa2f392f','1986-06-06 08:46:33','2021-07-07 16:16:22'),(266,66,66,'456e99f88f4f78201c64a8acedba8950','1976-01-16 21:39:38','2021-07-07 16:16:22'),(267,67,67,'3f3353eadb8817d9ddf9293ba55f7dba','1975-11-28 07:00:10','2021-07-07 16:16:22'),(268,68,68,'d8dfee88ca837b4c996242fbf73a12ea','2013-04-30 09:20:59','2021-07-07 16:16:22'),(269,69,69,'31c5df7539ffcba5da2724e8901127df','1985-10-24 13:55:13','2021-07-07 16:16:22'),(270,70,70,'7458d00256447ef152cddeeae3e0c386','1984-12-18 22:39:55','2021-07-07 16:16:22'),(271,71,71,'c039034639037f4468084318ef7b050e','1997-03-30 07:02:45','2021-07-07 16:16:22'),(272,72,72,'46c374484e322f981e55bc25a3b031d5','2007-03-26 12:39:27','2021-07-07 16:16:22'),(273,73,73,'16e3df15b0784df0785ab90b697df7a3','1995-05-03 07:39:55','2021-07-07 16:16:22'),(274,74,74,'75ad801d82d1f8e6173569f0dcbec15b','1982-06-01 16:16:50','2021-07-07 16:16:22'),(275,75,75,'cb5e511300c87772463346aaede95a52','2006-09-07 12:12:19','2021-07-07 16:16:22'),(276,76,76,'7431d66d8c8283bff4d4352fb9535cdc','2014-12-02 13:08:20','2021-07-07 16:16:22'),(277,77,77,'a85f89eb6f500e44eb098a35b0ae74f8','1995-12-01 03:43:38','2021-07-07 16:16:22'),(278,78,78,'3de37f01ac3bc4f8b0694082420b5aeb','2006-07-13 15:41:41','2021-07-07 16:16:22'),(279,79,79,'47c8e98cfe2062d5c045723a5fdd1074','1979-11-30 19:52:36','2021-07-07 16:16:22'),(280,80,80,'fd4abd4120931643bcbd7d905daffc58','1979-11-19 12:25:52','2021-07-07 16:16:22'),(281,81,81,'6de4973352ddbfc54017f65536580055','1994-10-27 14:47:26','2021-07-07 16:16:22'),(282,82,82,'f74cec0ae884d21d95e8df82a1126fbd','1996-07-14 08:26:50','2021-07-07 16:16:22'),(283,83,83,'efdebd98e6aef9244ab27b6e42e19de7','2016-12-17 18:27:39','2021-07-07 16:16:22'),(284,84,84,'e4baa18d2e5a10059c47225ef7167439','1992-03-06 13:04:20','2021-07-07 16:16:22'),(285,85,85,'2579543a641bddc8e9d8cde38629f27d','1980-01-04 05:17:58','2021-07-07 16:16:22'),(286,86,86,'9ef44def615705057cfc6ecb1fe1581f','1975-08-05 09:29:32','2021-07-07 16:16:22'),(287,87,87,'ffeb1aaef12228506619f11e979bb4c6','2010-08-31 20:56:25','2021-07-07 16:16:22'),(288,88,88,'c1ce0d9629c23345f3ad74d670e5f458','1978-02-21 05:59:06','2021-07-07 16:16:22'),(289,89,89,'2819a5b748cf2ae22275a3ec511ce141','2020-06-16 01:31:12','2021-07-07 16:16:22'),(290,90,90,'876b5bca4e28fcea2258a7a0c9360937','2000-05-10 23:37:42','2021-07-07 16:16:22'),(291,91,91,'363158af4aecd2d98bdf45fc01962f70','2013-06-11 22:25:20','2021-07-07 16:16:22'),(292,92,92,'cd9c8b59e625307313d016e3fa21c111','2000-08-22 04:42:14','2021-07-07 16:16:22'),(293,93,93,'c2cf4af540463060a9c5167ac2010714','1986-11-05 03:00:47','2021-07-07 16:16:22'),(294,94,94,'c1fe1eaa22a83a6889c551c9b0bf134c','1992-07-28 08:17:15','2021-07-07 16:16:22'),(295,95,95,'0626b14df0a133ec9b495456b669188e','2008-06-25 05:38:38','2021-07-07 16:16:22'),(296,96,96,'00b9ca6e9c71fc5d104577e9bd9d2ed4','2009-02-01 09:21:04','2021-07-07 16:16:22'),(297,97,97,'05de8799611792ef68384090b6281487','2009-11-25 17:47:47','2021-07-07 16:16:22'),(298,98,98,'3414e507061660e316ba0faf66ebeec7','1977-06-08 06:09:00','2021-07-07 16:16:22'),(299,99,99,'817b2dc4b488952c10ff8c3c019041ab','2002-04-08 01:27:21','2021-07-07 16:16:22'),(300,100,100,'3bc11744a9caa8fd0bf17065f6388b9d','2006-02-12 06:10:53','2021-07-07 16:16:22'),(301,1,1,'b4d8571a8083d05bb66fe10489be6209','1989-07-31 10:22:31','2021-07-07 16:16:22'),(302,2,2,'575fabfb35abcfcade7732cc5f05c213','2015-11-13 09:51:24','2021-07-07 16:16:22'),(303,3,3,'bedf3db296a9146ec78819f37988a52f','1990-01-14 07:08:57','2021-07-07 16:16:22'),(304,4,4,'e4aa29a8d0efeac2b3e1c888ec6b9620','2020-01-05 08:19:47','2021-07-07 16:16:22'),(305,5,5,'f5ea8c2a1089ff9fe8341b65d2b4a210','2002-02-12 15:47:35','2021-07-07 16:16:22'),(306,6,6,'3157f0090a80f44e86fdf36983f59e46','1976-11-04 18:23:29','2021-07-07 16:16:22'),(307,7,7,'006aef347493e48d06830dc6b8461d83','1997-12-07 03:41:25','2021-07-07 16:16:22'),(308,8,8,'c642425df6988793ebbf7086d08d1a7d','1998-01-20 17:39:04','2021-07-07 16:16:22'),(309,9,9,'d9945c639d419482d97a1c3776512b43','1983-02-20 06:47:25','2021-07-07 16:16:22'),(310,10,10,'f8040469d18c9ae0b3817ff286f9b343','2007-12-30 13:10:55','2021-07-07 16:16:22'),(311,11,11,'450515835bfa8b82d7fb0673635e5286','1970-04-22 13:42:45','2021-07-07 16:16:22'),(312,12,12,'18a146889860d5568eed321cc91b9eb1','1991-06-03 23:09:47','2021-07-07 16:16:22'),(313,13,13,'5f68fc4c0a88cd22c53ef7e051aed0d4','2017-05-05 15:00:50','2021-07-07 16:16:22'),(314,14,14,'e727c34137212e80937268c2bbc4e76c','1991-01-01 02:20:05','2021-07-07 16:16:22'),(315,15,15,'ac1d1ebf593c82f46aa2f9d5ba05688c','2011-06-03 18:22:39','2021-07-07 16:16:22'),(316,16,16,'61be8f7029495fe037834f734e4e4b40','1988-01-07 04:42:28','2021-07-07 16:16:22'),(317,17,17,'519c0fc2a84241e4170a5d4823959beb','1997-03-16 04:59:46','2021-07-07 16:16:22'),(318,18,18,'cf3ca5af13d245c19664baa9c6e2fbf1','1988-02-21 16:10:49','2021-07-07 16:16:22'),(319,19,19,'6c2a9bae5961d0c2f42bdb762e5b125c','1983-03-26 06:00:14','2021-07-07 16:16:22'),(320,20,20,'32682d1cb903f9f38acfa5dd5b9204e3','2009-05-20 17:49:42','2021-07-07 16:16:22'),(321,21,21,'f6f069b41b8b30a7d4ef45927a290cd6','1991-02-03 12:05:45','2021-07-07 16:16:22'),(322,22,22,'e84565162a996a91bd8e084300edffe6','1999-12-28 19:03:09','2021-07-07 16:16:22'),(323,23,23,'743c955ece1935eb4b571a015dea160c','1980-03-24 17:54:21','2021-07-07 16:16:22'),(324,24,24,'c9f3994feba45b0d32c32619ce8ef1cf','1995-07-21 18:15:41','2021-07-07 16:16:22'),(325,25,25,'d3f4e0ff5901c5b936557f352593b7ee','1973-08-04 00:43:09','2021-07-07 16:16:22'),(326,26,26,'edc580573746ae8e4637092e860c9a68','1995-03-22 07:58:06','2021-07-07 16:16:22'),(327,27,27,'71e475979acfa6f6d9fa43658e94d59a','2005-10-31 15:10:46','2021-07-07 16:16:22'),(328,28,28,'91d3f69c8bae95732c63b60886ac3cbe','1985-12-11 17:23:45','2021-07-07 16:16:22'),(329,29,29,'86c512d3e7fbb483e603b9374bb2253c','1993-01-13 01:46:59','2021-07-07 16:16:22'),(330,30,30,'b36d374b7750504dc058adc7c0ef29b9','2015-09-02 00:49:44','2021-07-07 16:16:22'),(331,31,31,'f4efeb98c7fe595518f89bb4b757c55d','1992-12-16 03:44:35','2021-07-07 16:16:22'),(332,32,32,'559b9603fed69bc7858a7853c600965c','2004-07-13 10:48:19','2021-07-07 16:16:22'),(333,33,33,'0c97674545055297be0452ba2a8eb6b6','2005-06-20 17:18:01','2021-07-07 16:16:22'),(334,34,34,'39a89eeaece4b0cecd4979cdff4c853a','1984-11-02 01:07:27','2021-07-07 16:16:22'),(335,35,35,'398ce4958d1ca1a1d03252065e7b1bd0','1977-04-20 08:57:38','2021-07-07 16:16:22'),(336,36,36,'97ec79e919a5cd40db521bda9ae40c44','1977-02-10 00:37:14','2021-07-07 16:16:22'),(337,37,37,'4357b703faa7cb73970382cd70590ce9','2011-03-02 05:05:31','2021-07-07 16:16:22'),(338,38,38,'9290090d4707c5fd9fe6c860646cebb4','1979-10-16 20:07:54','2021-07-07 16:16:22'),(339,39,39,'7564b0476a84b57a9715f83e9cd5d46b','1999-11-04 04:19:18','2021-07-07 16:16:22'),(340,40,40,'06e1cc6018c81895331454d48f1326d3','2008-03-04 08:10:46','2021-07-07 16:16:22'),(341,41,41,'364d46e4b7c9420651332958d6c43c85','1974-06-11 05:45:51','2021-07-07 16:16:22'),(342,42,42,'61f469c4f8bf26ebc220b3fb5512d6d4','2009-12-19 03:45:21','2021-07-07 16:16:22'),(343,43,43,'3c73f6110b57a35997ce095de3dbe017','2007-12-04 11:00:05','2021-07-07 16:16:22'),(344,44,44,'4c294acbded8a0009c14cc59c0bccffb','1995-02-18 00:52:55','2021-07-07 16:16:22'),(345,45,45,'0cfa2bd69dece6c024e262334cf7efa3','1991-12-18 09:11:40','2021-07-07 16:16:22'),(346,46,46,'84af63c144e427464ab10b69676165d4','2007-06-14 08:06:40','2021-07-07 16:16:22'),(347,47,47,'ce6ad1a3b412201d00a8fb8ba11c5e5b','2010-02-01 16:41:57','2021-07-07 16:16:22'),(348,48,48,'7dce583622b3b227ac8e04be6c293a20','1974-04-29 07:55:13','2021-07-07 16:16:22'),(349,49,49,'04f61468aa2f6a9406104464a37819ae','1980-01-31 11:38:11','2021-07-07 16:16:22'),(350,50,50,'d78f9c3a01e83049d57e4efb7276b10a','1978-10-13 17:04:28','2021-07-07 16:16:22'),(351,51,51,'5b9effe6c604ca2fd665026fedfb898e','1995-11-26 00:23:30','2021-07-07 16:16:22'),(352,52,52,'0279f981740218549a4156506623864b','1976-08-05 02:10:50','2021-07-07 16:16:22'),(353,53,53,'0f21da78e1475045598febf859db436e','1988-02-11 09:35:22','2021-07-07 16:16:22'),(354,54,54,'70e02b8767d780467d216595ec882e31','2012-09-05 05:00:55','2021-07-07 16:16:22'),(355,55,55,'8a07b6984558eff1d613fff0ef2b8e30','1989-12-28 13:32:14','2021-07-07 16:16:22'),(356,56,56,'3cfc410df4ed54811d345a223a898d88','1978-10-19 10:14:54','2021-07-07 16:16:22'),(357,57,57,'97115a8986a845b12e1d61fe28ed90ae','1988-07-04 08:53:15','2021-07-07 16:16:22'),(358,58,58,'9707f8c3fabfc23a5b14b5b0c50431b8','2021-05-28 09:40:07','2021-07-07 16:16:22'),(359,59,59,'127489a1dee3a102f52dd0f4edb64ff9','1972-06-26 05:07:22','2021-07-07 16:16:22'),(360,60,60,'dcebf7979b5101a1921263f2b99cf27e','1977-01-15 10:22:27','2021-07-07 16:16:22'),(361,61,61,'e3e5eb65d47ce4724f1398b67e539ddf','2006-12-21 11:47:53','2021-07-07 16:16:22'),(362,62,62,'1d373b1d20157b987f95b99b7be9a648','1985-03-21 00:42:41','2021-07-07 16:16:22'),(363,63,63,'9dbe0dd7cfb18c4140f434601e50db7a','1981-10-16 12:26:25','2021-07-07 16:16:22'),(364,64,64,'c18b5e2e62f99ff4179f95e5e8ddab62','2002-08-20 11:20:03','2021-07-07 16:16:22'),(365,65,65,'6af71b6f7de46a2c1f6bd1259bc30762','1986-01-12 06:55:46','2021-07-07 16:16:22'),(366,66,66,'0c93f1b9c3434e0aa1c08b13a1becdb9','2019-02-22 03:37:33','2021-07-07 16:16:22'),(367,67,67,'077c9870ad996d76b59aa5cb1588d0ea','2004-12-29 07:45:21','2021-07-07 16:16:22'),(368,68,68,'42c6c04cde0a7e2966d488f89a4a549c','2021-04-09 19:27:47','2021-07-07 16:16:22'),(369,69,69,'d76b55e4bde9ce584227f2973e8e282b','1984-08-22 01:35:41','2021-07-07 16:16:22'),(370,70,70,'63b3c6f00c06bc4b9101304ad9b8c7a1','1985-09-29 05:49:15','2021-07-07 16:16:22'),(371,71,71,'24b7ba7d9ef2a849ae1e5b5b49a7a29b','1992-08-03 15:57:04','2021-07-07 16:16:22'),(372,72,72,'c20c5b045b61fd3a2a6b2cbd58a46f7e','1973-12-24 15:38:47','2021-07-07 16:16:22'),(373,73,73,'0e86e9439d4de27add3cedd5aa2a5a52','1980-08-31 03:14:20','2021-07-07 16:16:22'),(374,74,74,'b3ad154ef460cf381d623a3357988147','2010-08-28 02:44:39','2021-07-07 16:16:22'),(375,75,75,'0e480678ce59e1118f7ea59387ed8cf8','1978-11-26 05:07:56','2021-07-07 16:16:22'),(376,76,76,'f9ce0ca7665f81ef972b1376ff1c03ec','1972-04-15 06:02:50','2021-07-07 16:16:22'),(377,77,77,'6754aeac43ecb28d6ab46c35129721b3','2002-10-11 01:38:15','2021-07-07 16:16:22'),(378,78,78,'6381b83320f4761ab6fb195f1157eb29','1981-11-05 22:40:01','2021-07-07 16:16:22'),(379,79,79,'7e20908253adca7d1b66c7d8fbea4070','2019-02-03 09:00:30','2021-07-07 16:16:22'),(380,80,80,'c70ca6b88ef4eb102b48c2dfe330b512','1992-03-28 20:59:58','2021-07-07 16:16:22'),(381,81,81,'6b5d0e314d3b38697a5f200839a020e8','2006-11-04 20:32:49','2021-07-07 16:16:22'),(382,82,82,'8266bde422cfe6aaa94e3812c7a718cc','2021-01-22 06:32:51','2021-07-07 16:16:22'),(383,83,83,'63071a921d31c951de80327ce5dd4323','2009-01-09 05:49:03','2021-07-07 16:16:22'),(384,84,84,'11e1ce2039da7e3643ea34513bc113c3','2012-03-01 13:01:16','2021-07-07 16:16:22'),(385,85,85,'4b7466110449345b5bc777ae62790bd1','2014-09-01 01:06:40','2021-07-07 16:16:22'),(386,86,86,'8e68c2d32f43dd0492ba9dad6f602507','1991-12-05 05:31:22','2021-07-07 16:16:22'),(387,87,87,'fbb12a387342bac96d412348283d38fc','1979-01-14 17:19:46','2021-07-07 16:16:22'),(388,88,88,'569c0403f3dc534b84a3e65b9c4566b5','2010-01-11 17:07:00','2021-07-07 16:16:22'),(389,89,89,'8db20add71bd75ed20dc4489bcc77b7e','2008-08-05 20:21:24','2021-07-07 16:16:22'),(390,90,90,'877ad84453312e103da27dcc9b1e551f','2020-10-20 20:31:32','2021-07-07 16:16:22'),(391,91,91,'852ebaaf8fca7a1336a6bf4298c2e442','2006-08-28 06:33:53','2021-07-07 16:16:22'),(392,92,92,'d7c7160f83c0924ca6096f597c41cf9d','1993-06-06 18:12:58','2021-07-07 16:16:22'),(393,93,93,'8398af8f715bc5b67c00822891aa6d63','1995-11-19 16:33:29','2021-07-07 16:16:22'),(394,94,94,'b8e51441d4c1dc78c2c7e39be0686bf5','2003-10-15 18:35:57','2021-07-07 16:16:22'),(395,95,95,'629555c4d2db8af85ae6281eced59350','1992-05-23 22:25:34','2021-07-07 16:16:22'),(396,96,96,'8b0f91a6b74ab7ebf2bd60d97f049189','1979-03-30 21:25:00','2021-07-07 16:16:22'),(397,97,97,'2b403eea0bd529fd3b921eba4c7de07e','1976-04-04 10:56:44','2021-07-07 16:16:22'),(398,98,98,'b1c11ababb69c0aabd3ca57bffe52c85','2015-08-25 15:04:57','2021-07-07 16:16:22'),(399,99,99,'257b2100a7b48f4b592b43f91b80ec2d','1987-02-14 03:24:15','2021-07-07 16:16:22'),(400,100,100,'8aa48089a413ff93e439d4d8c9ba9beb','1972-10-08 11:35:14','2021-07-07 16:16:22'),(401,1,1,'695e99ab9a1579a4936465a89de9280d','1980-01-11 19:12:15','2021-07-07 16:16:22'),(402,2,2,'a179f3da329920362ae51f9aedc6f921','1991-01-30 22:35:06','2021-07-07 16:16:22'),(403,3,3,'191457727fb93f885fc234ed9c374a34','1973-03-25 03:56:22','2021-07-07 16:16:22'),(404,4,4,'44cff7e1cf054c8c4e01eb8f0bb74019','1982-12-19 17:18:46','2021-07-07 16:16:22'),(405,5,5,'f80ec32b5ea22f3b1573f32136f80690','2002-12-09 14:02:11','2021-07-07 16:16:22'),(406,6,6,'ea13ad3a194e7e2da58a884c1aad2c11','1985-08-01 07:03:33','2021-07-07 16:16:22'),(407,7,7,'a60d50850cb07f4661ee1ddd994ab68b','1979-08-25 19:47:56','2021-07-07 16:16:22'),(408,8,8,'a3868c64c9a2fc0b25e9a854275ee878','1975-12-04 02:48:31','2021-07-07 16:16:22'),(409,9,9,'edc507ac6e90fe2f7d22a8c374133999','1981-10-18 03:35:17','2021-07-07 16:16:22'),(410,10,10,'308a28d487f60f97afb43a3b6f0e5e35','1974-05-25 01:05:19','2021-07-07 16:16:22'),(411,11,11,'06f0f87becec35096d8dce675d72d2ac','2004-10-15 16:38:44','2021-07-07 16:16:22'),(412,12,12,'448b68d7b129f07041f411b529f3fb26','2009-09-13 05:06:55','2021-07-07 16:16:22'),(413,13,13,'d993491d68afb0fad85d5c465a2019a0','2019-10-13 23:59:26','2021-07-07 16:16:22'),(414,14,14,'5a9490f97469e715a45d444e4a57821a','2012-07-23 16:22:20','2021-07-07 16:16:22'),(415,15,15,'55981ba3e1ffe26519053c42d18f06e6','1990-09-20 07:15:46','2021-07-07 16:16:22'),(416,16,16,'165be4b348434fcfc12959a2a16658f6','1989-10-22 00:55:33','2021-07-07 16:16:22'),(417,17,17,'e50e74a0ec1d3a37994a19ab1140e717','1972-06-22 03:20:40','2021-07-07 16:16:22'),(418,18,18,'1ab0ff19af748aefab61e5fed90efe95','2010-10-22 09:47:37','2021-07-07 16:16:22'),(419,19,19,'3ab0f16674fcfc9efb28ece79a0ef61b','2020-01-27 15:25:15','2021-07-07 16:16:22'),(420,20,20,'13b0e984aebc6b2586d86fc6bfebedcb','1987-05-22 15:39:27','2021-07-07 16:16:22'),(421,21,21,'bd9405f51c41bd2037c26debadad70e9','1982-02-25 21:26:28','2021-07-07 16:16:22'),(422,22,22,'d2702bd923535dcd58b3fae4b50c8d8c','2009-03-07 03:20:33','2021-07-07 16:16:22'),(423,23,23,'00e9b094f12886efc06a71f3b336b9ad','1974-08-31 02:37:01','2021-07-07 16:16:22'),(424,24,24,'10b8190c35f9613ad6b54d1b65365095','2019-10-04 07:45:23','2021-07-07 16:16:22'),(425,25,25,'98dabc9a06af70545255447031f9b2a6','1995-04-26 16:28:45','2021-07-07 16:16:22'),(426,26,26,'35978c530d3d76387dd0bad3ac2dd99d','2013-06-19 00:54:28','2021-07-07 16:16:22'),(427,27,27,'dbb503aa64d44b00558fca047b5a86cd','2015-09-07 00:07:57','2021-07-07 16:16:22'),(428,28,28,'1fc3cd85f8a31d01ead75e80a2869531','2001-02-07 14:29:55','2021-07-07 16:16:22'),(429,29,29,'3f5c71bad7f4b1b3f264ff7c70c2970f','2019-05-11 02:40:59','2021-07-07 16:16:22'),(430,30,30,'c88faf7b064544d97f1e58930b94ba78','2019-07-25 17:43:52','2021-07-07 16:16:22'),(431,31,31,'3bc36c3c45d6b4eb57cb7384b60af032','1988-01-19 20:12:52','2021-07-07 16:16:22'),(432,32,32,'b736c9d2fcabb659b96c25a83b57d6de','2012-05-23 11:41:11','2021-07-07 16:16:22'),(433,33,33,'7d94c5df2212f04aca36496735e2824d','1985-05-17 12:43:35','2021-07-07 16:16:22'),(434,34,34,'6b17cad77361ad46df72db9aae1b2b8a','1972-08-31 19:02:37','2021-07-07 16:16:22'),(435,35,35,'d68a8ba732387e8a87d82a90e232f9ee','1973-04-18 02:24:41','2021-07-07 16:16:22'),(436,36,36,'4d983f872adc4190d2a71aac2f7deca4','1970-08-29 15:50:41','2021-07-07 16:16:22'),(437,37,37,'6a1d70a1eb2dbba5c74388ce8c73f85b','2016-01-21 11:05:26','2021-07-07 16:16:22'),(438,38,38,'af77883f89d0f5e2c6df654a7033485f','2014-06-21 02:49:27','2021-07-07 16:16:22'),(439,39,39,'353d217f97f3e1b26a9e0d6571547612','2004-09-08 17:19:05','2021-07-07 16:16:22'),(440,40,40,'846ea5ccd36377ccfe3a9de91c95e473','2017-02-06 10:00:27','2021-07-07 16:16:22'),(441,41,41,'1be7af0a49602433f2ec6c1ce32b202d','1983-05-19 11:08:03','2021-07-07 16:16:22'),(442,42,42,'615d1d7f6484e8c407966688531cf34e','1976-08-09 13:02:40','2021-07-07 16:16:22'),(443,43,43,'edadfa7d4c040e084e32beb4235fa8c5','1980-11-23 11:43:02','2021-07-07 16:16:22'),(444,44,44,'d9ac4490c21761002525569a2faf9ef5','1985-06-26 03:53:50','2021-07-07 16:16:22'),(445,45,45,'4d8aa1e0f66f2190e8ec0169990daaab','2004-05-05 00:52:57','2021-07-07 16:16:22'),(446,46,46,'3712ce80cd85e12b433741a21048ebfe','1995-06-10 05:06:27','2021-07-07 16:16:22'),(447,47,47,'6e5ff6ab108f3ad4427557648588cc64','2009-03-14 04:41:36','2021-07-07 16:16:22'),(448,48,48,'61e6999291de62e0c69128d037e7a202','1972-06-14 22:38:12','2021-07-07 16:16:22'),(449,49,49,'a9d9c4e5e6e42bceca7d0af618d5bc64','1981-11-05 05:44:55','2021-07-07 16:16:22'),(450,50,50,'d4ee43ca2aa9e5c48e4e4fc2a7ef9c04','2011-07-22 15:42:20','2021-07-07 16:16:22'),(451,51,51,'b80fc4b30d4648c5d4674d7dd1b60b72','1978-03-11 06:41:48','2021-07-07 16:16:22'),(452,52,52,'c7cb8d1c705a7aac8837ac5c94be04a9','2012-07-26 03:41:00','2021-07-07 16:16:22'),(453,53,53,'9e541245a9262a88b6e389591c7c0394','1976-12-05 07:02:48','2021-07-07 16:16:22'),(454,54,54,'4724f9ee1e0ee89957d326835cc07942','1983-04-10 19:09:56','2021-07-07 16:16:22'),(455,55,55,'86e583ba72e952aa8770308a99970cb5','1984-10-02 15:13:04','2021-07-07 16:16:22'),(456,56,56,'453f599224f82d67f652d8a888f1baf6','1998-06-19 07:24:54','2021-07-07 16:16:22'),(457,57,57,'7d430b748954e2391085d45cecbc05a2','1989-03-26 02:57:00','2021-07-07 16:16:22'),(458,58,58,'327cd5d0067362082c227b27a80037c6','2003-03-31 14:34:16','2021-07-07 16:16:22'),(459,59,59,'1c5e938ed489463f8111c02bd26158d0','2006-06-26 23:08:42','2021-07-07 16:16:22'),(460,60,60,'9edceff3abf9cfb0c366f1cb20eb1d2b','1980-12-20 18:54:58','2021-07-07 16:16:22'),(461,61,61,'f0a7f7138dcfe493ded53299f6835d06','1996-04-29 10:23:29','2021-07-07 16:16:22'),(462,62,62,'2f0f7d0853a42620215a46a2e6d40689','1979-08-22 07:04:32','2021-07-07 16:16:22'),(463,63,63,'64e82546fd9bf1ceb4795941fb18354c','2017-08-11 02:09:10','2021-07-07 16:16:22'),(464,64,64,'22580ba994f707bb5d87a26de000f138','2002-04-12 09:33:20','2021-07-07 16:16:22'),(465,65,65,'d5b6e0570e1049685efa2a620453a2a2','2001-04-30 19:19:31','2021-07-07 16:16:22'),(466,66,66,'608855c93518dfc7c75982b050253f88','2011-09-10 05:20:07','2021-07-07 16:16:22'),(467,67,67,'306e9fd9af6556a558788ee9e816256d','2011-07-15 12:14:47','2021-07-07 16:16:22'),(468,68,68,'78cfb15bbd131abcc8fb55a8436b7339','1994-10-18 21:56:37','2021-07-07 16:16:22'),(469,69,69,'2a2ca614e30e5e6da8b97eb6ccfff940','1971-04-11 18:53:15','2021-07-07 16:16:22'),(470,70,70,'87bf22d2eb59f11382da2e3f10457c7e','2008-11-02 06:50:15','2021-07-07 16:16:22'),(471,71,71,'6c10d6a611d84bab7bf4c87e6d44a26a','2001-01-04 19:13:31','2021-07-07 16:16:22'),(472,72,72,'ee5ef3924989479148ecf9b9563ee3bd','2003-02-21 09:47:01','2021-07-07 16:16:22'),(473,73,73,'405ae75eda2db31bc07c9789fe0d03d8','2007-01-06 16:03:55','2021-07-07 16:16:22'),(474,74,74,'e4aca8296c43fee98cc2d53313325f11','2005-09-22 03:33:04','2021-07-07 16:16:22'),(475,75,75,'74b4b3125838078cd9e94a87cc4ce817','2012-07-22 05:04:30','2021-07-07 16:16:22'),(476,76,76,'b035e31b28ceea5e543514a5c9a4a614','1976-08-02 14:11:12','2021-07-07 16:16:22'),(477,77,77,'3c8ded89d8358ef1c64f365be266fe3d','1978-02-01 23:18:00','2021-07-07 16:16:22'),(478,78,78,'6585fbb344cb3931a8660d4ad281d96b','1984-10-12 12:16:06','2021-07-07 16:16:22'),(479,79,79,'9d096cd99dc2ec7e39bce1bb5361a2c6','1987-07-24 01:30:18','2021-07-07 16:16:22'),(480,80,80,'2d7d23660b061c86eb4f4a39e73ff471','2001-10-30 16:38:07','2021-07-07 16:16:22'),(481,81,81,'d58927a900290bf0178a9f4e43495899','2016-09-26 02:45:30','2021-07-07 16:16:22'),(482,82,82,'423ee942d54a40b54bac1c8e3a208ca3','1997-12-09 14:16:29','2021-07-07 16:16:22'),(483,83,83,'873dfd76730b926e3e64723aef1384e5','1976-02-28 11:56:12','2021-07-07 16:16:22'),(484,84,84,'e21004fc7a308a7f23d3612d45a14738','2009-05-22 20:05:47','2021-07-07 16:16:22'),(485,85,85,'263c81da5c0014f30e346457d2685c1d','2012-03-25 03:41:36','2021-07-07 16:16:22'),(486,86,86,'636841c3a1c029214cca311ee038fe8b','1975-10-21 18:01:09','2021-07-07 16:16:22'),(487,87,87,'95a4070dbdd7b8fb3714e35401cfa19c','2016-11-08 23:45:10','2021-07-07 16:16:22'),(488,88,88,'127b9bf2959b1f1b34a2e4e4064209ec','2015-08-16 01:42:32','2021-07-07 16:16:22'),(489,89,89,'6ebaf34e218fa5158e973af548bd5c96','1989-06-03 21:30:05','2021-07-07 16:16:22'),(490,90,90,'b77cdcd0d09c5dca897f6a22be8557b2','1995-10-16 23:37:05','2021-07-07 16:16:22'),(491,91,91,'89a7ad7854b085b4ef8366e013feacf9','1987-03-23 22:21:23','2021-07-07 16:16:22'),(492,92,92,'e6b443c214f5f1f03b94a5381f9fdc77','1983-06-17 09:49:43','2021-07-07 16:16:22'),(493,93,93,'818e164ce6daa75e3a0e9a10e54252c9','1977-08-19 18:37:22','2021-07-07 16:16:22'),(494,94,94,'e19403d2112ac67a462f52f6e3a27ea4','1993-11-06 19:25:56','2021-07-07 16:16:22'),(495,95,95,'396796f832d843e57ed3f8e12aa1d92f','2019-01-04 05:43:43','2021-07-07 16:16:22'),(496,96,96,'f4c170fc79cdd4872df21de7736266bd','1980-09-08 09:58:19','2021-07-07 16:16:22'),(497,97,97,'5f00baa7cd68bb8ac415376cbbadf2c2','2011-10-26 10:21:21','2021-07-07 16:16:22'),(498,98,98,'5f7198ec731c0de58cf69eab95d5960a','2020-10-04 18:53:00','2021-07-07 16:16:22'),(499,99,99,'d408c4baefc88a2da9da19c47685670a','2004-05-24 19:43:07','2021-07-07 16:16:22'),(500,100,100,'92dfa276c2d1c6dfc96a915254a7817c','1988-04-27 03:07:31','2021-07-07 16:16:22'),(501,1,1,'d113c7563653e2595fa02de70af442ea','1994-01-30 09:20:15','2021-07-07 16:16:22'),(502,2,2,'5941577053446b95812ec11a85def06f','1998-02-04 19:43:08','2021-07-07 16:16:22'),(503,3,3,'d0f07a87d58ea32c64130f8ee98b13c9','1991-01-02 14:24:32','2021-07-07 16:16:22'),(504,4,4,'9541d5d03fcd7ff6c8f718278e61f3d7','1977-09-12 08:47:56','2021-07-07 16:16:22'),(505,5,5,'eb735a4c4002b6689d8b9d84b8224ccb','1980-05-10 18:38:39','2021-07-07 16:16:22'),(506,6,6,'4924511f78ef36081a6cee5fe1cb4a47','1976-04-11 06:44:28','2021-07-07 16:16:22'),(507,7,7,'e519a2b1eabc6bfcebb073a7e15b00e3','1970-08-29 23:51:15','2021-07-07 16:16:22'),(508,8,8,'0903e0a1adad88501bd49ba37f868651','1982-07-27 06:52:38','2021-07-07 16:16:22'),(509,9,9,'a8f1b085c88948342e558beb7444cc86','2014-06-18 10:08:23','2021-07-07 16:16:22'),(510,10,10,'595133d3957b4b009203b0f7276d67a5','1973-11-09 15:24:00','2021-07-07 16:16:22'),(511,11,11,'c19c017cc6763ee8c4614349f0882067','2000-01-31 13:59:59','2021-07-07 16:16:22'),(512,12,12,'c18b01b630f82f5871ee4f3bf0a7dbf8','2008-11-14 11:37:47','2021-07-07 16:16:22'),(513,13,13,'19131fbc68172a60f739427d971f6c03','1970-02-07 08:10:33','2021-07-07 16:16:22'),(514,14,14,'b245515eb0b2e1df22997419e679f095','1980-05-15 04:24:53','2021-07-07 16:16:22'),(515,15,15,'d31faf55802c6278a246860431c02793','1983-01-21 02:30:41','2021-07-07 16:16:22'),(516,16,16,'86fa31c4898ace9dd76877b11bb9302f','1993-12-13 13:19:09','2021-07-07 16:16:22'),(517,17,17,'6f9121c5d10a277644700edbd095e394','2018-12-11 19:45:13','2021-07-07 16:16:22'),(518,18,18,'906bc395e188296c9542914a030a6330','1984-05-28 07:40:17','2021-07-07 16:16:22'),(519,19,19,'6a10a50b7c52d45e3fc6b6175f6414ac','1975-09-14 12:37:38','2021-07-07 16:16:22'),(520,20,20,'01d83033e8adb0be7a9ce1c0ccde7d5b','2009-03-25 14:14:52','2021-07-07 16:16:22'),(521,21,21,'879f8ef6a38d6b120313bd01e98fe808','1995-09-03 09:24:44','2021-07-07 16:16:22'),(522,22,22,'8776d05095cd35baef8763a2cc63d2a6','1982-06-20 13:56:33','2021-07-07 16:16:22'),(523,23,23,'c8867135324bcd1e2d1d216a84bce05c','1993-04-14 08:42:37','2021-07-07 16:16:22'),(524,24,24,'2448755ab9d5d90ac50e0c56a41716d9','2020-07-11 00:36:55','2021-07-07 16:16:22'),(525,25,25,'20af7a289a20c2a5b39c6238a0999889','2014-10-11 12:29:10','2021-07-07 16:16:22'),(526,26,26,'881685cfb45f6a05192868f4de95ebf6','1994-02-14 16:26:51','2021-07-07 16:16:22'),(527,27,27,'53dd8e4cdbed35763d9426b368dc4cac','1992-07-14 05:26:23','2021-07-07 16:16:22'),(528,28,28,'10a294a30e3e231dcd85e25ca2c73b74','1994-04-05 12:08:30','2021-07-07 16:16:22'),(529,29,29,'9c33dd77ec0b8d7f8f6a19c885be4e25','2005-08-22 16:37:53','2021-07-07 16:16:22'),(530,30,30,'880f2111a9086d5695a5a6d4a66728b3','1995-05-03 06:17:35','2021-07-07 16:16:22'),(531,31,31,'668627f4b4202c55bc0a723f5025813a','2013-07-24 04:59:01','2021-07-07 16:16:22'),(532,32,32,'9f0eb9a02b159850afd311ef9f94f0dd','2001-08-31 08:39:53','2021-07-07 16:16:22'),(533,33,33,'31254b5acc82451240e905a56a2b65a7','2012-10-13 03:21:04','2021-07-07 16:16:22'),(534,34,34,'2704ad596dc76dc48d407790eb10a08f','2007-04-20 15:12:52','2021-07-07 16:16:22'),(535,35,35,'7e2e1040e6e52d6b73ceb957477356e1','1978-11-22 07:18:29','2021-07-07 16:16:22'),(536,36,36,'6efb250b494adfba43761044106f2b20','1973-10-12 04:27:30','2021-07-07 16:16:22'),(537,37,37,'8620a57ae000be1c9283e6fa9baf75de','2021-03-17 01:25:14','2021-07-07 16:16:22'),(538,38,38,'b5dee2d4db71bd287741e579bcbc82e3','2013-04-18 01:27:54','2021-07-07 16:16:22'),(539,39,39,'a6000d918d60a43bd1bd8f8316a0ea08','1989-08-15 11:23:46','2021-07-07 16:16:22'),(540,40,40,'b28a96d2322173746659a88a60d1ef7c','2011-08-04 10:06:52','2021-07-07 16:16:22'),(541,41,41,'723354d4b2fc41c35bd227d2a105e9d9','2021-02-11 11:47:58','2021-07-07 16:16:22'),(542,42,42,'8712489501bbf3fc11995bbbe024547d','1983-02-04 05:57:25','2021-07-07 16:16:22'),(543,43,43,'093e5a66063621d3e52035cafab2c7cd','2012-05-14 01:49:56','2021-07-07 16:16:22'),(544,44,44,'15d3437016cb5806172f42f2f3440d8d','1974-10-08 08:33:20','2021-07-07 16:16:22'),(545,45,45,'fb07291be11f1c62d3132a6dc2e854e2','1989-12-30 20:49:00','2021-07-07 16:16:22'),(546,46,46,'a7dbcd9291c664c0faacdc4800dc385a','1990-09-30 13:22:33','2021-07-07 16:16:22'),(547,47,47,'347fac16c502eb5d6ef500b72640adf4','1995-11-15 19:43:55','2021-07-07 16:16:22'),(548,48,48,'b335a70d837968586ee5d91a1cb35e1c','1983-11-20 19:15:11','2021-07-07 16:16:22'),(549,49,49,'d8a423a3b0f401b00f34eeffee2b9d84','1974-05-30 06:11:51','2021-07-07 16:16:22'),(550,50,50,'0cd4509e51c3242eea16ae5bc63388d9','1992-10-05 18:06:44','2021-07-07 16:16:22'),(551,51,51,'edc0df3f9f48c720a53c55958d70d652','1970-06-12 16:26:12','2021-07-07 16:16:22'),(552,52,52,'9f853b145c3e4c15a5e1612d0ddda819','2009-04-02 05:07:04','2021-07-07 16:16:22'),(553,53,53,'746d4457b78ef781c5f3edd4f325a2f5','1997-12-26 10:32:51','2021-07-07 16:16:22'),(554,54,54,'bb85f9ef69b5ff14ccd74fdd4b6cbff4','2000-01-21 21:24:04','2021-07-07 16:16:22'),(555,55,55,'05992540b062bb6c5ee632af3059af83','2021-04-10 13:49:38','2021-07-07 16:16:22'),(556,56,56,'db0807fd9a0e039cfb1244dc0a2ada72','1997-01-06 02:09:16','2021-07-07 16:16:22'),(557,57,57,'af50f6071eeafadbcaa28d5f789ddad4','1975-03-30 10:19:17','2021-07-07 16:16:22'),(558,58,58,'45095091c22c217c7e389fb258f808e5','2019-05-14 18:57:07','2021-07-07 16:16:22'),(559,59,59,'77e535e6f83d8504c6f54988f22003a8','1980-08-08 14:56:54','2021-07-07 16:16:22'),(560,60,60,'1eb5d7be9ccc2401201f8991235e1f87','1987-02-10 13:25:03','2021-07-07 16:16:22'),(561,61,61,'bb778500e6f4434d1225b1b12f1305ae','1995-10-20 19:14:00','2021-07-07 16:16:22'),(562,62,62,'d459d929801084c9ff67bafd52a1ddca','2013-03-03 23:35:08','2021-07-07 16:16:22'),(563,63,63,'b0d3e5f3d884e7787eedf88158519ad5','1991-04-03 11:48:09','2021-07-07 16:16:22'),(564,64,64,'d9834b07ffb7faa54c2362fda30a6e98','1990-08-31 11:01:42','2021-07-07 16:16:22'),(565,65,65,'58dc5d0250b7e1344c14d86d055083ea','2004-11-03 12:17:46','2021-07-07 16:16:22'),(566,66,66,'90e75da7f84dba4cd10b40969a61701e','2009-05-14 19:33:39','2021-07-07 16:16:22'),(567,67,67,'cbf0c19141c2753195b22194942e87a3','1992-06-05 21:47:21','2021-07-07 16:16:22'),(568,68,68,'5218c23e22d6954a21f0f43e1c19ff94','1972-07-29 21:34:47','2021-07-07 16:16:22'),(569,69,69,'c549adfaccae7350535925e5dd1a7949','1987-09-03 15:33:54','2021-07-07 16:16:22'),(570,70,70,'f11bb1ee29566844713dcb878b494711','1986-05-30 08:59:09','2021-07-07 16:16:22'),(571,71,71,'a6117a9046f406887fd929e7aa98f725','1977-09-17 19:18:33','2021-07-07 16:16:22'),(572,72,72,'0e3bac1e5ada5c6a66a40126eafd886b','2013-06-24 02:02:55','2021-07-07 16:16:22'),(573,73,73,'c90c006cb2a148e84240a59ad737415e','1985-04-10 20:30:15','2021-07-07 16:16:22'),(574,74,74,'4fdeb8c5ca16995bd9af708b6d2e06c0','2020-08-25 15:42:53','2021-07-07 16:16:22'),(575,75,75,'fcbab2f73a8538248a8006291c7a2459','2016-04-07 23:23:23','2021-07-07 16:16:22'),(576,76,76,'016c74327474c010aa2b3d74e34b612f','1993-01-29 21:05:27','2021-07-07 16:16:22'),(577,77,77,'3d83c637e075de8416cb184f819ccd2d','2007-09-04 05:31:03','2021-07-07 16:16:22'),(578,78,78,'57732e32b7d553d32948ed175f887e95','1982-03-02 20:52:32','2021-07-07 16:16:22'),(579,79,79,'b488862b8cb5cfda820c6dba08f67a25','1999-09-05 20:39:54','2021-07-07 16:16:22'),(580,80,80,'05c4b6f72cd6df5d9e6e67dff754827a','1990-07-08 23:21:43','2021-07-07 16:16:22'),(581,81,81,'d15818cc5649754884907ff2ed522530','2010-08-22 13:13:48','2021-07-07 16:16:22'),(582,82,82,'81ed0d96dc334f48f3299ce86f161306','2021-05-10 19:14:42','2021-07-07 16:16:22'),(583,83,83,'f0b5952d619693764e71827ecb3e0a00','1996-01-09 16:36:24','2021-07-07 16:16:22'),(584,84,84,'2d9faee20c121fcb2c4bf3f43f1fc454','1989-03-25 04:09:35','2021-07-07 16:16:22'),(585,85,85,'41cc8a21ef24b712056e96cb001e77f7','1986-10-05 13:06:29','2021-07-07 16:16:22'),(586,86,86,'0c51e7b22a3674ba59c6890b3d2f3d6c','1997-04-30 07:29:21','2021-07-07 16:16:22'),(587,87,87,'0e35e94c6fa8c32c5c858452168c09fc','1983-09-29 02:21:17','2021-07-07 16:16:22'),(588,88,88,'b6341a79db0a10c0663eb978c4c2a50a','1983-10-03 10:26:11','2021-07-07 16:16:22'),(589,89,89,'0854a2077675763cdedacdaecae59eae','1992-06-24 19:07:20','2021-07-07 16:16:22'),(590,90,90,'d02c6ced61db4d93463cb499f0c335cf','1976-06-24 21:25:41','2021-07-07 16:16:22'),(591,91,91,'d8f82e1315e34e46dde703ff66347e87','2007-10-08 06:32:54','2021-07-07 16:16:22'),(592,92,92,'0ab9ba9574ce24e6201d4f47bab88588','1986-01-11 17:29:09','2021-07-07 16:16:22'),(593,93,93,'87b678b9c47e9c114840b375379f389d','2014-09-13 04:35:24','2021-07-07 16:16:22'),(594,94,94,'139f45db51dcdff63f8d22a056a229b4','2008-04-12 02:39:05','2021-07-07 16:16:22'),(595,95,95,'147987acbbe270a51be6026d3658626b','1971-06-22 12:18:38','2021-07-07 16:16:22'),(596,96,96,'11b303765c74cb13d99564a8c8c3d96e','2006-12-04 12:01:04','2021-07-07 16:16:22'),(597,97,97,'e8e402c5438b7cded1bd76d5c38a1edd','1998-07-23 09:11:07','2021-07-07 16:16:22'),(598,98,98,'a62edc3c57a4851a387cf6500332de49','1995-05-13 03:24:00','2021-07-07 16:16:22'),(599,99,99,'a1533ccf2363f38cf3309b38be26f1f9','1997-07-21 15:08:39','2021-07-07 16:16:22'),(600,100,100,'3877e3abb7321c4f73a49b78ff279339','1979-03-07 18:12:56','2021-07-07 16:16:22'),(601,1,1,'31c36db35bf1fb85bc8335c54991f5e8','2013-08-01 01:08:06','2021-07-07 16:16:22'),(602,2,2,'5af9bb38fe2589da30ff3ebbc9148b33','1995-04-17 01:43:29','2021-07-07 16:16:22'),(603,3,3,'d1847705fd75b44ef1d2a0cbf2f6d466','2011-01-20 06:11:04','2021-07-07 16:16:22'),(604,4,4,'6661982e8d0505b201e318a53a4164dd','2019-02-10 15:19:05','2021-07-07 16:16:22'),(605,5,5,'15d9cc8ebebdd7f4c1426d78af9d622d','1996-07-10 23:31:55','2021-07-07 16:16:22'),(606,6,6,'b2a6c760d3fff7b8c9c7217593ed89f2','1987-03-22 17:09:27','2021-07-07 16:16:22'),(607,7,7,'68bb41f4a7cad401b7eae8027dfbccd8','1985-12-17 08:56:51','2021-07-07 16:16:22'),(608,8,8,'615ea517c83637b8908a05e6a4f64cfb','1972-10-16 16:36:40','2021-07-07 16:16:22'),(609,9,9,'b69fa871ac985a0e7d370471c5e67ee2','1990-01-07 02:00:44','2021-07-07 16:16:22'),(610,10,10,'6572697f6ee46a888fd4e543ef16132d','1992-07-01 16:15:36','2021-07-07 16:16:22'),(611,11,11,'07d2d151571bb7480731304081f5b39e','1994-08-14 04:23:15','2021-07-07 16:16:22'),(612,12,12,'a812d6746d5220472e2e773273183649','1980-04-28 17:28:01','2021-07-07 16:16:22'),(613,13,13,'0a4ad3b5eaaf5e78f3618e6d54e3454d','1972-10-04 23:18:21','2021-07-07 16:16:22'),(614,14,14,'1da9baeb370cca18322919bd0ab63295','1988-09-25 23:44:55','2021-07-07 16:16:22'),(615,15,15,'a3d0efe48e6e420e57fc91db873e495d','2012-07-01 18:49:09','2021-07-07 16:16:22'),(616,16,16,'d39db6637e336d8ed8257f20c70a35c4','1977-05-16 10:43:07','2021-07-07 16:16:22'),(617,17,17,'46146f22f57b6e7df4e1796844ecf481','1970-06-06 06:49:49','2021-07-07 16:16:22'),(618,18,18,'39f62d2ec086f0a12fa3f48b9e13efee','1989-08-08 11:17:17','2021-07-07 16:16:22'),(619,19,19,'c5bf59fefddc878d426dfd85fc58284d','1985-10-03 21:18:16','2021-07-07 16:16:22'),(620,20,20,'092472bdc255381b225051378c399429','1976-09-23 23:50:40','2021-07-07 16:16:22'),(621,21,21,'857e515603ef19360b5f5ac19febdfea','1976-08-09 06:14:25','2021-07-07 16:16:22'),(622,22,22,'54c22add79a077c0a03d45eca74dd229','2002-07-20 14:56:21','2021-07-07 16:16:22'),(623,23,23,'f442ea9fa8fc622578feee08eb7e984a','2012-06-03 10:51:17','2021-07-07 16:16:22'),(624,24,24,'f402f5d3b04496e3913b7106e301bdf3','1998-01-03 12:33:14','2021-07-07 16:16:22'),(625,25,25,'8282d296e98fd7adb5e2b8b56faae754','2002-02-16 15:00:13','2021-07-07 16:16:22'),(626,26,26,'602dcef52717709d9c91a6b79c2543f7','2015-07-21 02:35:14','2021-07-07 16:16:22'),(627,27,27,'61289de36fc5a8f3e75e2f185ce00d8c','2010-10-21 15:28:20','2021-07-07 16:16:22'),(628,28,28,'95e53adc28cdb6d8cde1de9db9ae91cc','2019-09-22 13:41:14','2021-07-07 16:16:22'),(629,29,29,'8d12fb3993bd295145ee3b14239c5c11','2002-02-19 23:24:25','2021-07-07 16:16:22'),(630,30,30,'5f8b569100a43bbcf83c4b35aa013503','1970-03-31 10:09:32','2021-07-07 16:16:22'),(631,31,31,'ada9b64e85369487c663c246a9646eb6','2019-07-16 13:43:30','2021-07-07 16:16:22'),(632,32,32,'e526057ebe7f6eca03fde13ddc52b060','1972-02-20 01:54:05','2021-07-07 16:16:22'),(633,33,33,'697b1857c432730f9367c89e55b39822','2020-12-21 08:40:35','2021-07-07 16:16:22'),(634,34,34,'985e916ca95b113c18362591601eef35','1998-09-02 02:10:56','2021-07-07 16:16:22'),(635,35,35,'ed0fafd0db0f0f15e9669488bfa65725','2019-06-07 06:30:26','2021-07-07 16:16:22'),(636,36,36,'e537a341c0c2d70de66f408a7e950674','2016-12-09 01:34:15','2021-07-07 16:16:22'),(637,37,37,'c2bdc8c0524553b8226c372a2ae738fa','2005-11-05 04:15:33','2021-07-07 16:16:22'),(638,38,38,'44910a9512c118117fa5cd79b414d51a','1990-12-08 08:19:39','2021-07-07 16:16:22'),(639,39,39,'b46fe0aef16a84bdfe7b22d76fcd52ed','1973-10-21 17:58:48','2021-07-07 16:16:22'),(640,40,40,'5bd26738282eab6c54a606c44b48f6ef','1996-08-15 18:07:53','2021-07-07 16:16:22'),(641,41,41,'1d33cb8709c1a00462a9c99b6344b53c','1971-11-08 12:38:34','2021-07-07 16:16:22'),(642,42,42,'48b54aa8692863251f88e8605e633828','2011-06-18 18:20:45','2021-07-07 16:16:22'),(643,43,43,'dfe63603809af24977a838ad185b3e79','2021-03-28 09:30:24','2021-07-07 16:16:22'),(644,44,44,'e8bf7a7bd0dd5b870b3a363b28a12199','1979-10-17 07:05:28','2021-07-07 16:16:22'),(645,45,45,'cc37aa6b28769193f0884e8f2da10f11','1980-12-05 05:52:34','2021-07-07 16:16:22'),(646,46,46,'d07e7f3730d05fe75cf2f903a8395e99','1980-09-04 17:27:26','2021-07-07 16:16:22'),(647,47,47,'5e7eec2d0f58ca0561843f479ce999ef','1989-11-28 20:46:08','2021-07-07 16:16:22'),(648,48,48,'68a76d451f81c33683e31a556db2e303','1993-05-09 05:54:13','2021-07-07 16:16:22'),(649,49,49,'4e284413f11dfde3aa03ea51bdd59a12','2015-12-02 12:02:21','2021-07-07 16:16:22'),(650,50,50,'eb19b03019c6247749de93e0d47fc43b','1978-02-01 04:51:10','2021-07-07 16:16:22'),(651,51,51,'5a2abb0aa13a7e29f8a470662080ac5a','1981-07-12 20:04:31','2021-07-07 16:16:22'),(652,52,52,'09984a9b9d0bc8120fc935aaa1d081dc','2009-06-06 22:29:56','2021-07-07 16:16:22'),(653,53,53,'9fc60aeb59e71140218130d2e7f6d980','2001-07-17 07:47:30','2021-07-07 16:16:22'),(654,54,54,'540784a735717014733f8c6e5350f0a5','1989-10-31 03:12:59','2021-07-07 16:16:22'),(655,55,55,'8e9b53c85281d62a06d2436106e190cf','2008-01-04 12:48:00','2021-07-07 16:16:22'),(656,56,56,'79af8c204544a7325655422a664e2864','2000-08-13 18:07:22','2021-07-07 16:16:22'),(657,57,57,'a002a3e09a1589efd521fed700639949','1975-03-15 03:51:02','2021-07-07 16:16:22'),(658,58,58,'e69083fcd6c2612e3a8c2a833d732c41','1996-01-30 00:13:55','2021-07-07 16:16:22'),(659,59,59,'93fad374cf0931105737dc13c315d1c8','1984-09-25 04:34:39','2021-07-07 16:16:22'),(660,60,60,'1566d7bc50f1f76a90c755ea35d20164','1978-07-13 05:32:20','2021-07-07 16:16:22'),(661,61,61,'a5e3ded8160c11ede0415e0fe70df119','1979-07-07 00:35:19','2021-07-07 16:16:22'),(662,62,62,'86e3dab4d8d6a40f7410f08cdffe010a','1989-03-15 23:46:49','2021-07-07 16:16:22'),(663,63,63,'457cd37f0c3d16c2e67a308c44b943af','2010-03-13 02:45:16','2021-07-07 16:16:22'),(664,64,64,'16419f486b6ec831a8589df5596c76dc','2008-07-12 20:00:52','2021-07-07 16:16:22'),(665,65,65,'80dba87699f090e3b08a9bfb9c2bd985','1981-07-30 19:42:53','2021-07-07 16:16:22'),(666,66,66,'e9982d5f464f68cee63ff89efbeec493','2018-01-12 02:44:37','2021-07-07 16:16:22'),(667,67,67,'e6858b60b96a124aff9aa6a8ebfb643d','2018-12-16 01:59:22','2021-07-07 16:16:22'),(668,68,68,'366e57c42504686ec9df3656fa96794a','2008-07-18 14:43:11','2021-07-07 16:16:22'),(669,69,69,'2e68c26691bb74d921bc43e8d25c3104','1995-07-02 08:29:53','2021-07-07 16:16:22'),(670,70,70,'32203d558f6dfd7d807d94e048f13587','1988-04-26 19:04:34','2021-07-07 16:16:22'),(671,71,71,'fabde1a6d58b20d6cebde58196b579fa','2018-09-19 01:06:52','2021-07-07 16:16:22'),(672,72,72,'9ef31e585efc0f5f821bf7b9c944ca81','1985-07-08 14:06:34','2021-07-07 16:16:22'),(673,73,73,'3825348360db33bfb8879f22925e708d','1976-02-10 16:28:04','2021-07-07 16:16:22'),(674,74,74,'a1691884bc691b46363c429f370d98a1','1988-04-27 01:36:34','2021-07-07 16:16:22'),(675,75,75,'023e001819ab6b27c98c8aa1a4ca0e8f','1970-05-01 22:19:02','2021-07-07 16:16:22'),(676,76,76,'af0396fa65eec8ca3890ed7b3611a077','2011-05-26 13:53:35','2021-07-07 16:16:22'),(677,77,77,'951bd4a1354f19684d040cd1cde0c42a','1997-03-01 03:33:37','2021-07-07 16:16:22'),(678,78,78,'dde86512ac806c17e0292349400c9820','2004-03-10 09:01:31','2021-07-07 16:16:22'),(679,79,79,'ca37a7f4b03cbe3e4598905b96fc0f74','2007-10-28 06:18:19','2021-07-07 16:16:22'),(680,80,80,'18a76f51b5696b8a008563cb346f8bb5','1977-03-26 05:52:23','2021-07-07 16:16:22'),(681,81,81,'b66de59018ab1267fde0749aedce9a3c','2021-04-11 17:01:56','2021-07-07 16:16:22'),(682,82,82,'15b55bd9617d4d8bd253b8b49a8e4904','1999-09-26 04:09:47','2021-07-07 16:16:22'),(683,83,83,'f140c929e65e0a5067e60303ca16bfe1','2016-09-23 15:19:58','2021-07-07 16:16:22'),(684,84,84,'428cbe4521f919942454b0ac9cd11eb6','1989-11-02 08:15:01','2021-07-07 16:16:22'),(685,85,85,'79a923b1ddf4c774494c140689a51f08','1996-01-09 23:18:06','2021-07-07 16:16:22'),(686,86,86,'c05eb37de68c34c23e88ccb436880a10','2007-05-18 14:30:12','2021-07-07 16:16:22'),(687,87,87,'8cc4a0d36812cde6e2104d5a4da1027f','2011-07-08 22:52:51','2021-07-07 16:16:22'),(688,88,88,'e20f2972fe04ce3d401da931fe1d21a0','1978-08-28 00:18:27','2021-07-07 16:16:22'),(689,89,89,'fdde2724051f9add3486e453cf664181','1973-03-02 07:16:35','2021-07-07 16:16:22'),(690,90,90,'a68bb7edbec2a94ebae3d6d24946707a','2004-04-07 03:08:06','2021-07-07 16:16:22'),(691,91,91,'f4ab238a5db8a53139c2b07cde60a521','1984-01-26 15:22:45','2021-07-07 16:16:22'),(692,92,92,'e45a27efbe9e9bb3983a041ccab27d9b','1986-12-05 07:54:06','2021-07-07 16:16:22'),(693,93,93,'34d134ba11517dee713eff15a003225f','1996-11-13 07:56:01','2021-07-07 16:16:22'),(694,94,94,'1aefb38a15d6f6f191195661cc0a476a','1979-07-09 20:41:10','2021-07-07 16:16:22'),(695,95,95,'1e90d534e94318651fbabded25a238d6','1983-09-29 02:36:06','2021-07-07 16:16:22'),(696,96,96,'994f98449c79c24e4a6ee43d74bcf0c5','1976-07-22 16:42:55','2021-07-07 16:16:22'),(697,97,97,'eb7bd08216b960cfdbed2e700489fb8b','2013-04-27 00:34:00','2021-07-07 16:16:22'),(698,98,98,'4eafad1bc31b3dad3bdf342ca6a5aa63','1998-11-21 05:01:37','2021-07-07 16:16:22'),(699,99,99,'7e7e11f1fb85aaabb89f69eaa8d255f5','2003-08-05 17:50:35','2021-07-07 16:16:22'),(700,100,100,'73704ffd498f8b23b4e2012d5150a636','2000-09-24 11:18:19','2021-07-07 16:16:22'),(701,1,1,'5bf4a8c3eeb0e45a3a2d97920b00844e','1989-08-12 14:33:35','2021-07-07 16:16:22'),(702,2,2,'f009b557e08615bb55f80d1b3d0848b9','1973-09-17 17:51:16','2021-07-07 16:16:22'),(703,3,3,'a5cda8c5c99768932fe2a9fe3d942979','1970-08-22 11:32:49','2021-07-07 16:16:22'),(704,4,4,'5e3b77cd4b311840d79a695c99087898','2010-07-18 04:51:56','2021-07-07 16:16:22'),(705,5,5,'6f6f686efe439fa3cb52ac57d51f1a31','1993-12-16 04:11:40','2021-07-07 16:16:22'),(706,6,6,'1d1f5023891bb00c1149ecdaf7d61a6a','2001-01-24 10:17:30','2021-07-07 16:16:22'),(707,7,7,'f1c9840eb7ac720223c540c839a3ce32','2003-05-04 06:52:41','2021-07-07 16:16:22'),(708,8,8,'1cbdd1c6e61d11ac04bbf71526b0c96f','2012-09-19 01:04:01','2021-07-07 16:16:22'),(709,9,9,'b3296f33fb00cfdfbcd2b840860b18ff','2006-03-09 00:43:50','2021-07-07 16:16:22'),(710,10,10,'1b1b237191322ada7d43b03b92d71dd7','2014-04-08 04:18:11','2021-07-07 16:16:22'),(711,11,11,'d6a927930f0e27322896e26958c0299e','1983-08-24 00:22:29','2021-07-07 16:16:22'),(712,12,12,'cc73df63c3c479b5503388873c293ea6','2005-01-24 08:48:57','2021-07-07 16:16:22'),(713,13,13,'805baca4dbefb28601dcd51164268f7d','2001-01-11 10:44:30','2021-07-07 16:16:22'),(714,14,14,'4b3618edaad206e14dabf2218e341c2e','1993-11-17 01:01:48','2021-07-07 16:16:22'),(715,15,15,'aea1087625c31761114159e463873d84','1978-11-15 07:49:28','2021-07-07 16:16:22'),(716,16,16,'86f82c1d76598d13b9c48ada5adeddce','2016-12-08 14:00:57','2021-07-07 16:16:22'),(717,17,17,'cb7895db9033f64f556c3682f7a6a299','2016-09-26 01:23:08','2021-07-07 16:16:22'),(718,18,18,'1d4bcaa2f7ba8dd2bd75e6c97bd92c3f','1994-04-09 15:19:04','2021-07-07 16:16:22'),(719,19,19,'61113287f4488417c1e30f8b6f7324cd','1973-08-05 18:34:15','2021-07-07 16:16:22'),(720,20,20,'1a24949255bf9efa2362beb44d63f780','1990-06-09 11:50:00','2021-07-07 16:16:22'),(721,21,21,'20c40514364ebae47477a42dd4d9b8c4','2003-12-14 06:50:43','2021-07-07 16:16:22'),(722,22,22,'0ae7b5fd14c36f4fa2ed4111fe52e098','1999-12-31 18:20:09','2021-07-07 16:16:22'),(723,23,23,'fbe34af85ef85e2a6f77afb00d262d40','1999-08-23 21:20:27','2021-07-07 16:16:22'),(724,24,24,'d214fcd2435002f587769b2bff5e737c','2010-01-19 11:15:31','2021-07-07 16:16:22'),(725,25,25,'e0f912ffc4cdad803a2b03ef91727b48','1992-04-01 14:34:34','2021-07-07 16:16:22'),(726,26,26,'443810595776f35507ab25fefae1d7a0','2007-09-20 01:02:20','2021-07-07 16:16:22'),(727,27,27,'d11cb32cfcce596080c059a200eadf69','2012-02-07 12:21:55','2021-07-07 16:16:22'),(728,28,28,'0f75c4a64e2fc8df45413657a145dfb9','2007-02-23 14:01:20','2021-07-07 16:16:22'),(729,29,29,'0009cd714d91f6fd240a4fa0476f931a','2019-10-05 11:08:58','2021-07-07 16:16:22'),(730,30,30,'767cb995eb6391bc2de993d7624c145f','1995-01-25 06:22:21','2021-07-07 16:16:22'),(731,31,31,'193c3bd16e9940dfce56b7d9b140cc77','2004-03-01 12:09:06','2021-07-07 16:16:22'),(732,32,32,'ee3096bfc4ae08d940ed576be4bb7092','2018-07-10 22:44:26','2021-07-07 16:16:22'),(733,33,33,'2d2d283a6a08a4307e07597efe3a9993','2004-04-30 12:13:46','2021-07-07 16:16:22'),(734,34,34,'d26f6fc9f92a7ea66a2911945647a8e2','2019-05-02 06:41:18','2021-07-07 16:16:22'),(735,35,35,'6ef6350b49eec38a381895d051f8ea87','1971-04-19 06:46:14','2021-07-07 16:16:22'),(736,36,36,'7afc26e559416d6b0fd96a9334d48897','1993-03-26 13:11:29','2021-07-07 16:16:22'),(737,37,37,'3621b6a92fd291dc56df4f2964a2230c','2008-08-10 01:19:49','2021-07-07 16:16:22'),(738,38,38,'8945242c42fd2463288310e229b04475','2017-03-02 23:33:51','2021-07-07 16:16:22'),(739,39,39,'5f72129347e54e4a7fe623592f115ee4','1994-11-24 09:58:50','2021-07-07 16:16:22'),(740,40,40,'ee63a61359033d3f154f8422d33f762d','2016-02-24 09:52:15','2021-07-07 16:16:22'),(741,41,41,'221dc3e4c6a43f7fdea45b87bf1b1cf2','2004-07-11 01:45:52','2021-07-07 16:16:22'),(742,42,42,'5de87eec3a2497124d3298c0446ed9ec','2001-05-22 21:01:57','2021-07-07 16:16:22'),(743,43,43,'182dac521ca0772fae2fda3509ba9521','1976-09-04 23:55:07','2021-07-07 16:16:22'),(744,44,44,'dffc1a7eaca02a6a7f50b3849a0b89f7','1990-12-24 04:17:36','2021-07-07 16:16:22'),(745,45,45,'41dc577ed195e9f1970911e3c5a4bc54','1983-02-04 01:45:45','2021-07-07 16:16:22'),(746,46,46,'f39fe15fdc0fbf0fa6799ca5269b0eb8','1988-12-10 04:26:55','2021-07-07 16:16:22'),(747,47,47,'26a8d765f65fbe2a9c4628e68a3adbd3','1985-06-07 08:35:36','2021-07-07 16:16:22'),(748,48,48,'ae1c4f2dafff3c562bb0536dc31f53eb','1980-12-29 22:48:43','2021-07-07 16:16:22'),(749,49,49,'3be136993d34b0d06071c368d4325396','2014-03-25 04:05:09','2021-07-07 16:16:22'),(750,50,50,'764ca7992acd98080b57303c70a710e7','2015-07-29 06:37:36','2021-07-07 16:16:22'),(751,51,51,'fa8267556e2a942a69a8366165096ba8','1992-04-11 15:57:42','2021-07-07 16:16:22'),(752,52,52,'a4507e6f446466bb3b8126c9b2bea883','1982-07-11 05:10:54','2021-07-07 16:16:22'),(753,53,53,'03504e0ac5e103cefbeafa6beda344e6','2001-10-02 14:02:01','2021-07-07 16:16:22'),(754,54,54,'dc6fe5754e972606dbd0329fde8d2240','1979-12-15 06:41:12','2021-07-07 16:16:22'),(755,55,55,'d91e3f2ea7f803de23518a91c941a519','2007-08-06 10:05:36','2021-07-07 16:16:22'),(756,56,56,'78581b0638ac1e54487f68fbc9dca27c','1994-04-12 04:06:43','2021-07-07 16:16:22'),(757,57,57,'7201a62ea605420e4344cd45aa13a160','1991-01-10 20:48:27','2021-07-07 16:16:22'),(758,58,58,'6d3785a53a18fa97aac5b1f17fb8d1eb','1972-10-20 16:00:33','2021-07-07 16:16:22'),(759,59,59,'62123ad453464d398f92dd0d70ead87d','2019-05-08 17:39:38','2021-07-07 16:16:22'),(760,60,60,'d9e4b7cde2ead298ef5633a4efa79099','1997-08-04 12:30:40','2021-07-07 16:16:22'),(761,61,61,'63c5a492e66b493259d40d28286f7f19','1991-12-20 02:28:11','2021-07-07 16:16:22'),(762,62,62,'0a3922303aab8984ed123468d1b45f8d','2019-10-17 08:11:39','2021-07-07 16:16:22'),(763,63,63,'eb3f6b31d59a068940f893e13f8dd26b','1996-12-03 06:23:27','2021-07-07 16:16:22'),(764,64,64,'c95dabd579343e350665681f683d32bf','1989-09-06 18:55:57','2021-07-07 16:16:22'),(765,65,65,'bc58dce14d756dd03d169ac71d3ffd37','1973-03-04 13:34:09','2021-07-07 16:16:22'),(766,66,66,'c23256b4a750b00339da7661f69b2b29','1984-05-16 15:33:43','2021-07-07 16:16:22'),(767,67,67,'78e56009b21dd7c51dc5875369e91e1f','1980-06-08 14:41:11','2021-07-07 16:16:22'),(768,68,68,'fd33705bd8ef9a1054ebd3b95e3ea3a3','1986-08-10 03:15:48','2021-07-07 16:16:22'),(769,69,69,'f5c38f59a27f1a0384681c13c884cab5','1996-05-08 01:02:47','2021-07-07 16:16:22'),(770,70,70,'b9e37c19f20f609233cb7eb9feae78bd','2010-07-07 23:13:22','2021-07-07 16:16:22'),(771,71,71,'75ca09c4a29179e2aaf8b359e7dea374','1996-03-01 02:42:02','2021-07-07 16:16:22'),(772,72,72,'9d5bfd7a6a43ab61168aaebe065fb7cd','2003-03-13 15:38:05','2021-07-07 16:16:22'),(773,73,73,'0d8b425733a24101305305f1fb72f3fd','1972-06-17 18:31:41','2021-07-07 16:16:22'),(774,74,74,'4d2347103256b8116e9c04a57a17fe28','1982-10-17 07:55:09','2021-07-07 16:16:22'),(775,75,75,'6d83aadeddfcc6255b78656173f75e67','1980-12-09 17:59:38','2021-07-07 16:16:22'),(776,76,76,'115d8f53a96c5b0ccb49731737af7014','1998-04-02 07:58:59','2021-07-07 16:16:22'),(777,77,77,'9b582aaffaa3a93de2b0c481d884f408','1989-12-31 19:26:30','2021-07-07 16:16:22'),(778,78,78,'7457db0bbf4ab114abb806f12a1a6f68','2017-11-18 09:53:17','2021-07-07 16:16:22'),(779,79,79,'69c051a913847bcac79bfcc3e9a69f03','2001-02-10 10:16:57','2021-07-07 16:16:22'),(780,80,80,'b288531f6cdc5435b7fc3f8ff6664f3c','2008-01-29 04:57:35','2021-07-07 16:16:22'),(781,81,81,'e08cc5797a42fbace31d026a29d3ace0','1970-07-10 01:05:09','2021-07-07 16:16:22'),(782,82,82,'1d348c310019a0e88a9a9fe4cfc6d1f9','1989-12-17 06:02:04','2021-07-07 16:16:22'),(783,83,83,'5e639e4474bf00f3354afece20a0ff31','1972-03-29 04:07:40','2021-07-07 16:16:22'),(784,84,84,'b74cb6946e1b727f67fe3bc30ceeafd1','1988-09-04 03:21:00','2021-07-07 16:16:22'),(785,85,85,'c377628fa06ad38703e9705739749806','1975-10-22 06:24:35','2021-07-07 16:16:22'),(786,86,86,'e21cf24288daa8a1d7d6619a8589259a','2004-09-19 04:25:57','2021-07-07 16:16:22'),(787,87,87,'f9b924164e2e602bc5a05fde4ef24be0','1987-04-14 18:54:06','2021-07-07 16:16:22'),(788,88,88,'7f1d9f957d0fb699354bcb6211895c64','1970-01-05 21:58:57','2021-07-07 16:16:22'),(789,89,89,'70747c25aad67e36293db7655ed4404a','2019-06-02 04:53:32','2021-07-07 16:16:22'),(790,90,90,'beec2c0e87c57269c60daa579b6d880e','2002-12-12 11:51:45','2021-07-07 16:16:22'),(791,91,91,'a71565196415aa58339931fcd8cf62d6','2013-11-12 17:59:40','2021-07-07 16:16:22'),(792,92,92,'2e18cb4bed894147045a778a132f63e1','1974-01-14 04:17:52','2021-07-07 16:16:22'),(793,93,93,'4b0be94c26ebfdc279e3854e5eaa3bc4','1997-06-26 14:04:06','2021-07-07 16:16:22'),(794,94,94,'2034e716fae85e4384424fc341a67541','1975-04-17 15:56:22','2021-07-07 16:16:22'),(795,95,95,'ba8f9fcbfb4d5de92e10cf64a3baeee2','2009-10-25 14:41:35','2021-07-07 16:16:22'),(796,96,96,'02ed5b8c9e0ee5a5b1bd7975b88a9352','2012-08-15 10:02:49','2021-07-07 16:16:22'),(797,97,97,'8cdb4f23b2fa49245cf28be416572135','1994-09-07 21:03:43','2021-07-07 16:16:22'),(798,98,98,'d42b751148fbe844b1593f31e34bb0f9','1997-01-20 16:43:00','2021-07-07 16:16:22'),(799,99,99,'23a352e6d4fb3ceece1e7547d9668f2f','1977-02-13 10:14:05','2021-07-07 16:16:22'),(800,100,100,'978d73d86cc1c912749b06d4ea828a3b','1971-12-23 13:30:04','2021-07-07 16:16:22'),(801,1,1,'391454ef5cb0835dcca2c6c38fb4cc4a','2013-07-06 01:07:07','2021-07-07 16:16:22'),(802,2,2,'4dc43939af8dfa85e14bbb439fa5f3f6','1980-12-07 17:35:08','2021-07-07 16:16:22'),(803,3,3,'dc022f91acbe9209c38f07db60fef155','1978-08-05 00:03:38','2021-07-07 16:16:22'),(804,4,4,'4c17e970bf8c3da80a20b54f3fb02b7f','1997-12-02 23:28:21','2021-07-07 16:16:22'),(805,5,5,'d410cb50fa6ac9e347e3ba2904f2825f','1994-03-04 06:35:42','2021-07-07 16:16:22'),(806,6,6,'e26ffe3940258561d4867ff35a8ee12a','1991-04-03 08:34:01','2021-07-07 16:16:22'),(807,7,7,'0d82e8a1b0174958b7283a40182ec821','1976-02-14 15:04:37','2021-07-07 16:16:22'),(808,8,8,'78d32e5ec1b6ef3870e173070028b403','1992-02-22 14:39:50','2021-07-07 16:16:22'),(809,9,9,'756ab3462700e60a2017bc073e7b6e47','2015-05-25 16:47:12','2021-07-07 16:16:22'),(810,10,10,'a7553fe200eb29ee3caaf34fa7f06e5f','1976-11-05 06:54:54','2021-07-07 16:16:22'),(811,11,11,'076bb6bfafeee7208851f2fda9b9189f','2005-05-12 22:03:19','2021-07-07 16:16:22'),(812,12,12,'a656e05329fcad5057ae08572740d394','2013-02-16 14:36:21','2021-07-07 16:16:22'),(813,13,13,'7695d7aa8897dc709ee4170def1912ab','1983-02-17 23:30:35','2021-07-07 16:16:22'),(814,14,14,'6041fb17d67f83c41a72cbd72dd630e6','1976-09-29 01:49:18','2021-07-07 16:16:22'),(815,15,15,'e9120e6d8faa3f6b90f55b24385cfa70','2000-01-08 09:09:46','2021-07-07 16:16:22'),(816,16,16,'de72d51ed91dd8c3aee06c0b94e7aa4e','1994-04-04 04:34:09','2021-07-07 16:16:22'),(817,17,17,'cb41c15e4d1e32d556cdf6a1bd0aedd0','1992-03-05 19:06:06','2021-07-07 16:16:22'),(818,18,18,'ebcd213d40202268c7f0c294774cad63','2007-03-21 17:15:07','2021-07-07 16:16:22'),(819,19,19,'64a7b2531ddd9363876f8b4d8f105319','1987-06-14 12:18:41','2021-07-07 16:16:22'),(820,20,20,'7957bdc4421c090fca3adce96114579b','2013-11-24 16:36:51','2021-07-07 16:16:22'),(821,21,21,'22179940f1f8dd56ab4c3715f53fff8f','1979-11-26 11:12:47','2021-07-07 16:16:22'),(822,22,22,'aa7d9af15e27646ac85f752fc469b61f','1990-11-17 00:01:06','2021-07-07 16:16:22'),(823,23,23,'f5ed021ed63d456d6687609e64e8255f','1992-04-07 17:22:04','2021-07-07 16:16:22'),(824,24,24,'3e14be4d10b34469b8fd45afa81484d9','2009-10-23 01:42:29','2021-07-07 16:16:22'),(825,25,25,'389fb703b9a80c3aaa986ab9c3e300bb','1998-12-18 09:02:02','2021-07-07 16:16:22'),(826,26,26,'706534f951a4b64e0787d47e464fc25c','2011-06-30 05:24:37','2021-07-07 16:16:22'),(827,27,27,'9c53f1e130a759a9b106a126d5e3d675','1990-02-11 12:17:54','2021-07-07 16:16:22'),(828,28,28,'cb67d2d788b0f2c5e930d6af48a70886','2006-03-16 15:09:57','2021-07-07 16:16:22'),(829,29,29,'5667a762ccc3c8bbdca27bace5c4f8c7','2009-02-05 11:48:59','2021-07-07 16:16:22'),(830,30,30,'c2bb46a4436afdd5fadf48f46b3c1ab3','2019-12-12 22:39:34','2021-07-07 16:16:22'),(831,31,31,'e0cbc7eca380dd19481fa6f76571a349','1988-02-17 04:33:22','2021-07-07 16:16:22'),(832,32,32,'ad8755bf4fabe556ac8966894af6793b','2016-12-12 16:39:40','2021-07-07 16:16:22'),(833,33,33,'4409d767558a13d01ec307017a8e51da','1971-06-26 14:54:41','2021-07-07 16:16:22'),(834,34,34,'aa2e9163b2e3d5afb330e170ff116bf5','1986-03-05 05:37:44','2021-07-07 16:16:22'),(835,35,35,'14183efa9595a32ecacff88ca9c69e24','1994-05-22 21:35:25','2021-07-07 16:16:22'),(836,36,36,'a0318b31e463cc35a8abe7352f5d55e1','2015-10-25 18:12:18','2021-07-07 16:16:22'),(837,37,37,'e56a3764cfd08cc0182a462bdad2134a','1978-01-12 07:04:55','2021-07-07 16:16:22'),(838,38,38,'84163e0d67ba688ab8e8d9bcd2aa8ad9','1980-03-23 17:10:09','2021-07-07 16:16:22'),(839,39,39,'442af27b1550cd428af2e9452081c62a','1989-09-30 23:51:57','2021-07-07 16:16:22'),(840,40,40,'3783227c37c46902f0fd7f1fde5c0849','1989-02-04 06:16:49','2021-07-07 16:16:22'),(841,41,41,'ccaaee1f801da66b3e2a7b2b09a24814','1979-06-14 23:43:31','2021-07-07 16:16:22'),(842,42,42,'106f6abd25dbe76fb6c8f6ec16729792','2017-11-20 02:22:40','2021-07-07 16:16:22'),(843,43,43,'3307bd1b3e21441554d39c5b648a320b','1982-08-29 14:04:57','2021-07-07 16:16:22'),(844,44,44,'f6e8780846953f71269415e660e637da','1990-07-11 18:31:20','2021-07-07 16:16:22'),(845,45,45,'1107bf35ba8ce869a0739052a2a04bf5','2011-02-17 23:45:16','2021-07-07 16:16:22'),(846,46,46,'9fd96742fed6810b6973051a51d02404','1992-04-24 01:50:53','2021-07-07 16:16:22'),(847,47,47,'74d446dd7953f09070c082ce4b479285','2014-01-14 16:54:08','2021-07-07 16:16:22'),(848,48,48,'fcde28d1578b6f67c29a21a00e50efff','1992-03-05 01:07:29','2021-07-07 16:16:22'),(849,49,49,'4a938650aad88721ec59132c8f9990de','1977-04-07 08:09:49','2021-07-07 16:16:22'),(850,50,50,'77eb011f989426c666c09dcf8989c41e','2016-08-29 02:58:32','2021-07-07 16:16:22'),(851,51,51,'616468ffa2cef4e86bd09f966f5d7c34','2006-06-05 22:39:25','2021-07-07 16:16:22'),(852,52,52,'d6074e33160db7e9de97715db4b57280','1984-06-23 12:51:20','2021-07-07 16:16:22'),(853,53,53,'6e75b7457d25f4527f5697ff14937240','2015-03-19 21:29:16','2021-07-07 16:16:22'),(854,54,54,'b0779f6e3e427cf3ee3421622b5e468c','1986-05-11 08:24:26','2021-07-07 16:16:22'),(855,55,55,'f5d26224baa90f73ce7b77ea10914e15','2011-11-08 17:12:18','2021-07-07 16:16:22'),(856,56,56,'903502292898618a3fa9510146d3e261','1982-08-05 17:04:58','2021-07-07 16:16:22'),(857,57,57,'49be0f16eb709e819698826e66b6713e','1991-05-21 15:37:32','2021-07-07 16:16:22'),(858,58,58,'f9d1772f568786cae69fd9f6274f26b0','1980-12-09 02:03:09','2021-07-07 16:16:22'),(859,59,59,'e7afca7b328a03fee3a201a5002d3ca2','1999-05-27 00:15:04','2021-07-07 16:16:22'),(860,60,60,'83b7bd337b577ad222861e65379e2e89','1997-10-16 06:46:55','2021-07-07 16:16:22'),(861,61,61,'3e392f064569a5a3897c9be73a80f3dd','2014-04-08 05:30:16','2021-07-07 16:16:22'),(862,62,62,'c9d4d13ab5347c6d33b6132b4adbdc89','2021-04-11 00:10:27','2021-07-07 16:16:22'),(863,63,63,'6b42b4212ef1f0f94156b72412b8af49','1970-05-25 08:32:19','2021-07-07 16:16:22'),(864,64,64,'90aaf36421216b876623592499edaf4f','1990-07-12 14:43:26','2021-07-07 16:16:22'),(865,65,65,'b20c3e7c18791b8e542b1c6011359ba0','1991-02-05 20:16:37','2021-07-07 16:16:22'),(866,66,66,'02da0df2529ea043711a64819365ca02','2013-01-25 11:30:46','2021-07-07 16:16:22'),(867,67,67,'2aa7b7e566119f6d061e6f2dc3fba855','2012-03-24 20:17:47','2021-07-07 16:16:22'),(868,68,68,'6621a3e19192558041324055ef439d8a','1973-07-13 12:17:53','2021-07-07 16:16:22'),(869,69,69,'5ed2bfafd5a69ce3c1d042d9d1c68d8e','2007-06-01 17:25:19','2021-07-07 16:16:22'),(870,70,70,'d8cf6fc1d497a67e7465d3a97a0ec4b5','2021-07-02 20:47:38','2021-07-07 16:16:22'),(871,71,71,'4b10ed0b9e4ddad17437416661e33f75','1976-09-24 05:47:17','2021-07-07 16:16:22'),(872,72,72,'1cacb35f16e4c4eb6bfc4465fcd1b113','2003-10-26 02:52:11','2021-07-07 16:16:22'),(873,73,73,'d80f9a0fd2ed4d765181a0d3976c38e5','1987-10-29 14:53:02','2021-07-07 16:16:22'),(874,74,74,'a766212da566f1c0e6a60a94951d4f25','1989-11-11 13:04:23','2021-07-07 16:16:22'),(875,75,75,'32c4c7fdb5acf426a2af4647261c00e7','1993-05-07 11:05:43','2021-07-07 16:16:22'),(876,76,76,'0ff99735d68e6fdb906be02f463304de','2013-04-15 02:56:36','2021-07-07 16:16:22'),(877,77,77,'f4174a323d9f6fc041c17594ee655ec0','1999-03-04 00:42:00','2021-07-07 16:16:22'),(878,78,78,'a2de88c1849ef62e5e167c2fa198fca0','2008-12-02 21:34:14','2021-07-07 16:16:22'),(879,79,79,'069fa7a9bfa1ad6251a57056d7640ae7','1970-12-13 14:21:12','2021-07-07 16:16:22'),(880,80,80,'ecf37595fe679e2b9dc83ffa78fb8bff','2016-02-14 21:37:43','2021-07-07 16:16:22'),(881,81,81,'dd64956fcd4f55257000608353aeba52','1993-07-09 04:00:50','2021-07-07 16:16:22'),(882,82,82,'1e1dba9dd3b2674b601ce5020d7a54f0','2016-11-05 22:47:06','2021-07-07 16:16:22'),(883,83,83,'b29a8dc3d35b1e410957119974b6f26f','1970-08-27 21:55:17','2021-07-07 16:16:22'),(884,84,84,'25ce25cbc634beebaa2d9cd32bdde81c','1981-06-06 23:46:36','2021-07-07 16:16:22'),(885,85,85,'bd122f960816b9fd91ade13e856c6542','1974-06-20 04:40:17','2021-07-07 16:16:22'),(886,86,86,'4f7b8b9d07e9270a7ad3fb93ecc58f4d','2008-02-16 20:49:08','2021-07-07 16:16:22'),(887,87,87,'4e30685762b814dd04f681ba4a16fc05','2016-01-01 17:36:49','2021-07-07 16:16:22'),(888,88,88,'2284f1672e9ce4ecdd4fdf5454e6be85','1986-11-23 08:48:42','2021-07-07 16:16:22'),(889,89,89,'8e1b7282f718355490dfda8b89496273','1993-03-28 14:17:58','2021-07-07 16:16:22'),(890,90,90,'bf1cf0e78d00686244d279d0b1bec438','2002-01-02 10:26:53','2021-07-07 16:16:22'),(891,91,91,'e9b7dca95a26ab83a92291993314cf5e','1988-01-03 18:54:09','2021-07-07 16:16:22'),(892,92,92,'e3f3a929f6362e2966d175491d14eb6c','2004-06-18 19:32:39','2021-07-07 16:16:22'),(893,93,93,'ee8b3a291f2779965931b1204ab7c0cd','1988-06-05 17:04:57','2021-07-07 16:16:22'),(894,94,94,'8200190b84d87739a970dcd41902f5dc','1980-05-27 09:18:43','2021-07-07 16:16:22'),(895,95,95,'f1c5cc5cc62cdd793ffab40ca80591a6','2018-04-07 21:29:49','2021-07-07 16:16:22'),(896,96,96,'b440a289a4f2d5b88cb35226f39dfa8c','1974-04-09 01:38:08','2021-07-07 16:16:22'),(897,97,97,'5028372fd4f3a160242301ee469aaa94','2018-09-03 10:00:54','2021-07-07 16:16:22'),(898,98,98,'ab8531ab2a6fb64f5a58421c3cfd31a9','1973-12-18 17:32:14','2021-07-07 16:16:22'),(899,99,99,'8a981a0b35d5f8d028ec6f17b33c8299','2012-12-03 11:15:20','2021-07-07 16:16:22'),(900,100,100,'1032ed4ebd3e07376d6442916e00082a','2008-10-25 05:09:37','2021-07-07 16:16:22'),(901,1,1,'13771071316f894174b3d4ee3b18fa09','1996-01-25 15:19:50','2021-07-07 16:16:22'),(902,2,2,'15e9c8c71d998ab0f74608cd21c9087b','1995-07-14 02:58:24','2021-07-07 16:16:22'),(903,3,3,'7c58d21dd8f7ba1b1ea522b4b10393d1','1996-03-17 00:59:55','2021-07-07 16:16:22'),(904,4,4,'60eecccb565c021908ce14a40145c3e1','2006-12-26 08:02:09','2021-07-07 16:16:22'),(905,5,5,'5cc4b71d16a51f34e0754a83443b04b2','1976-02-01 21:52:59','2021-07-07 16:16:22'),(906,6,6,'11fbb28347d779194a4c5f481b39bf21','1980-12-15 17:54:36','2021-07-07 16:16:22'),(907,7,7,'8e27e766242006248e1c14efff0e0344','1978-01-12 20:03:25','2021-07-07 16:16:22'),(908,8,8,'dc92f9f82f88e5b83538bcd680580078','1973-01-17 14:02:29','2021-07-07 16:16:22'),(909,9,9,'3e06c4ff290eb005589e35d5dd6181ac','1986-02-01 11:11:26','2021-07-07 16:16:22'),(910,10,10,'fc8a178ef0efaaa63fc39f945125f0fe','1981-06-04 23:10:43','2021-07-07 16:16:22'),(911,11,11,'d36ba3ad297347c87715001618ce4b85','1977-02-25 11:28:18','2021-07-07 16:16:22'),(912,12,12,'26e685cf698041c6a069ab17a55b1667','1993-12-28 22:05:09','2021-07-07 16:16:22'),(913,13,13,'4801ec7287611719e29477542408013d','1992-01-03 21:02:50','2021-07-07 16:16:22'),(914,14,14,'11bfaaabe3bd64bce9bca2b176a604b2','1985-01-30 02:04:44','2021-07-07 16:16:22'),(915,15,15,'34005395e3446e7fce372b5c8a34d479','2003-10-16 12:44:12','2021-07-07 16:16:22'),(916,16,16,'fbe4ed95ca11a79b0621814e83d1577f','1988-05-18 04:29:13','2021-07-07 16:16:22'),(917,17,17,'9ad264aaed4109382c3e45c8110be0ab','1976-11-19 13:13:36','2021-07-07 16:16:22'),(918,18,18,'6547893e5815b59eaa871f4070fe27d2','1985-04-17 08:54:11','2021-07-07 16:16:22'),(919,19,19,'dad500bb14fff145b9bd3a4b058bec69','2007-08-14 13:41:32','2021-07-07 16:16:22'),(920,20,20,'c6622c10e9d4871d4176fcb5165e44bf','2018-12-29 20:21:58','2021-07-07 16:16:22'),(921,21,21,'15f0a2402bb007ec86d286613bfeb5da','2015-03-10 10:48:48','2021-07-07 16:16:22'),(922,22,22,'6481436c14fcccd0504fa8c8cf48c086','2012-04-06 13:16:55','2021-07-07 16:16:22'),(923,23,23,'2cbd2a93c7d0e760c95e4a7381381058','1977-05-25 19:09:09','2021-07-07 16:16:22'),(924,24,24,'9b6535f1231b00d3ffb5c35ce5ac29f1','2009-06-18 20:49:47','2021-07-07 16:16:22'),(925,25,25,'8aa396e3ad43fd7d69160367d8dd5872','1996-08-18 13:28:11','2021-07-07 16:16:22'),(926,26,26,'8de85f7e48a45f88e7483dc07c5fb71a','2012-10-03 09:14:49','2021-07-07 16:16:22'),(927,27,27,'6f4e79d6cde99388b54cbd391ba531e1','2015-02-08 19:42:03','2021-07-07 16:16:22'),(928,28,28,'4d41d8618800a85eea9d3bb43242be12','1977-09-17 20:22:32','2021-07-07 16:16:22'),(929,29,29,'f7a442a02a7e23f1262df8f53b8707b5','1977-07-12 19:33:56','2021-07-07 16:16:22'),(930,30,30,'0711160920a1ff1a041f72aed97cbe88','1972-02-18 14:24:11','2021-07-07 16:16:22'),(931,31,31,'8e3e3ab6252ea36dd190b8c67a05513b','1995-03-28 04:13:16','2021-07-07 16:16:22'),(932,32,32,'fd83738d36177244f196d8377a16f035','2002-09-25 09:43:42','2021-07-07 16:16:22'),(933,33,33,'711d371ec2417f0d6bd2e66d4f34e187','1991-06-14 01:57:11','2021-07-07 16:16:22'),(934,34,34,'001275337240667f779012fdf25f4ff1','1993-07-15 13:54:57','2021-07-07 16:16:22'),(935,35,35,'dbf5df0cbc08f3be70813eb74356a5fa','1990-08-08 05:54:18','2021-07-07 16:16:22'),(936,36,36,'637fb41f9331766b482424ee82d1bc8e','1976-01-04 02:06:41','2021-07-07 16:16:22'),(937,37,37,'ff90774272affe66fef79945bc6aa7ac','1991-09-21 01:45:06','2021-07-07 16:16:22'),(938,38,38,'6360b6ac20027fb55d66cd43c26dfa04','2001-06-13 08:28:16','2021-07-07 16:16:22'),(939,39,39,'20ccc6c9805d2e22beadbf82aaa747e8','2010-06-04 06:15:32','2021-07-07 16:16:22'),(940,40,40,'489a77d4a068675ca933b766ef78774c','1992-04-28 08:56:43','2021-07-07 16:16:22'),(941,41,41,'aa6e5c2b6329e90ae26111db43f86f5f','2012-07-11 21:48:43','2021-07-07 16:16:22'),(942,42,42,'93793be61c01d15aae5f2712eff3fb4c','2002-10-31 05:23:42','2021-07-07 16:16:22'),(943,43,43,'db10e49d3edede5bdd9ae0ea20cabf20','1990-10-28 02:13:06','2021-07-07 16:16:22'),(944,44,44,'54c28589182b5c78c882f92edda9baf8','1978-10-29 15:01:16','2021-07-07 16:16:22'),(945,45,45,'2e93a823f73e2af20573cc3d5d058c68','2011-12-02 02:52:25','2021-07-07 16:16:22'),(946,46,46,'dbd19cef58362cebb9243317f8585e02','2003-07-31 22:20:39','2021-07-07 16:16:22'),(947,47,47,'440b74ff7e310abb7ae64b1f602086d6','1973-04-18 07:11:28','2021-07-07 16:16:22'),(948,48,48,'237168f0063541f2aca31cbabe3df71d','1986-01-28 08:55:07','2021-07-07 16:16:22'),(949,49,49,'af71a4dcf31bc7b2cd83e9a9f7a3088d','2006-07-30 07:19:38','2021-07-07 16:16:22'),(950,50,50,'f584dea3a15be33f99bf50d5f0d6545e','1975-12-24 20:55:18','2021-07-07 16:16:22'),(951,51,51,'0ec98cc6f87f49a575e7040c31e05632','2017-05-03 21:43:52','2021-07-07 16:16:22'),(952,52,52,'acfe3c93911454db0a3167dae11921b5','1975-04-09 00:23:19','2021-07-07 16:16:22'),(953,53,53,'94d9ef3645e1c4da16b97e186094d167','2001-04-16 05:38:10','2021-07-07 16:16:22'),(954,54,54,'cb6f3bb6d87bf522c048c506609bc389','2003-10-10 16:45:20','2021-07-07 16:16:22'),(955,55,55,'f13101c4ec60cf2273d04ebf01d7e9fe','1978-06-02 13:12:06','2021-07-07 16:16:22'),(956,56,56,'b065982e7fb758c78a7c2a3634ae219f','1989-09-23 05:26:58','2021-07-07 16:16:22'),(957,57,57,'5cde4da46877fbfd6fce4837bc4d2791','1991-09-03 13:36:14','2021-07-07 16:16:22'),(958,58,58,'05219b23be35eeeeffaa6cea2e87cce7','1985-11-15 20:10:49','2021-07-07 16:16:22'),(959,59,59,'9f389e6959091290276941f65fc52564','1977-11-01 15:09:00','2021-07-07 16:16:22'),(960,60,60,'7ee393c8092d27f630e10143688ddf1a','1983-01-06 17:51:10','2021-07-07 16:16:22'),(961,61,61,'554f128c0a39bc3f1981de1c9ae9533e','2006-09-12 16:10:01','2021-07-07 16:16:22'),(962,62,62,'5f176d8ed0a521d63b22d270122ed675','2002-02-03 21:31:59','2021-07-07 16:16:22'),(963,63,63,'7d57c0fe98fdff713fce8253810db294','1986-08-30 04:07:47','2021-07-07 16:16:22'),(964,64,64,'9e0b853de51741678a86e9cd4ad0a8e6','2015-09-19 07:55:29','2021-07-07 16:16:22'),(965,65,65,'eea15a6872f94af44bf21e8082f239de','1988-07-04 11:18:30','2021-07-07 16:16:22'),(966,66,66,'ae6a482b319a168e08a20bbb683614b6','1991-08-02 23:44:52','2021-07-07 16:16:22'),(967,67,67,'e745d341c687dd80a720fa1e0ddda02e','2002-04-23 21:32:25','2021-07-07 16:16:22'),(968,68,68,'dab96015eabf28e6d9b45e5986490bf3','1974-11-18 12:09:01','2021-07-07 16:16:22'),(969,69,69,'5bf922859660c7f34ccbc2a978a3e9c7','2015-04-20 08:49:36','2021-07-07 16:16:22'),(970,70,70,'61455d39f2c9a5bc10658f25430fe321','2015-12-11 13:10:44','2021-07-07 16:16:22'),(971,71,71,'95bc0570780bf3554b8784dc36705eb8','2018-05-11 03:28:54','2021-07-07 16:16:22'),(972,72,72,'bca32eb86bdddf28ca01850359acd815','1985-04-06 16:47:46','2021-07-07 16:16:22'),(973,73,73,'250a4656c635774c61fa2d992f0f4d91','2010-09-07 20:16:55','2021-07-07 16:16:22'),(974,74,74,'225afa644776b858218f54bb6b5a2010','1979-01-17 03:42:25','2021-07-07 16:16:22'),(975,75,75,'baf4cba4b417aef0456f8783ed10f93a','2005-10-12 10:32:31','2021-07-07 16:16:22'),(976,76,76,'a31759897ac5ff2722d7b35a06970026','1990-10-30 04:27:34','2021-07-07 16:16:22'),(977,77,77,'7014f66cb8f0abdf5fd65f2d18da7a72','2019-11-28 12:47:22','2021-07-07 16:16:22'),(978,78,78,'1c598d555317df6402cef653e070e2e7','2002-01-18 05:03:53','2021-07-07 16:16:22'),(979,79,79,'91ef0500ea498a086d61fd0c02a48966','1992-04-25 19:48:29','2021-07-07 16:16:22'),(980,80,80,'8392373ffebbeba1c9a8b8ad10d23efc','1999-09-14 07:17:55','2021-07-07 16:16:22'),(981,81,81,'31c3a29a01197eb8f2357295f83518de','2007-11-02 11:54:00','2021-07-07 16:16:22'),(982,82,82,'f446f372ecd27ca7065c438d107343a9','1983-05-31 23:00:53','2021-07-07 16:16:22'),(983,83,83,'31e07f5c84cccbcf1f145e745db3ded0','1972-01-05 09:28:14','2021-07-07 16:16:22'),(984,84,84,'8842e03aaaa6da0a4d58f09582c38738','1976-10-20 08:55:25','2021-07-07 16:16:22'),(985,85,85,'935989a3b0c880035402576c6878bed0','2021-05-09 18:50:37','2021-07-07 16:16:22'),(986,86,86,'fc958acd7c69daddc0588b3b0b0ff14e','1977-02-27 04:34:17','2021-07-07 16:16:22'),(987,87,87,'9fadc561663d3ee0d21beee0de557358','1984-09-03 23:31:46','2021-07-07 16:16:22'),(988,88,88,'b24f6c43b03895582d99d3ac39a2eaa1','1986-06-01 11:06:42','2021-07-07 16:16:22'),(989,89,89,'7abbc98debdde20d0c8f4e3a698f17c5','1986-06-14 05:58:49','2021-07-07 16:16:22'),(990,90,90,'59cd17f87f026c2e61d2ad859b24ed38','2016-02-17 00:30:29','2021-07-07 16:16:22'),(991,91,91,'6a09b25da881bcc31302ba574dc06870','1971-04-06 14:03:54','2021-07-07 16:16:22'),(992,92,92,'02fa44ce2e5c94a54d5dc5686a577e4b','2009-09-03 16:10:30','2021-07-07 16:16:22'),(993,93,93,'c02d8ca80c1d083205cc0380360b0739','2016-03-13 09:24:14','2021-07-07 16:16:22'),(994,94,94,'368b131ddf52a63f2748f2fe5261985f','1998-01-02 00:17:13','2021-07-07 16:16:22'),(995,95,95,'1b0bbb4efab3a0ee7b58d78474719b68','2018-12-21 11:36:40','2021-07-07 16:16:22'),(996,96,96,'123be47c8d5d92bcb7adc4ebb6361577','2001-01-27 15:07:40','2021-07-07 16:16:22'),(997,97,97,'54c721f3af2a86332f99bf91349738c9','1980-03-25 03:45:15','2021-07-07 16:16:22'),(998,98,98,'ba8f0960bdbf17fcd4143c68d1b086dc','2001-04-15 03:53:10','2021-07-07 16:16:22'),(999,99,99,'c3b10e6103d27f0b781c066bf29e0f7a','1977-11-12 10:54:17','2021-07-07 16:16:22'),(1000,100,100,'ee3f0ca71080393247d013be93e96537','1999-06-19 22:51:04','2021-07-07 16:16:22');
/*!40000 ALTER TABLE `posts` ENABLE KEYS */;
UNLOCK TABLES;

--
-- Table structure for table `posts_media`
--

DROP TABLE IF EXISTS `posts_media`;
/*!40101 SET @saved_cs_client     = @@character_set_client */;
/*!50503 SET character_set_client = utf8mb4 */;
CREATE TABLE `posts_media` (
  `post_id` int unsigned NOT NULL COMMENT 'Ссылка на идентификатор поста',
  `media_id` int unsigned NOT NULL COMMENT 'Ссылка на идентификатор медиа',
  `created_at` datetime DEFAULT CURRENT_TIMESTAMP COMMENT 'Время создания строки',
  `updated_at` datetime DEFAULT CURRENT_TIMESTAMP ON UPDATE CURRENT_TIMESTAMP COMMENT 'Время обновления строки',
  PRIMARY KEY (`post_id`,`media_id`),
  KEY `fk_pm_media_id` (`media_id`),
  CONSTRAINT `fk_pm_media_id` FOREIGN KEY (`media_id`) REFERENCES `media` (`id`),
  CONSTRAINT `fk_pm_post_id` FOREIGN KEY (`post_id`) REFERENCES `posts` (`id`)
) ENGINE=InnoDB DEFAULT CHARSET=utf8mb4 COLLATE=utf8mb4_0900_ai_ci COMMENT='Связь постов и медиа';
/*!40101 SET character_set_client = @saved_cs_client */;

--
-- Dumping data for table `posts_media`
--

LOCK TABLES `posts_media` WRITE;
/*!40000 ALTER TABLE `posts_media` DISABLE KEYS */;
INSERT INTO `posts_media` VALUES (1,1,'2020-09-20 16:35:04','2014-02-07 17:56:51'),(2,2,'2003-06-16 08:24:46','1974-08-04 00:45:51'),(3,3,'1971-10-26 18:10:05','1996-10-06 06:19:00'),(4,4,'1986-02-25 01:25:44','1976-06-21 07:28:16'),(5,5,'1989-03-22 21:19:26','2006-07-06 08:17:32'),(6,6,'2001-03-14 23:04:12','1972-05-11 08:50:17'),(7,7,'1976-12-01 00:32:10','2015-05-20 23:17:54'),(8,8,'2000-09-23 17:18:13','2005-02-02 16:19:14'),(9,9,'1994-09-14 06:42:55','1993-04-23 13:10:36'),(10,10,'1972-08-06 02:56:31','1977-05-30 12:34:23'),(11,11,'2018-11-19 23:46:29','1981-02-18 20:18:45'),(12,12,'1996-02-21 23:39:44','1972-09-14 05:05:06'),(13,13,'1998-08-15 13:17:39','2006-10-10 15:58:58'),(14,14,'2017-09-25 16:51:21','1999-07-15 07:14:28'),(15,15,'2014-07-03 21:49:19','1984-11-23 22:29:30'),(16,16,'2014-07-19 03:19:56','2007-04-01 23:08:38'),(17,17,'2010-05-24 06:51:37','1971-06-16 07:26:01'),(18,18,'1998-04-24 14:17:24','2010-07-11 09:18:11'),(19,19,'2001-03-17 06:50:20','1980-10-06 05:16:07'),(20,20,'2005-04-29 04:48:44','1970-08-21 07:37:10'),(21,21,'1971-07-04 12:23:36','1984-07-21 08:34:56'),(22,22,'2010-09-15 08:40:50','1990-02-04 10:30:22'),(23,23,'2005-09-04 09:55:10','2012-10-02 23:27:18'),(24,24,'2000-09-03 21:02:02','1998-05-26 09:00:53'),(25,25,'1984-03-11 20:12:02','1979-09-04 21:51:11'),(26,26,'1992-10-31 06:50:04','2018-10-13 21:16:20'),(27,27,'2000-09-29 23:24:32','1999-04-30 06:28:33'),(28,28,'1993-11-23 23:15:46','1997-01-24 19:52:54'),(29,29,'2018-02-15 19:53:00','2012-06-07 03:15:42'),(30,30,'1970-01-20 21:29:45','2003-08-25 18:00:11'),(31,31,'1980-04-18 14:57:40','1972-10-22 16:49:45'),(32,32,'1999-11-05 03:18:03','1994-07-20 08:56:32'),(33,33,'2011-04-25 01:50:13','1983-10-06 04:15:34'),(34,34,'2015-06-09 22:19:37','1990-11-28 10:00:43'),(35,35,'2012-08-20 23:23:33','2019-08-14 17:15:27'),(36,36,'1988-11-06 11:01:24','2015-02-04 02:41:58'),(37,37,'2007-03-06 03:54:47','1983-07-03 21:14:16'),(38,38,'2006-02-25 13:47:10','1970-06-13 16:55:29'),(39,39,'2015-05-14 03:27:02','1974-04-09 05:38:00'),(40,40,'2014-01-09 07:19:00','1972-01-19 19:40:38'),(41,41,'2008-05-05 04:03:12','1982-04-07 07:49:05'),(42,42,'1984-12-07 12:54:20','1980-07-28 11:35:52'),(43,43,'2006-12-28 03:08:35','1988-01-11 20:12:51'),(44,44,'2010-05-08 12:20:06','1988-07-22 01:57:47'),(45,45,'1988-02-09 20:55:54','1987-07-05 12:57:34'),(46,46,'1990-10-26 18:20:38','1998-08-29 01:23:01'),(47,47,'2007-01-04 03:15:37','1992-12-16 15:20:34'),(48,48,'2019-08-17 17:06:38','1975-03-11 19:58:00'),(49,49,'2019-11-26 14:25:41','1996-09-01 00:18:44'),(50,50,'2007-01-30 06:14:07','1980-10-05 09:29:05'),(51,51,'2001-07-12 03:42:02','2011-09-01 01:12:04'),(52,52,'1982-09-10 11:10:25','1985-12-22 09:05:15'),(53,53,'2005-03-29 23:29:06','1990-04-16 15:07:06'),(54,54,'1970-08-06 19:01:34','1981-02-28 02:19:29'),(55,55,'2001-01-23 06:31:12','2015-07-05 00:16:42'),(56,56,'2015-10-23 08:49:19','1995-07-05 07:12:59'),(57,57,'2019-05-22 11:45:42','1975-07-29 08:06:55'),(58,58,'1973-02-16 19:38:21','1984-10-22 10:06:29'),(59,59,'1971-10-19 17:59:59','1988-10-14 16:26:39'),(60,60,'2014-11-17 20:51:57','1982-07-23 00:09:57'),(61,61,'1987-06-22 15:59:52','2018-02-26 19:26:23'),(62,62,'1997-12-23 13:42:13','2003-04-07 23:19:00'),(63,63,'2011-10-08 01:19:44','1999-09-08 11:28:22'),(64,64,'1982-11-04 01:35:36','2018-08-23 09:31:35'),(65,65,'1990-05-26 12:27:37','2007-05-21 14:14:59'),(66,66,'2005-03-23 04:39:01','1979-02-03 19:59:04'),(67,67,'1977-04-01 13:53:04','2005-07-06 16:05:33'),(68,68,'1991-12-24 09:44:28','2017-10-30 09:51:50'),(69,69,'2010-03-04 04:05:45','1981-04-25 06:49:46'),(70,70,'1987-05-18 01:09:13','2000-08-18 02:12:10'),(71,71,'1991-05-06 01:32:03','1976-01-29 06:49:39'),(72,72,'1975-04-17 15:10:21','1978-01-11 07:50:57'),(73,73,'1973-11-22 09:44:37','2003-01-19 11:21:44'),(74,74,'1989-04-03 05:40:06','2019-01-25 07:06:32'),(75,75,'2020-10-26 05:57:04','2016-11-09 14:51:51'),(76,76,'1996-07-18 12:50:26','1980-09-17 07:44:09'),(77,77,'2001-02-05 01:18:45','1990-05-05 21:07:11'),(78,78,'1987-01-31 02:27:56','2007-06-13 13:15:32'),(79,79,'1990-10-29 18:30:46','1994-07-20 21:47:47'),(80,80,'2005-04-11 18:26:30','1988-06-06 22:24:08'),(81,81,'2010-08-09 06:28:45','1993-04-28 02:57:18'),(82,82,'1972-06-11 12:44:41','2001-11-08 01:22:07'),(83,83,'2005-12-10 23:07:18','2012-10-15 05:32:03'),(84,84,'1996-12-03 05:41:43','2012-07-25 02:55:41'),(85,85,'2013-04-05 13:02:10','2008-02-26 17:07:47'),(86,86,'2010-02-04 11:35:56','1986-12-06 08:01:23'),(87,87,'2017-02-20 10:32:50','1978-05-07 00:27:39'),(88,88,'1984-05-02 17:33:55','1970-02-20 22:35:26'),(89,89,'1992-04-19 10:56:23','1975-08-22 06:06:24'),(90,90,'1981-12-28 17:58:16','1997-11-20 18:24:59'),(91,91,'2013-06-08 19:28:33','1991-02-27 21:39:35'),(92,92,'1972-03-17 10:35:37','1983-06-08 08:50:35'),(93,93,'1988-05-10 01:05:53','2002-04-15 10:17:17'),(94,94,'2007-01-27 13:00:31','1970-03-05 14:18:36'),(95,95,'2003-05-16 04:44:34','1999-03-27 23:07:00'),(96,96,'2015-04-19 13:06:55','1975-10-14 10:58:15'),(97,97,'1970-05-19 14:31:52','1970-05-31 03:49:39'),(98,98,'1974-09-15 13:48:15','2020-11-02 21:14:09'),(99,99,'1991-04-29 09:41:35','1977-07-15 13:16:09'),(100,100,'2001-02-08 01:37:53','1990-05-31 12:26:28'),(101,101,'2014-06-30 09:13:55','1972-04-02 17:13:10'),(102,102,'1971-01-30 13:35:57','1983-05-03 01:28:28'),(103,103,'1971-12-06 20:14:21','2000-09-25 05:00:42'),(104,104,'2005-10-07 11:41:27','2003-08-29 09:47:14'),(105,105,'2012-02-23 04:56:33','2016-07-27 23:22:21'),(106,106,'1989-05-06 02:33:51','2008-06-30 04:30:07'),(107,107,'1997-12-29 00:37:40','1978-10-15 06:55:14'),(108,108,'1970-05-18 06:20:58','2007-04-18 18:52:00'),(109,109,'1997-04-28 12:31:21','2018-01-03 13:46:01'),(110,110,'2016-03-07 05:18:54','2006-05-25 08:21:01'),(111,111,'1997-11-11 02:17:06','2012-02-11 06:19:34'),(112,112,'1989-06-16 05:34:43','2010-10-23 09:12:59'),(113,113,'2014-01-26 15:18:23','2009-04-09 14:41:28'),(114,114,'2000-07-01 18:12:21','1996-08-19 03:00:43'),(115,115,'1984-04-03 07:48:37','2006-07-01 06:26:46'),(116,116,'1972-08-18 05:46:47','2000-07-02 15:40:40'),(117,117,'2013-06-24 07:27:21','2012-11-20 12:56:41'),(118,118,'1975-03-30 04:20:13','1981-05-09 00:59:06'),(119,119,'2021-04-30 00:51:48','1980-02-01 10:28:31'),(120,120,'2020-11-07 14:27:10','1993-05-09 15:01:05'),(121,121,'2009-12-29 00:38:10','2005-12-18 01:46:49'),(122,122,'2016-10-28 01:32:45','2016-01-26 15:25:27'),(123,123,'1977-02-02 05:17:03','1972-04-04 03:12:23'),(124,124,'2014-01-31 19:11:24','1974-02-04 15:55:13'),(125,125,'1992-05-21 19:27:54','2004-08-12 01:11:45'),(126,126,'2001-07-09 01:19:33','1972-11-27 16:22:34'),(127,127,'2015-06-01 14:56:19','2007-04-19 06:57:49'),(128,128,'1972-08-03 13:33:02','1971-07-04 23:18:35'),(129,129,'2015-03-23 12:23:28','2006-09-03 00:32:57'),(130,130,'1983-04-28 02:19:25','2000-07-15 06:42:21'),(131,131,'1983-05-03 01:04:05','2011-02-07 02:58:54'),(132,132,'2018-07-09 11:28:31','1983-05-06 11:17:49'),(133,133,'1974-02-14 02:38:26','2018-02-24 15:54:34'),(134,134,'1996-09-27 16:18:48','1992-09-26 10:03:22'),(135,135,'1978-04-10 14:11:32','2010-04-18 08:50:16'),(136,136,'2011-01-06 01:42:16','2003-05-09 09:12:45'),(137,137,'2008-10-08 17:14:04','1997-07-30 14:52:22'),(138,138,'2010-03-22 21:00:47','1995-10-03 21:40:23'),(139,139,'2006-07-05 21:37:52','1985-10-21 11:33:52'),(140,140,'1981-08-27 04:21:47','2014-04-03 15:17:23'),(141,141,'2000-02-21 18:51:47','1999-10-26 05:09:22'),(142,142,'1998-03-25 05:48:28','1996-10-31 16:46:11'),(143,143,'2010-10-08 12:16:58','1989-08-05 10:46:11'),(144,144,'1981-10-01 18:26:17','2011-12-01 12:17:24'),(145,145,'2011-10-17 16:54:51','1976-09-30 06:43:37'),(146,146,'1992-10-01 18:07:54','2014-06-07 13:12:25'),(147,147,'2010-08-13 06:21:35','2004-06-29 03:03:16'),(148,148,'1983-01-14 18:46:24','1994-07-19 02:32:39'),(149,149,'2012-12-28 19:30:59','2005-07-04 16:42:16'),(150,150,'1982-12-21 06:27:57','1985-08-21 10:29:38'),(151,151,'1982-06-05 02:49:07','2004-03-04 20:35:37'),(152,152,'1988-08-18 01:22:04','1974-03-30 17:36:56'),(153,153,'2013-09-02 19:49:39','2006-01-13 21:28:58'),(154,154,'1984-03-16 19:55:25','2002-03-08 12:52:48'),(155,155,'1977-12-14 03:10:03','1991-05-11 00:16:14'),(156,156,'2000-08-28 10:21:17','1999-06-21 02:17:19'),(157,157,'2019-03-21 02:56:37','1982-08-02 17:48:59'),(158,158,'2020-07-22 16:40:18','1980-12-21 05:00:33'),(159,159,'2019-02-08 18:25:49','1970-06-03 05:51:07'),(160,160,'1997-07-03 09:30:14','2016-09-29 13:13:53'),(161,161,'1998-02-02 05:54:30','2016-04-12 15:51:57'),(162,162,'2020-12-20 16:50:01','2005-08-31 09:32:47'),(163,163,'1971-10-31 08:45:49','1980-10-14 00:44:05'),(164,164,'2011-08-11 08:34:12','1974-01-17 08:21:26'),(165,165,'2021-02-22 09:23:42','2020-09-08 03:20:02'),(166,166,'2010-12-07 23:17:15','1997-05-21 11:55:48'),(167,167,'2018-08-27 06:39:47','1970-07-21 10:39:09'),(168,168,'2012-01-04 03:45:32','1994-09-22 18:06:51'),(169,169,'2017-04-19 05:02:02','2000-08-31 06:13:21'),(170,170,'1979-11-05 13:17:40','2014-04-24 19:38:11'),(171,171,'1990-02-21 12:58:34','1988-01-19 06:14:29'),(172,172,'1973-11-26 01:34:11','2014-09-15 06:12:45'),(173,173,'1973-12-06 23:58:58','1987-09-07 15:48:05'),(174,174,'1997-04-08 16:05:57','1997-02-06 05:35:59'),(175,175,'2011-12-27 03:54:18','1992-02-28 11:41:05'),(176,176,'1982-02-07 13:12:16','2016-06-13 16:13:39'),(177,177,'2010-11-17 20:43:17','2019-04-12 10:46:48'),(178,178,'1990-09-07 04:56:41','2008-04-06 11:10:55'),(179,179,'1999-06-01 03:13:55','1979-10-18 11:53:23'),(180,180,'1995-07-06 04:37:04','2000-10-16 20:00:07'),(181,181,'2011-05-31 08:23:25','1979-02-15 00:50:35'),(182,182,'1988-08-21 23:19:35','1996-02-27 05:31:04'),(183,183,'1989-01-14 10:34:39','1998-04-02 10:57:02'),(184,184,'1973-05-29 02:03:34','2005-12-18 16:51:25'),(185,185,'2006-02-06 03:08:39','1980-12-03 07:07:58'),(186,186,'2003-12-14 09:54:27','1970-05-15 18:14:37'),(187,187,'1978-01-02 09:10:09','2012-10-19 15:29:31'),(188,188,'1979-08-03 23:07:02','1991-06-23 18:33:55'),(189,189,'1975-07-12 23:17:43','1973-02-05 16:48:04'),(190,190,'2015-02-22 11:19:47','2013-10-01 12:15:23'),(191,191,'1992-07-13 20:11:49','2001-03-13 13:14:48'),(192,192,'1990-09-07 18:05:22','2016-06-18 12:48:07'),(193,193,'1993-11-21 20:55:15','1977-03-21 18:49:23'),(194,194,'2015-01-15 07:05:12','1988-12-28 17:28:59'),(195,195,'2005-04-16 08:56:55','1990-07-09 17:09:43'),(196,196,'1984-01-06 05:22:36','1994-02-14 22:03:54'),(197,197,'2021-05-08 01:00:07','1980-08-23 11:00:41'),(198,198,'1974-12-02 22:51:44','1984-02-09 12:55:29'),(199,199,'1978-08-22 03:23:00','2003-05-04 12:49:48'),(200,200,'1993-08-09 20:31:37','1972-09-21 19:07:29'),(201,201,'1989-02-09 16:15:57','2012-03-13 19:48:44'),(202,202,'1997-12-08 02:36:01','2016-08-20 21:29:21'),(203,203,'2014-12-31 02:38:18','1996-04-06 17:19:59'),(204,204,'2004-04-01 23:52:16','1978-06-13 08:22:27'),(205,205,'1991-02-21 10:20:10','1982-12-20 18:02:14'),(206,206,'2005-09-21 17:54:30','2009-11-16 11:01:35'),(207,207,'2005-07-29 03:53:54','2009-03-21 00:18:05'),(208,208,'1975-02-21 03:46:09','1970-06-03 06:07:04'),(209,209,'1991-09-01 01:03:10','2011-04-03 16:56:48'),(210,210,'2002-07-13 23:21:24','1980-09-27 06:37:16'),(211,211,'1993-12-17 03:16:44','1974-05-07 12:47:10'),(212,212,'2012-10-13 01:05:06','2012-12-30 13:04:40'),(213,213,'1979-03-02 22:18:36','1981-07-22 04:02:34'),(214,214,'1988-12-14 10:53:57','2007-12-24 15:48:57'),(215,215,'2012-09-19 14:32:39','2017-09-21 01:53:22'),(216,216,'1994-10-11 06:16:56','2001-03-30 06:51:52'),(217,217,'2000-02-04 19:13:47','2001-08-06 06:28:21'),(218,218,'2002-01-09 22:13:42','1972-07-09 03:55:20'),(219,219,'1990-10-21 02:45:46','1992-09-29 21:19:34'),(220,220,'1988-09-04 06:15:45','1990-11-28 00:32:14'),(221,221,'2001-03-03 18:46:46','1973-08-09 02:54:34'),(222,222,'2015-04-30 12:06:37','1974-12-16 08:41:19'),(223,223,'1986-01-02 21:47:24','1977-01-29 10:30:36'),(224,224,'2004-06-14 17:32:22','1977-05-25 07:50:12'),(225,225,'1998-04-02 22:29:50','1971-05-26 23:00:24'),(226,226,'2003-03-08 16:25:04','1999-03-21 12:22:37'),(227,227,'2013-09-14 22:40:19','1976-11-21 09:03:29'),(228,228,'1990-06-16 00:26:33','1977-04-04 02:37:34'),(229,229,'1998-09-03 19:05:18','2009-05-29 08:47:09'),(230,230,'1993-02-28 00:26:55','1984-09-25 21:18:25'),(231,231,'2016-08-05 00:14:05','1978-03-07 18:17:25'),(232,232,'1994-07-01 18:53:06','2021-03-07 20:23:01'),(233,233,'2011-05-26 20:00:52','1970-05-26 15:43:53'),(234,234,'1976-07-30 22:35:19','1988-05-21 17:10:25'),(235,235,'1979-05-11 19:02:11','1970-01-24 23:52:40'),(236,236,'2013-12-15 12:01:57','1995-08-13 05:48:11'),(237,237,'1970-06-02 22:32:45','2005-11-06 09:31:37'),(238,238,'2002-11-12 13:42:02','1974-05-23 23:06:24'),(239,239,'2003-06-26 23:32:26','1976-12-18 14:36:38'),(240,240,'2003-08-12 15:40:44','1974-12-30 04:20:48'),(241,241,'1995-06-24 20:57:54','2005-05-02 18:04:07'),(242,242,'1982-01-08 13:48:00','2001-11-17 18:18:28'),(243,243,'2020-01-19 17:50:36','1983-02-20 17:26:00'),(244,244,'1977-06-25 14:58:55','2012-03-31 05:01:14'),(245,245,'2003-10-09 18:03:00','1973-01-06 09:04:14'),(246,246,'1973-04-04 19:23:43','1976-04-14 09:07:17'),(247,247,'1998-12-25 18:43:07','2010-02-06 09:16:23'),(248,248,'2016-10-25 20:23:04','2011-08-29 04:38:57'),(249,249,'1977-12-04 06:36:19','2020-07-17 07:41:11'),(250,250,'1994-01-22 17:30:02','2021-01-21 04:08:33'),(251,251,'1989-05-02 15:28:48','1994-10-30 23:46:22'),(252,252,'1976-03-05 00:04:29','1973-01-17 21:26:39'),(253,253,'1984-03-06 04:24:34','2016-08-27 19:39:20'),(254,254,'2020-08-28 13:20:19','1994-07-06 18:37:32'),(255,255,'1992-08-24 21:11:02','2010-09-05 11:07:07'),(256,256,'2014-11-15 22:34:12','2008-09-27 15:30:39'),(257,257,'1990-03-28 15:38:02','2005-11-22 13:50:03'),(258,258,'1976-01-25 18:48:51','2011-09-12 14:01:36'),(259,259,'2003-07-20 16:04:30','1988-04-04 21:13:11'),(260,260,'2010-07-10 12:31:30','2001-04-23 09:56:10'),(261,261,'1992-06-25 23:27:28','2009-10-09 10:39:42'),(262,262,'2019-12-17 16:56:04','2015-08-26 12:07:54'),(263,263,'2011-05-31 06:38:15','2003-05-04 08:36:07'),(264,264,'1977-04-24 12:43:51','1980-08-18 19:32:34'),(265,265,'1983-11-06 12:36:17','1981-09-05 16:05:12'),(266,266,'1998-07-18 14:53:08','1993-10-20 22:30:26'),(267,267,'2006-03-17 04:10:53','2018-10-23 14:16:14'),(268,268,'1984-09-20 00:59:37','2014-09-14 23:17:55'),(269,269,'1972-07-13 11:39:19','1974-11-17 20:19:05'),(270,270,'2007-12-17 11:26:54','1998-02-20 13:21:01'),(271,271,'2006-01-12 14:05:21','2020-11-04 10:05:06'),(272,272,'1980-05-28 05:19:44','2011-08-18 09:26:04'),(273,273,'1974-04-19 08:13:37','1979-03-11 05:32:01'),(274,274,'1987-04-24 03:31:45','1997-05-07 09:24:34'),(275,275,'1976-03-01 03:09:01','2004-09-18 11:14:14'),(276,276,'1978-07-22 12:47:00','2009-05-29 11:49:52'),(277,277,'2010-11-28 12:54:53','1982-01-06 15:51:00'),(278,278,'1981-08-24 01:38:16','1997-01-14 23:01:38'),(279,279,'1974-02-15 15:51:38','2004-05-07 18:16:56'),(280,280,'2012-01-23 16:35:23','1973-07-19 09:07:56'),(281,281,'2012-11-22 04:01:49','1984-09-26 13:51:41'),(282,282,'2019-04-05 16:49:34','1991-03-02 17:04:38'),(283,283,'1981-07-09 07:18:05','1980-08-19 08:08:15'),(284,284,'1985-07-27 04:52:18','1982-03-18 18:15:51'),(285,285,'1989-04-12 04:18:33','2001-04-25 08:38:57'),(286,286,'1998-04-14 07:57:14','1992-04-30 16:13:44'),(287,287,'1981-05-01 02:05:27','1980-12-11 11:36:09'),(288,288,'1971-07-18 20:43:19','1975-06-30 09:00:33'),(289,289,'2011-06-22 05:44:45','2017-02-14 18:43:29'),(290,290,'1970-09-07 11:01:08','2002-08-16 18:12:27'),(291,291,'1985-03-03 11:36:49','1987-07-21 21:14:10'),(292,292,'2007-04-27 11:13:33','1981-09-18 18:22:27'),(293,293,'2014-11-26 06:06:12','2008-06-11 12:32:25'),(294,294,'1983-06-29 19:31:42','1974-08-21 17:33:48'),(295,295,'2003-08-27 15:00:35','1973-08-09 02:39:06'),(296,296,'2005-02-10 01:19:13','2012-08-09 17:55:30'),(297,297,'2002-04-22 06:18:40','1976-06-10 01:52:56'),(298,298,'2002-01-02 04:30:57','2006-01-08 07:46:13'),(299,299,'2009-02-24 14:31:58','1972-02-12 18:09:03'),(300,300,'2002-06-10 16:30:09','1992-10-01 11:46:20'),(301,301,'1976-07-30 12:32:23','1985-07-31 07:25:40'),(302,302,'1994-12-10 00:56:28','2006-12-22 22:58:30'),(303,303,'1974-05-02 11:22:11','1989-10-03 01:09:34'),(304,304,'2012-08-13 11:15:54','1985-10-08 12:24:40'),(305,305,'2017-09-18 13:50:37','1997-11-25 05:50:40'),(306,306,'1979-12-05 08:36:41','1984-02-20 19:01:42'),(307,307,'2000-08-10 01:25:30','1997-03-13 00:23:25'),(308,308,'2007-10-06 06:27:02','2008-10-18 06:42:14'),(309,309,'1974-03-14 12:48:17','1978-03-07 01:49:36'),(310,310,'2020-10-01 08:52:57','1981-10-29 11:50:26'),(311,311,'1994-04-02 05:17:50','1979-01-05 22:15:09'),(312,312,'1998-05-24 21:04:41','2002-05-12 07:03:11'),(313,313,'1998-09-01 03:01:29','1999-09-17 16:06:36'),(314,314,'1975-02-16 14:51:45','1990-01-28 06:24:47'),(315,315,'2017-09-21 05:59:01','1979-10-07 03:10:35'),(316,316,'2016-03-06 03:47:15','1974-09-29 16:43:28'),(317,317,'1998-10-09 22:36:44','2016-11-09 13:15:27'),(318,318,'2004-01-18 06:39:47','2007-06-30 11:46:14'),(319,319,'1997-01-29 19:32:01','1981-09-12 05:16:24'),(320,320,'2015-03-17 19:22:49','2016-01-30 06:03:39'),(321,321,'2014-01-13 08:11:55','2002-09-08 19:33:51'),(322,322,'2001-07-28 03:22:34','1999-11-12 15:21:49'),(323,323,'1994-04-01 01:41:29','1981-02-11 12:13:50'),(324,324,'1995-04-22 14:52:05','1993-04-03 22:32:16'),(325,325,'1984-02-13 15:24:12','1983-04-19 06:45:22'),(326,326,'1971-05-04 21:11:03','1981-05-22 11:42:17'),(327,327,'1973-10-01 02:29:24','2018-02-11 10:16:01'),(328,328,'2001-09-11 01:08:58','2004-11-11 11:59:15'),(329,329,'2002-08-18 07:47:58','1994-05-11 11:46:23'),(330,330,'2003-09-30 14:07:10','1971-08-07 14:57:11'),(331,331,'2014-12-04 20:08:17','2021-06-09 11:24:03'),(332,332,'1973-10-28 18:46:36','2018-05-24 12:46:45'),(333,333,'1997-10-26 18:55:48','2012-08-29 19:20:10'),(334,334,'1982-05-18 22:52:01','1989-03-30 10:15:57'),(335,335,'1974-02-21 07:12:40','1988-11-08 06:39:38'),(336,336,'1988-05-17 07:31:09','1995-01-04 17:21:57'),(337,337,'2019-05-27 23:49:11','2014-02-28 03:49:21'),(338,338,'1975-03-11 02:52:16','2009-04-16 03:43:14'),(339,339,'2007-03-10 12:27:17','1984-12-30 08:07:42'),(340,340,'1994-12-25 20:21:46','1982-02-18 21:05:42'),(341,341,'1976-08-19 17:53:52','2001-03-07 15:47:56'),(342,342,'2006-06-07 12:29:11','2015-12-23 03:16:05'),(343,343,'2006-11-15 00:26:04','1977-09-28 20:58:45'),(344,344,'2015-06-23 05:28:33','1980-03-17 01:24:47'),(345,345,'1979-02-19 19:52:23','2009-12-24 03:03:47'),(346,346,'2015-09-21 22:57:14','2019-01-01 16:28:14'),(347,347,'1988-03-14 21:57:42','1988-07-26 04:43:20'),(348,348,'1987-09-22 01:08:17','1978-11-28 09:44:57'),(349,349,'2010-12-28 22:46:46','1995-04-20 01:06:49'),(350,350,'1986-05-09 21:57:39','1996-07-21 05:34:34'),(351,351,'2007-10-09 12:16:31','2006-10-15 00:12:40'),(352,352,'2006-12-31 08:46:26','1997-08-16 17:40:19'),(353,353,'1970-10-16 02:35:03','1995-08-03 03:51:19'),(354,354,'1996-12-24 10:22:49','1972-01-21 16:15:17'),(355,355,'1997-04-02 18:16:38','2001-03-28 22:12:49'),(356,356,'1978-02-11 21:41:19','2014-03-17 03:44:39'),(357,357,'2018-02-24 20:12:17','2008-11-15 05:32:52'),(358,358,'1977-10-22 21:03:47','2015-09-08 19:56:50'),(359,359,'1987-06-13 18:15:49','2010-09-29 01:05:04'),(360,360,'1996-02-05 18:55:11','1977-10-08 09:16:59'),(361,361,'1983-12-15 16:47:55','1984-06-12 23:11:47'),(362,362,'1974-11-06 13:47:42','2008-12-18 21:04:25'),(363,363,'1983-01-26 02:38:19','1986-06-15 19:28:09'),(364,364,'2014-01-02 17:02:30','1981-12-27 02:06:45'),(365,365,'2009-09-18 23:07:02','2006-10-20 18:00:04'),(366,366,'2017-08-14 15:54:20','2015-11-21 08:45:41'),(367,367,'1999-04-21 20:16:50','2001-03-08 13:37:21'),(368,368,'1979-11-09 12:15:59','1992-09-10 07:49:41'),(369,369,'2006-02-13 04:44:29','1993-05-08 04:45:12'),(370,370,'1999-08-14 17:54:26','1970-08-10 03:10:54'),(371,371,'1970-01-24 11:15:01','2015-10-13 21:28:54'),(372,372,'1997-04-21 06:10:10','1981-09-19 10:12:35'),(373,373,'1995-03-23 10:45:01','2019-05-21 12:48:58'),(374,374,'2011-12-26 05:12:50','1972-04-26 18:06:59'),(375,375,'1971-02-14 20:09:02','1998-09-15 09:34:11'),(376,376,'2000-06-03 07:30:38','1975-03-22 17:38:36'),(377,377,'1990-05-19 08:58:54','2010-03-09 06:16:19'),(378,378,'2017-01-08 21:34:54','2019-12-10 09:50:43'),(379,379,'1983-08-09 19:21:39','1983-02-16 20:13:03'),(380,380,'2000-11-21 23:09:38','1992-09-25 02:46:13'),(381,381,'1995-12-01 12:14:57','1997-11-24 02:39:54'),(382,382,'2002-07-05 01:49:20','1985-03-16 23:26:59'),(383,383,'1999-09-05 18:07:54','1994-04-29 04:06:10'),(384,384,'1995-11-29 21:23:50','1986-01-24 16:45:58'),(385,385,'1984-09-01 17:06:00','1991-03-26 19:36:04'),(386,386,'1999-07-08 09:07:52','1989-08-02 03:55:52'),(387,387,'1980-02-26 14:11:11','2018-10-16 10:38:50'),(388,388,'1994-01-28 04:41:30','1981-08-28 20:58:20'),(389,389,'2020-07-02 09:30:29','2008-09-14 13:46:37'),(390,390,'1982-02-07 10:28:38','2021-03-02 03:04:17'),(391,391,'1974-04-15 15:22:05','1993-09-14 14:02:29'),(392,392,'1987-02-06 03:09:44','1984-06-30 22:06:36'),(393,393,'2003-07-11 03:35:48','1972-10-05 04:52:51'),(394,394,'1999-09-15 09:27:11','1985-09-14 14:41:40'),(395,395,'1983-06-17 14:16:14','1993-12-11 16:16:36'),(396,396,'2013-04-18 23:00:30','1978-01-13 10:05:59'),(397,397,'1994-08-29 19:04:39','1994-11-06 01:42:19'),(398,398,'1994-04-02 15:11:25','1981-03-02 18:14:32'),(399,399,'2016-03-23 02:36:46','1984-09-30 14:59:49'),(400,400,'1993-04-15 02:18:39','2021-03-29 06:45:18'),(401,401,'1998-04-13 07:18:17','1989-10-05 21:25:18'),(402,402,'1972-03-04 08:38:20','1996-11-10 02:44:58'),(403,403,'1997-09-18 13:51:55','2015-09-04 21:36:04'),(404,404,'1980-07-10 20:26:10','1971-01-11 21:04:15'),(405,405,'1986-06-28 11:38:07','2001-06-20 17:39:12'),(406,406,'1990-10-04 07:17:00','2007-01-23 18:13:05'),(407,407,'2016-12-28 01:56:28','2021-04-30 23:13:54'),(408,408,'2002-11-01 14:31:18','2020-08-25 13:41:41'),(409,409,'1995-12-13 01:41:25','1999-01-13 14:16:57'),(410,410,'1985-01-11 04:16:29','1970-12-18 16:38:38'),(411,411,'2014-11-21 04:21:18','2004-10-04 15:25:39'),(412,412,'2000-02-25 19:48:34','2001-11-07 04:57:06'),(413,413,'2016-12-25 09:29:09','2008-09-11 06:49:55'),(414,414,'1992-05-12 22:00:32','1995-05-28 13:49:07'),(415,415,'2012-03-24 09:37:39','2012-10-11 17:09:34'),(416,416,'1996-01-11 03:45:06','2006-12-26 16:25:27'),(417,417,'1988-07-18 22:41:28','1978-11-03 10:53:19'),(418,418,'1990-12-09 21:53:17','1995-12-11 00:18:39'),(419,419,'2016-02-26 03:26:06','2013-02-12 18:27:46'),(420,420,'1970-12-30 06:41:06','1974-07-01 10:02:05'),(421,421,'2014-11-15 15:52:33','1978-07-23 02:59:24'),(422,422,'1990-02-05 20:44:00','1984-11-20 14:39:27'),(423,423,'1999-04-23 19:18:02','2011-11-11 13:43:49'),(424,424,'1996-09-29 03:05:35','1980-11-27 09:18:36'),(425,425,'2018-05-10 23:24:20','2005-10-26 04:24:34'),(426,426,'2002-06-02 15:22:45','2000-11-01 06:07:05'),(427,427,'2020-08-01 19:28:59','1977-10-27 23:47:59'),(428,428,'1999-08-28 21:39:51','1979-06-05 17:48:38'),(429,429,'2018-08-18 18:52:12','1986-07-18 23:52:48'),(430,430,'2008-07-14 16:50:16','2000-01-19 01:26:06'),(431,431,'1995-01-10 08:58:23','1994-02-08 16:53:18'),(432,432,'2019-03-02 14:20:31','2019-09-27 19:01:44'),(433,433,'2008-08-20 13:17:47','1976-03-08 02:13:29'),(434,434,'1992-08-01 04:42:13','1974-05-28 04:13:24'),(435,435,'1992-06-04 10:48:18','2015-05-29 09:55:27'),(436,436,'1982-09-16 01:18:52','2014-10-09 11:00:10'),(437,437,'1978-06-30 21:05:31','1980-05-28 02:03:44'),(438,438,'1984-02-24 01:57:34','2013-03-24 03:24:52'),(439,439,'1970-11-29 07:58:39','1977-08-09 01:58:31'),(440,440,'2014-05-13 10:54:21','2011-06-07 13:04:05'),(441,441,'1979-09-01 19:40:54','2011-11-23 04:38:45'),(442,442,'1978-01-07 20:29:29','2003-05-18 09:18:58'),(443,443,'2003-05-22 00:00:03','1976-02-25 07:12:59'),(444,444,'2006-10-21 03:06:32','2006-07-20 19:09:26'),(445,445,'2009-02-06 10:00:45','2003-12-22 02:27:13'),(446,446,'1981-06-28 22:52:49','1986-03-10 07:47:57'),(447,447,'2007-03-12 03:03:28','2006-07-24 11:44:48'),(448,448,'1994-08-17 07:40:56','2004-07-31 12:58:28'),(449,449,'2001-11-30 06:31:01','2020-01-12 15:31:33'),(450,450,'2018-03-18 07:11:40','1995-06-20 22:32:43'),(451,451,'2017-08-09 06:15:11','2006-10-14 12:40:31'),(452,452,'1985-01-14 16:56:57','2017-02-03 10:08:40'),(453,453,'2020-07-04 18:15:58','1970-07-05 18:00:27'),(454,454,'2006-04-07 01:41:33','2020-11-10 07:46:14'),(455,455,'2018-11-30 06:55:41','1971-05-07 14:51:23'),(456,456,'2015-05-28 09:43:55','2018-05-10 08:40:01'),(457,457,'1972-05-04 01:44:46','2011-02-24 18:49:55'),(458,458,'1991-10-07 18:08:39','2018-01-28 06:28:34'),(459,459,'2009-03-13 05:20:11','1988-11-18 12:17:53'),(460,460,'1985-05-05 23:18:06','1970-12-25 13:31:25'),(461,461,'2010-06-27 17:49:49','1989-10-20 13:02:28'),(462,462,'2013-02-18 23:32:48','1983-09-08 20:18:37'),(463,463,'2003-11-29 07:12:36','1977-07-05 10:58:08'),(464,464,'2006-10-08 04:46:20','1999-03-08 12:35:59'),(465,465,'1984-12-24 06:08:19','1992-06-27 23:59:17'),(466,466,'2012-08-06 08:54:04','1993-02-15 12:16:09'),(467,467,'2012-07-16 04:58:14','1988-11-08 08:30:59'),(468,468,'2013-06-26 17:09:10','2004-03-06 19:11:28'),(469,469,'2002-01-01 18:31:11','1993-10-14 06:52:58'),(470,470,'2002-01-05 18:54:05','2011-04-03 15:29:55'),(471,471,'2012-04-20 18:36:39','2020-04-23 08:49:51'),(472,472,'1986-05-20 11:34:44','1982-09-19 13:08:03'),(473,473,'1986-09-28 12:56:08','1983-09-02 21:53:01'),(474,474,'2010-12-01 02:16:18','2002-02-21 17:38:31'),(475,475,'1987-01-04 01:18:49','2008-08-26 03:12:52'),(476,476,'2015-07-21 07:39:16','2012-04-01 05:18:13'),(477,477,'2001-08-03 15:22:47','1995-10-20 13:38:54'),(478,478,'1997-03-27 14:18:32','2004-03-20 15:26:21'),(479,479,'1993-08-06 20:01:55','1995-06-29 06:24:19'),(480,480,'1998-08-19 08:12:16','1975-07-29 12:25:26'),(481,481,'1988-04-03 23:03:33','2013-06-21 10:03:02'),(482,482,'1982-01-02 19:21:55','2012-06-28 15:26:09'),(483,483,'2015-05-13 03:37:05','2012-08-12 19:44:46'),(484,484,'1973-03-25 18:47:40','2000-11-30 04:20:15'),(485,485,'1985-09-01 01:00:34','1984-11-29 07:57:22'),(486,486,'1990-08-06 03:51:10','1985-04-17 21:32:15'),(487,487,'1987-11-06 02:16:05','1999-07-22 02:16:42'),(488,488,'1998-10-04 17:19:39','1970-04-05 14:18:54'),(489,489,'2000-04-18 18:10:07','2014-09-17 06:19:31'),(490,490,'1999-04-02 06:12:37','1986-02-28 08:31:16'),(491,491,'2011-01-03 18:49:04','2021-03-08 15:08:49'),(492,492,'2002-07-14 04:02:34','1988-10-14 03:52:22'),(493,493,'1973-12-09 22:47:37','1983-12-31 00:32:18'),(494,494,'2020-04-07 20:00:13','2017-09-03 14:44:23'),(495,495,'1989-04-29 02:39:01','1994-04-08 20:53:11'),(496,496,'1971-07-30 15:03:31','2003-01-08 06:41:50'),(497,497,'1976-01-27 21:36:14','2011-12-25 14:47:52'),(498,498,'1984-09-25 21:03:28','2013-01-19 09:51:10'),(499,499,'1999-06-13 19:12:13','1998-09-11 00:25:47'),(500,500,'2019-06-15 06:58:59','1992-08-16 00:46:21');
/*!40000 ALTER TABLE `posts_media` ENABLE KEYS */;
UNLOCK TABLES;

--
-- Table structure for table `profiles`
--

DROP TABLE IF EXISTS `profiles`;
/*!40101 SET @saved_cs_client     = @@character_set_client */;
/*!50503 SET character_set_client = utf8mb4 */;
CREATE TABLE `profiles` (
  `id` int unsigned NOT NULL AUTO_INCREMENT COMMENT 'Идентификатор строки',
  `user_id` int unsigned NOT NULL COMMENT 'Идентификатор пользователя',
  `first_name` varchar(100) NOT NULL COMMENT 'Имя пользователя',
  `last_name` varchar(100) NOT NULL COMMENT 'Фамилия пользователя',
  `birthday` date NOT NULL COMMENT 'Дата рождения',
  `city` varchar(130) DEFAULT NULL COMMENT 'Город проживания',
  `country` varchar(130) DEFAULT NULL COMMENT 'Страна проживания',
  `created_at` datetime DEFAULT CURRENT_TIMESTAMP COMMENT 'Время создания строки',
  `updated_at` datetime DEFAULT CURRENT_TIMESTAMP ON UPDATE CURRENT_TIMESTAMP COMMENT 'Время обновления строки',
  `gender` enum('M','F') DEFAULT NULL,
  PRIMARY KEY (`id`),
  UNIQUE KEY `user_id` (`user_id`),
  CONSTRAINT `fk_profiles_user_id` FOREIGN KEY (`user_id`) REFERENCES `users` (`id`)
) ENGINE=InnoDB AUTO_INCREMENT=101 DEFAULT CHARSET=utf8mb4 COLLATE=utf8mb4_0900_ai_ci;
/*!40101 SET character_set_client = @saved_cs_client */;

--
-- Dumping data for table `profiles`
--

LOCK TABLES `profiles` WRITE;
/*!40000 ALTER TABLE `profiles` DISABLE KEYS */;
INSERT INTO `profiles` VALUES (1,1,'Yoshiko','Greenfelder','2001-07-13','New Ricardo','21','2014-08-18 04:56:29','2021-07-07 17:10:21','F'),(2,2,'Spencer','Mueller','1981-11-29','West Felicityport','69638172','2005-03-27 21:17:40','2021-07-07 17:10:21','F'),(3,3,'Grant','Dietrich','1986-09-04','Leuschkechester','545','2015-12-18 18:04:37','2021-07-07 17:10:21','F'),(4,4,'Elise','Murphy','2011-03-20','Homenickstad','2108','1974-10-14 17:50:37','2021-07-03 20:10:13','M'),(5,5,'Ayana','McDermott','1989-10-28','Stromanview','7021243','1970-02-23 19:29:05','2021-07-07 17:10:21','M'),(6,6,'Price','Wehner','1987-04-02','Moriahshire','833','2006-10-03 17:19:30','2021-07-07 17:10:21','F'),(7,7,'Christy','Deckow','2021-02-12','South Rodrick','41369','1977-04-04 17:46:52','2021-07-07 15:37:05','F'),(8,8,'Marques','Ankunding','1979-09-16','Ilianaton','71815317','2012-02-07 17:35:06','2021-07-07 17:10:21','F'),(9,9,'Zelda','Littel','2004-01-19','Rahsaanstad','9840971','1995-02-26 08:56:24','2021-07-07 17:10:21','F'),(10,10,'Aiyana','Haag','1978-11-01','Rolfsonton','5249049','2005-09-12 05:07:20','2021-07-07 17:09:29','M'),(11,11,'Pete','King','2011-03-18','Port Dustinland','52','1991-02-19 19:27:30','2021-07-03 20:10:13','M'),(12,12,'Raymond','Schultz','1998-09-25','Smithamstad','7','1981-07-26 07:14:05','2021-07-07 17:10:21','F'),(13,13,'Ernest','Hickle','2017-05-09','New Winnifredshire','7','2019-02-17 04:20:50','2021-07-07 17:09:29','F'),(14,14,'Milo','Mertz','1993-06-02','West Idella','','2021-01-16 03:56:15','2021-07-07 17:10:21','M'),(15,15,'Assunta','Wisozk','1986-12-16','East Tomas','','2009-10-28 09:27:44','2021-07-07 17:09:29','M'),(16,16,'Elaina','Jacobson','1986-07-17','Quintonborough','446488783','1998-08-14 06:41:04','2021-07-07 17:09:29','F'),(17,17,'Deondre','Gorczany','1973-02-18','Abelland','727746','1970-04-16 05:46:12','2021-07-07 15:37:05','F'),(18,18,'Diego','Beier','1970-10-24','Port Isaacville','','1986-08-04 10:13:58','2021-07-07 17:10:21','F'),(19,19,'Lulu','Bechtelar','2008-01-27','Marysestad','495','1988-07-19 10:31:22','2021-07-07 17:09:29','F'),(20,20,'Mavis','Schaden','2008-03-21','Port Malvina','6066','1981-07-29 02:47:06','2021-07-07 17:10:21','M'),(21,21,'Sheridan','Dare','1982-04-13','Mannborough','','2017-09-03 04:01:20','2021-07-07 17:09:29','M'),(22,22,'Randall','Koch','2003-07-11','Port Haylie','63078','2016-08-12 07:02:45','2021-07-07 17:10:21','F'),(23,23,'Mathias','Kessler','2019-03-09','Nameton','44295','1992-09-28 13:49:45','2021-07-07 15:37:05','M'),(24,24,'Katlynn','Brakus','1972-06-27','East Margaretta','','2011-06-12 22:13:44','2021-07-07 17:09:29','F'),(25,25,'Loyce','Schulist','1987-02-10','Brandyhaven','99890','1976-06-11 00:15:16','2021-07-07 17:10:21','F'),(26,26,'Coty','Kuphal','2020-09-03','West Angelineside','970420','2001-09-04 23:14:47','2021-07-07 17:10:21','M'),(27,27,'Rhea','Thompson','2003-03-21','Neldaside','','1975-10-06 16:12:32','2021-07-03 20:10:13','F'),(28,28,'Jaquelin','Quigley','2015-10-04','Port Peterside','4401413','1997-06-28 07:58:13','2021-07-07 17:10:21','F'),(29,29,'Angelica','Ankunding','1992-06-21','Emmyfurt','262594','1998-12-17 05:10:33','2021-07-07 17:10:21','F'),(30,30,'Shad','Willms','2011-09-21','Kimberlyborough','8049781','1988-12-15 10:19:37','2021-07-07 17:09:29','F'),(31,31,'Gerda','Anderson','1998-06-01','South Barneymouth','4789','1984-11-01 10:11:29','2021-07-07 17:09:29','F'),(32,32,'Junior','Kirlin','2015-09-18','West Dusty','57995178','1985-11-26 06:54:18','2021-07-03 20:10:13','F'),(33,33,'Kenyon','Osinski','1991-03-10','Marjoriebury','39878','1975-10-16 22:00:57','2021-07-07 15:37:05','M'),(34,34,'Ashly','Hand','1971-08-01','Danikamouth','','1974-06-06 11:35:33','2021-07-07 15:37:05','M'),(35,35,'Santa','Brown','2002-07-21','South Noemyfurt','93565259','2004-05-24 03:14:04','2021-07-07 17:09:29','M'),(36,36,'Grayce','Kertzmann','1991-06-01','South Rubyeburgh','960493','2001-02-03 21:03:38','2021-07-07 17:10:21','F'),(37,37,'Lourdes','Corkery','1987-03-11','Gusikowskiside','8874','1973-12-24 23:45:19','2021-07-07 17:10:21','F'),(38,38,'Elmore','Ward','1979-01-29','Daxbury','3936968','2009-11-01 12:10:41','2021-07-07 17:10:21','F'),(39,39,'Hardy','Jast','1984-07-27','North Consuelo','62851369','2012-10-12 16:34:34','2021-07-07 17:09:29','F'),(40,40,'Sid','Hoeger','1976-11-28','Lefflerton','7','1995-03-23 03:38:31','2021-07-03 20:10:13','F'),(41,41,'Chasity','Mitchell','1996-06-15','New Marcelinoland','','2000-04-20 20:13:53','2021-07-07 17:10:21','F'),(42,42,'Helga','Grant','2000-10-05','South Marlonhaven','98','1985-02-08 21:27:10','2021-07-03 20:10:13','M'),(43,43,'Verna','Rau','2001-06-22','East Golden','2','1972-12-09 01:54:00','2021-07-07 17:10:21','F'),(44,44,'Dakota','Deckow','1975-02-25','East Aracelyburgh','76123003','1982-03-20 15:12:23','2021-07-07 17:10:21','M'),(45,45,'Ari','Welch','1988-07-31','Port Harmon','3518606','1992-02-13 12:55:24','2021-07-07 17:09:29','F'),(46,46,'Amara','Lueilwitz','2008-02-17','Tillmantown','8','1998-11-28 11:34:47','2021-07-07 17:10:21','F'),(47,47,'Austin','Mosciski','1984-12-16','Lake Hulda','62713571','1982-06-14 11:18:19','2021-07-07 17:10:21','M'),(48,48,'Rosario','Ebert','2020-10-24','Lake Vestamouth','6','1980-02-17 08:06:52','2021-07-07 17:10:21','M'),(49,49,'Creola','Von','1990-09-13','Coltonmouth','350175','1995-03-22 17:01:18','2021-07-07 17:09:29','F'),(50,50,'Theodora','Murazik','1977-12-27','Predovicport','','1994-12-03 18:03:01','2021-07-07 17:10:21','M'),(51,51,'Bernice','Lesch','1981-05-24','North Brianachester','','2016-06-27 22:07:35','2021-07-03 20:10:13','M'),(52,52,'Julie','Harris','1999-08-04','Trystanville','2','1985-10-06 15:03:47','2021-07-07 17:10:21','M'),(53,53,'Murl','Howell','2004-02-10','McDermottstad','90479','1995-03-04 06:09:26','2021-07-07 15:37:05','M'),(54,54,'Maryam','DuBuque','1984-04-03','Rudolphborough','','2008-01-26 17:14:42','2021-07-07 17:10:21','M'),(55,55,'Brenden','Rempel','2014-03-01','Hermistonfurt','7','2016-02-02 10:50:47','2021-07-07 17:10:21','M'),(56,56,'Juliana','Deckow','2015-06-08','Murrayberg','7','1994-01-18 06:49:08','2021-07-07 15:37:05','M'),(57,57,'Phyllis','Haag','1976-07-08','South Tom','65355','1971-11-12 08:38:08','2021-07-03 20:10:13','F'),(58,58,'Luella','Lehner','2020-09-29','Cummingsmouth','82297407','1973-04-23 20:13:30','2021-07-07 17:09:29','M'),(59,59,'Carlotta','Keeling','1983-10-16','New Akeem','','1974-11-19 21:11:38','2021-07-07 17:10:21','M'),(60,60,'Jewell','Franecki','2004-01-09','Braunton','8438','1987-07-18 17:12:21','2021-07-07 17:10:21','M'),(61,61,'Leo','Hoeger','2014-11-08','Mafaldaport','843','1975-02-18 14:54:19','2021-07-07 15:37:05','M'),(62,62,'Nya','Bailey','1981-07-07','West Kimborough','','1987-07-16 03:23:39','2021-07-07 17:10:21','M'),(63,63,'Lavon','Gutkowski','1992-07-20','Kendallview','','1973-01-20 12:49:54','2021-07-03 20:10:13','F'),(64,64,'Quincy','Barrows','1970-07-07','Wilkinsonberg','16','1980-05-19 07:52:25','2021-07-07 17:10:21','F'),(65,65,'Anissa','Mohr','2015-07-28','West Clintonhaven','','1986-11-19 20:14:47','2021-07-07 17:10:21','M'),(66,66,'Kim','Robel','1985-08-19','Adrianport','741964639','2009-10-30 22:08:10','2021-07-07 17:09:29','F'),(67,67,'Freddy','Reinger','1973-02-21','Vancetown','1','2011-03-29 10:28:59','2021-07-03 20:10:13','M'),(68,68,'Aiyana','Legros','2001-10-05','East Magali','37663','1987-02-14 20:44:04','2021-07-07 15:37:05','F'),(69,69,'Shaina','Ward','1970-12-12','West Osborne','27','2005-09-27 10:33:25','2021-07-07 17:10:21','M'),(70,70,'Mathilde','Cronin','2011-01-14','Winstonmouth','35','2007-02-01 04:41:27','2021-07-07 15:37:05','F'),(71,71,'Asa','O\'Hara','1997-09-06','Ginaview','8535119','1971-02-07 14:18:24','2021-07-03 20:10:13','F'),(72,72,'Brendan','Okuneva','2008-12-29','New Hilma','35070','2006-07-03 04:47:59','2021-07-03 20:10:13','F'),(73,73,'Brandt','Runolfsson','2017-08-31','Melvinashire','693380821','1973-03-10 04:22:51','2021-07-03 20:10:13','M'),(74,74,'Perry','Hyatt','2016-06-19','Marielaton','745626396','2019-12-02 02:03:31','2021-07-07 17:10:21','F'),(75,75,'Lucile','Raynor','2001-08-22','Clarkhaven','6764','2011-03-25 23:50:29','2021-07-07 17:09:29','M'),(76,76,'Jerome','Rath','1988-08-12','West Janaeburgh','459027255','2009-01-19 18:32:46','2021-07-07 17:09:29','M'),(77,77,'Mekhi','Hudson','1983-09-06','South Olinmouth','680579452','2019-01-01 12:17:31','2021-07-07 17:10:21','M'),(78,78,'Palma','Hilpert','1984-01-16','Rosenbaummouth','7059777','1994-06-04 08:16:04','2021-07-07 17:10:21','M'),(79,79,'Kaylee','Schneider','2016-02-17','Helenebury','412','2002-06-17 14:22:05','2021-07-07 17:09:29','F'),(80,80,'Danial','Luettgen','2012-01-28','Flatleyport','45','1981-12-15 00:41:51','2021-07-07 17:09:29','M'),(81,81,'Hester','Leffler','1989-12-28','North Adellborough','99','1994-04-26 18:56:15','2021-07-07 17:10:21','F'),(82,82,'Shawn','Rowe','2018-11-04','Ritchieborough','9020','2018-11-15 06:29:17','2021-07-07 15:37:05','M'),(83,83,'Jordyn','Towne','1987-07-27','New Alleneland','39','1980-03-24 13:42:44','2021-07-03 20:10:13','M'),(84,84,'Jaydon','Hackett','1977-05-23','Winifredville','71142017','1972-10-03 00:37:12','2021-07-07 15:37:05','M'),(85,85,'Asia','Effertz','1984-09-26','North Orinbury','417','1970-07-19 07:38:24','2021-07-07 17:10:21','F'),(86,86,'Hobart','Abernathy','1983-11-03','Batzshire','9','1999-12-31 14:31:41','2021-07-07 17:10:21','F'),(87,87,'Vincenza','Weimann','2020-10-08','North Jessycaburgh','87','2009-08-21 11:09:20','2021-07-07 17:10:21','F'),(88,88,'Noel','Welch','1993-12-24','Arnaldoshire','','2007-05-08 01:26:01','2021-07-07 17:09:29','M'),(89,89,'Rosalee','Veum','1978-03-09','North Jody','9603','1999-01-28 23:37:36','2021-07-07 17:10:21','M'),(90,90,'Darryl','Cummings','2016-03-06','Hellerborough','91','1982-12-31 06:12:55','2021-07-07 17:10:21','M'),(91,91,'Sabina','Schneider','1995-03-30','Port Henriettefurt','89813104','2003-03-30 16:37:21','2021-07-07 17:10:21','F'),(92,92,'Lindsey','Kovacek','1990-05-11','New Anabelberg','','2002-01-17 18:06:39','2021-07-03 20:10:13','F'),(93,93,'Abdiel','Quigley','1989-01-20','Loweview','4','2001-05-30 03:27:58','2021-07-07 17:09:29','M'),(94,94,'Justus','Kuhic','2005-10-25','Mertzburgh','355','1980-05-20 18:27:15','2021-07-07 17:09:29','F'),(95,95,'Jordan','Kuvalis','2003-05-19','South Sylvanview','8','1970-02-22 04:24:28','2021-07-07 17:10:21','M'),(96,96,'Kiana','Friesen','2014-02-27','South Ricky','239','1997-07-18 19:22:35','2021-07-07 17:10:21','M'),(97,97,'Alayna','Bechtelar','1993-12-22','South Delores','540732796','1999-07-21 15:39:10','2021-07-03 20:10:13','M'),(98,98,'Eda','Skiles','1991-10-10','Jenkinston','919984','2008-07-26 18:21:24','2021-07-07 17:10:21','F'),(99,99,'Woodrow','King','2013-12-28','North Kingmouth','7483','1988-03-20 12:47:12','2021-07-03 20:10:13','F'),(100,100,'Ashly','Christiansen','1977-09-03','Kaylieland','5612459','2014-02-17 13:31:10','2021-07-07 17:09:29','M');
/*!40000 ALTER TABLE `profiles` ENABLE KEYS */;
UNLOCK TABLES;

--
-- Table structure for table `users`
--

DROP TABLE IF EXISTS `users`;
/*!40101 SET @saved_cs_client     = @@character_set_client */;
/*!50503 SET character_set_client = utf8mb4 */;
CREATE TABLE `users` (
  `id` int unsigned NOT NULL AUTO_INCREMENT COMMENT 'Идентификатор строки',
  `email` varchar(100) NOT NULL COMMENT 'Почта',
  `phone` varchar(100) NOT NULL COMMENT 'Телефон',
  `created_at` datetime DEFAULT CURRENT_TIMESTAMP COMMENT 'Время создания строки',
  `updated_at` datetime DEFAULT CURRENT_TIMESTAMP ON UPDATE CURRENT_TIMESTAMP COMMENT 'Время обновления строки',
  PRIMARY KEY (`id`),
  UNIQUE KEY `email` (`email`),
  UNIQUE KEY `phone` (`phone`),
  CONSTRAINT `phone_check` CHECK (regexp_like(`PHONE`,_utf8mb4'^\\+7[0-9]{10}$'))
) ENGINE=InnoDB AUTO_INCREMENT=101 DEFAULT CHARSET=utf8mb4 COLLATE=utf8mb4_0900_ai_ci COMMENT='Таблица пользователей';
/*!40101 SET character_set_client = @saved_cs_client */;

--
-- Dumping data for table `users`
--

LOCK TABLES `users` WRITE;
/*!40000 ALTER TABLE `users` DISABLE KEYS */;
INSERT INTO `users` VALUES (1,'cherzog@example.net','+79549971475','1990-04-12 21:42:36','2021-07-03 19:42:38'),(2,'wilkinson.loraine@example.com','+79853805910','1988-12-01 02:42:20','2021-07-03 19:42:38'),(3,'antwon34@example.com','+79619115160','2009-08-23 09:42:37','2021-07-03 19:42:38'),(4,'jakubowski.cameron@example.org','+79534158102','2002-08-27 17:56:19','2021-07-03 19:42:38'),(5,'bernardo77@example.net','+79813445059','2016-01-27 17:46:22','2021-07-03 19:42:38'),(6,'bstiedemann@example.org','+79464751023','1998-08-27 13:21:25','2021-07-03 19:42:38'),(7,'xstehr@example.org','+79883419969','2020-03-16 11:25:07','2021-07-03 19:42:38'),(8,'bayer.hailie@example.org','+79022846812','1993-12-10 16:55:24','2021-07-03 19:42:38'),(9,'shirthe@example.org','+79463974179','1979-12-17 08:41:14','2021-07-03 19:42:38'),(10,'orin.borer@example.org','+79251330493','2018-11-22 11:00:19','2021-07-03 19:42:38'),(11,'emil17@example.com','+79864729960','1998-05-14 13:27:09','2021-07-03 19:42:38'),(12,'jessika31@example.net','+79569658353','1999-02-13 06:53:17','2021-07-03 19:42:38'),(13,'buckridge.mayra@example.org','+79254101918','1994-06-03 23:35:42','2021-07-03 19:42:38'),(14,'omante@example.org','+79561534563','2008-06-01 03:28:47','2021-07-03 19:42:38'),(15,'wilbert37@example.net','+79045367090','2009-09-03 18:23:05','2021-07-03 19:42:38'),(16,'carmella.jakubowski@example.net','+79542231794','2020-06-29 17:48:30','2021-07-03 19:42:38'),(17,'pmaggio@example.org','+79575057731','1991-03-13 10:51:23','2021-07-03 19:42:38'),(18,'windler.emely@example.net','+79248593308','1976-08-26 20:36:08','2021-07-03 19:42:38'),(19,'emilia.rippin@example.net','+79517793374','1975-05-12 17:41:59','2021-07-03 19:42:38'),(20,'murray.lauren@example.net','+79843186978','2002-12-23 04:21:07','2021-07-03 19:42:38'),(21,'cassandra68@example.net','+79662554801','1981-11-13 14:23:29','2021-07-03 19:42:38'),(22,'rafaela49@example.org','+79783213103','1987-08-24 20:10:59','2021-07-03 19:42:38'),(23,'kristopher60@example.net','+79928401143','2002-09-13 07:55:35','2021-07-03 19:42:38'),(24,'abernathy.rosetta@example.com','+79292366439','2021-02-17 20:53:19','2021-07-03 19:42:38'),(25,'gilbert08@example.org','+79676628796','2015-05-23 04:14:53','2021-07-03 19:42:38'),(26,'savanna.bayer@example.net','+79506044696','1999-03-20 07:36:56','2021-07-03 19:42:38'),(27,'barrows.jordan@example.org','+79500337121','1993-10-19 02:27:28','2021-07-03 19:42:38'),(28,'tony44@example.com','+79983551552','1980-06-09 10:40:25','2021-07-03 19:42:38'),(29,'kturner@example.net','+79416746430','1994-07-04 13:00:08','2021-07-03 19:42:38'),(30,'hudson.filiberto@example.org','+79133077522','2019-02-20 19:10:39','2021-07-03 19:42:38'),(31,'kub.alanis@example.net','+79415148353','2011-03-19 19:33:48','2021-07-03 19:42:38'),(32,'israel.bernhard@example.net','+79676509229','2000-04-08 04:55:52','2021-07-03 19:42:38'),(33,'emmie.stokes@example.com','+79137101120','2003-11-26 13:52:15','2021-07-03 19:42:38'),(34,'chickle@example.org','+79655977942','2015-12-26 09:03:59','2021-07-03 19:42:38'),(35,'sophia93@example.com','+79868586381','1982-10-26 15:35:19','2021-07-03 19:42:38'),(36,'sgleichner@example.org','+79374998115','1977-08-11 04:34:20','2021-07-03 19:42:38'),(37,'ubauch@example.org','+79269231463','2007-02-23 22:21:44','2021-07-03 19:42:38'),(38,'christy.heaney@example.org','+79221163001','1993-05-23 12:45:05','2021-07-03 19:42:38'),(39,'jbode@example.net','+79298120648','2013-11-14 08:34:14','2021-07-03 19:42:38'),(40,'bzieme@example.org','+79827114268','2007-05-19 22:32:32','2021-07-03 19:42:38'),(41,'abshire.geovanny@example.com','+79241209428','1982-09-12 03:58:00','2021-07-03 19:42:38'),(42,'jeichmann@example.net','+79724704367','2006-10-20 19:33:24','2021-07-03 19:42:38'),(43,'lindsey.little@example.com','+79899893586','2002-05-10 15:46:19','2021-07-03 19:42:38'),(44,'ian.keeling@example.com','+79325354861','1987-01-05 06:13:04','2021-07-03 19:42:38'),(45,'labadie.bernard@example.net','+79927093574','1987-01-25 14:39:32','2021-07-03 19:42:38'),(46,'maurine42@example.org','+79659403324','1970-03-25 04:30:30','2021-07-03 19:42:38'),(47,'dejah.dooley@example.org','+79515735927','1971-03-03 00:56:34','2021-07-03 19:42:38'),(48,'alfreda10@example.net','+79600469693','2007-12-21 05:28:04','2021-07-03 19:42:38'),(49,'kihn.dovie@example.org','+79455140718','1995-01-02 02:05:33','2021-07-03 19:42:38'),(50,'wschuppe@example.net','+79474294541','2015-09-17 05:23:19','2021-07-03 19:42:38'),(51,'reyna35@example.org','+79006050583','1993-10-09 08:10:21','2021-07-03 19:42:38'),(52,'kareem68@example.net','+79607369324','2009-09-07 16:44:43','2021-07-03 19:42:38'),(53,'lonie.bartoletti@example.com','+79018694902','1984-09-01 09:10:33','2021-07-03 19:42:38'),(54,'lucie.hackett@example.net','+79271366570','2009-02-02 13:28:41','2021-07-03 19:42:38'),(55,'wmetz@example.org','+79300748174','1993-01-15 08:25:45','2021-07-03 19:42:38'),(56,'tessie.brekke@example.net','+79689641190','1972-08-02 05:17:17','2021-07-03 19:42:38'),(57,'karlie.harris@example.org','+79545961463','2021-06-17 23:34:09','2021-07-03 19:42:38'),(58,'lhahn@example.net','+79660883777','2017-06-12 07:33:42','2021-07-03 19:42:38'),(59,'macejkovic.yazmin@example.org','+79666534529','2015-10-06 15:58:26','2021-07-03 19:42:38'),(60,'keeling.ethel@example.net','+79350021343','1994-01-11 03:37:53','2021-07-03 19:42:38'),(61,'felton05@example.net','+79750503160','2005-01-13 09:17:18','2021-07-03 19:42:38'),(62,'melisa.paucek@example.com','+79702451806','1981-08-13 21:06:22','2021-07-03 19:42:38'),(63,'jakubowski.libby@example.com','+79260749581','2020-01-11 09:52:01','2021-07-03 19:42:38'),(64,'rmclaughlin@example.com','+79196392516','2005-03-27 08:25:30','2021-07-03 19:42:38'),(65,'johnson.bradley@example.org','+79199713869','2016-12-01 01:53:28','2021-07-03 19:42:38'),(66,'audrey.boyer@example.org','+79409391830','2004-12-22 04:32:34','2021-07-03 19:42:38'),(67,'wilmer.wilderman@example.org','+79447817575','1981-11-21 00:50:34','2021-07-03 19:42:38'),(68,'jessyca.goldner@example.org','+79010912415','2002-04-07 00:48:33','2021-07-03 19:42:38'),(69,'homenick.lloyd@example.com','+79711109381','1984-08-05 18:05:55','2021-07-03 19:42:38'),(70,'rhett39@example.net','+79522809692','2012-05-11 19:40:10','2021-07-03 19:42:38'),(71,'marie.altenwerth@example.org','+79480720350','2004-09-04 07:19:30','2021-07-03 19:42:38'),(72,'rae39@example.org','+79835172705','1991-10-26 04:04:52','2021-07-03 19:42:38'),(73,'jeanette.huel@example.com','+79733702507','2006-09-08 18:07:49','2021-07-03 19:42:38'),(74,'uharber@example.org','+79162994454','1993-09-19 22:05:29','2021-07-03 19:42:38'),(75,'dakota.goyette@example.net','+79613864778','2005-06-24 03:22:11','2021-07-03 19:42:38'),(76,'madison.osinski@example.net','+79580340561','2017-08-17 15:03:56','2021-07-03 19:42:38'),(77,'skohler@example.org','+79060108503','1985-12-22 16:52:45','2021-07-03 19:42:38'),(78,'dameon35@example.com','+79559520861','2018-10-05 10:50:51','2021-07-03 19:42:38'),(79,'lindgren.larry@example.com','+79617278828','1987-03-12 06:51:37','2021-07-03 19:42:38'),(80,'kali.schamberger@example.org','+79407831589','2004-09-09 03:36:20','2021-07-03 19:42:38'),(81,'obartoletti@example.net','+79187321494','1984-11-17 22:25:02','2021-07-03 19:42:38'),(82,'alba.johns@example.net','+79713112732','1995-11-16 19:04:46','2021-07-03 19:42:38'),(83,'marques.reichel@example.com','+79003599212','2001-02-20 12:30:01','2021-07-03 19:42:38'),(84,'trystan03@example.net','+79878657893','1995-10-15 15:40:30','2021-07-03 19:42:38'),(85,'tessie88@example.com','+79382491863','2000-02-15 17:36:21','2021-07-03 19:42:38'),(86,'kpaucek@example.org','+79276485666','1971-11-08 02:55:37','2021-07-03 19:42:38'),(87,'kovacek.sasha@example.net','+79234952773','2003-05-31 00:49:14','2021-07-03 19:42:38'),(88,'gjaskolski@example.com','+79345306900','2015-03-11 20:30:52','2021-07-03 19:42:38'),(89,'emurray@example.net','+79021676211','2014-05-08 07:00:38','2021-07-03 19:42:38'),(90,'krunte@example.org','+79072460386','1972-04-19 14:59:47','2021-07-03 19:42:38'),(91,'laurine.jaskolski@example.org','+79297273330','1985-04-14 04:00:55','2021-07-03 19:42:38'),(92,'gcorwin@example.com','+79268985522','1975-06-17 09:36:25','2021-07-03 19:42:38'),(93,'onie48@example.com','+79453107654','1980-11-24 22:14:17','2021-07-03 19:42:38'),(94,'darby16@example.net','+79458581733','1987-06-24 04:38:43','2021-07-03 19:42:38'),(95,'priscilla02@example.com','+79933585735','1993-08-07 03:21:49','2021-07-03 19:42:38'),(96,'jody.keebler@example.net','+79292183512','2012-08-05 08:19:24','2021-07-03 19:42:38'),(97,'plabadie@example.com','+79660160385','1998-12-19 14:29:16','2021-07-03 19:42:38'),(98,'norval14@example.net','+79424251419','2019-12-28 22:10:23','2021-07-03 19:42:38'),(99,'glenna.crooks@example.org','+79140775972','1977-01-26 08:21:49','2021-07-03 19:42:38'),(100,'cleora.robel@example.com','+79431125636','1975-06-01 22:40:34','2021-07-03 19:42:38');
/*!40000 ALTER TABLE `users` ENABLE KEYS */;
UNLOCK TABLES;
/*!40103 SET TIME_ZONE=@OLD_TIME_ZONE */;

/*!40101 SET SQL_MODE=@OLD_SQL_MODE */;
/*!40014 SET FOREIGN_KEY_CHECKS=@OLD_FOREIGN_KEY_CHECKS */;
/*!40014 SET UNIQUE_CHECKS=@OLD_UNIQUE_CHECKS */;
/*!40101 SET CHARACTER_SET_CLIENT=@OLD_CHARACTER_SET_CLIENT */;
/*!40101 SET CHARACTER_SET_RESULTS=@OLD_CHARACTER_SET_RESULTS */;
/*!40101 SET COLLATION_CONNECTION=@OLD_COLLATION_CONNECTION */;
/*!40111 SET SQL_NOTES=@OLD_SQL_NOTES */;

-- Dump completed on 2021-07-07 18:04:11
