USE vk;

-- users
INSERT INTO `users` (`id`, `email`, `phone`, `created_at`, `updated_at`) VALUES (1, 'wo\'connell@example.org', '565.124.7072x8747', '2020-08-06 01:46:12', '1999-12-03 09:21:39');
INSERT INTO `users` (`id`, `email`, `phone`, `created_at`, `updated_at`) VALUES (2, 'zachary84@example.com', '460-685-8030x92171', '1990-08-21 13:14:02', '2017-05-03 15:22:03');
INSERT INTO `users` (`id`, `email`, `phone`, `created_at`, `updated_at`) VALUES (3, 'ilabadie@example.net', '05918920677', '1981-12-02 05:06:22', '1989-08-08 10:26:11');
INSERT INTO `users` (`id`, `email`, `phone`, `created_at`, `updated_at`) VALUES (4, 'kozey.pearline@example.net', '615-859-8996x47247', '2020-09-23 22:27:44', '2015-05-31 15:35:31');
INSERT INTO `users` (`id`, `email`, `phone`, `created_at`, `updated_at`) VALUES (5, 'bertha.kshlerin@example.org', '135-612-0360x8411', '1972-11-21 02:42:13', '1986-01-05 09:54:28');
INSERT INTO `users` (`id`, `email`, `phone`, `created_at`, `updated_at`) VALUES (6, 'klocko.river@example.org', '+49(3)7806598096', '2005-10-17 02:20:46', '2005-12-02 18:08:52');
INSERT INTO `users` (`id`, `email`, `phone`, `created_at`, `updated_at`) VALUES (7, 'gblanda@example.org', '1-620-816-9773x160', '2019-11-10 16:18:10', '2015-09-26 08:05:03');
INSERT INTO `users` (`id`, `email`, `phone`, `created_at`, `updated_at`) VALUES (8, 'edgardo81@example.org', '1-621-106-4469x882', '1979-05-10 03:28:25', '2002-07-17 02:51:52');
INSERT INTO `users` (`id`, `email`, `phone`, `created_at`, `updated_at`) VALUES (9, 'bogan.flavio@example.org', '02810064527', '2007-08-30 19:32:14', '2013-07-23 09:32:14');
INSERT INTO `users` (`id`, `email`, `phone`, `created_at`, `updated_at`) VALUES (10, 'loren88@example.org', '+69(9)5824583456', '1987-12-09 23:35:20', '1988-03-12 00:29:06');
INSERT INTO `users` (`id`, `email`, `phone`, `created_at`, `updated_at`) VALUES (11, 'gutmann.tremayne@example.com', '+04(3)3890785379', '1997-01-31 03:23:34', '2005-10-30 09:01:36');
INSERT INTO `users` (`id`, `email`, `phone`, `created_at`, `updated_at`) VALUES (12, 'cindy17@example.net', '744.801.8677', '1993-06-17 15:09:08', '1987-02-01 09:28:31');
INSERT INTO `users` (`id`, `email`, `phone`, `created_at`, `updated_at`) VALUES (13, 'gking@example.net', '+68(5)3074537722', '1987-01-17 23:39:23', '2015-10-24 12:35:30');
INSERT INTO `users` (`id`, `email`, `phone`, `created_at`, `updated_at`) VALUES (14, 'jude.hudson@example.com', '553.164.0110', '1979-12-31 16:33:37', '1983-04-18 12:26:38');
INSERT INTO `users` (`id`, `email`, `phone`, `created_at`, `updated_at`) VALUES (15, 'schaden.ana@example.net', '1-579-527-2123', '1993-02-21 19:29:53', '2013-11-07 09:36:59');
INSERT INTO `users` (`id`, `email`, `phone`, `created_at`, `updated_at`) VALUES (16, 'melyna.bechtelar@example.net', '711-717-9216x032', '1992-12-14 15:33:11', '1993-08-19 13:46:43');
INSERT INTO `users` (`id`, `email`, `phone`, `created_at`, `updated_at`) VALUES (17, 'clarabelle30@example.org', '(320)378-7438', '1998-06-06 04:11:23', '1997-10-25 20:31:09');
INSERT INTO `users` (`id`, `email`, `phone`, `created_at`, `updated_at`) VALUES (18, 'streich.consuelo@example.org', '1-076-303-4431x36878', '2015-04-16 02:57:32', '2018-01-07 15:54:45');
INSERT INTO `users` (`id`, `email`, `phone`, `created_at`, `updated_at`) VALUES (19, 'delmer.hyatt@example.org', '017-955-6302x64356', '1984-12-19 13:57:32', '2015-04-02 06:13:46');
INSERT INTO `users` (`id`, `email`, `phone`, `created_at`, `updated_at`) VALUES (20, 'greta.waelchi@example.net', '490-641-8842x04470', '1988-10-25 10:32:29', '2008-05-19 01:36:49');

-- надо было ограниечние добавлять видимо ПЕРЕД ТЕМ как генерить данные. что теперь поделать. 
-- UPDATE users SET phone = CONCAT('+7', 9000000000 + FLOOR(RAND()*999999999)); 
-- ALTER TABLE users ADD CONSTRAINT phone_check CHECK (REGEXP_LIKE(PHONE, '^\\+7[0-9]{10}$'));

-- profiles
INSERT INTO `profiles` (`id`, `user_id`, `first_name`, `last_name`, `gender`, `birthday`, `city`, `country`, `created_at`, `updated_at`) VALUES (1, 1, 'Tad', 'Lockman', '', '2021-05-31', 'New Cathrinetown', '9760126', '1983-05-02 22:35:52', '1993-10-27 21:11:27');
INSERT INTO `profiles` (`id`, `user_id`, `first_name`, `last_name`, `gender`, `birthday`, `city`, `country`, `created_at`, `updated_at`) VALUES (2, 2, 'Emilia', 'Cassin', '', '2013-07-09', 'North Adelbert', '1799', '1974-09-11 03:35:28', '2000-01-12 22:12:54');
INSERT INTO `profiles` (`id`, `user_id`, `first_name`, `last_name`, `gender`, `birthday`, `city`, `country`, `created_at`, `updated_at`) VALUES (3, 3, 'Lexus', 'Roob', '', '2008-11-11', 'Marlonfurt', '956040012', '1998-11-26 10:15:47', '1996-03-31 18:20:37');
INSERT INTO `profiles` (`id`, `user_id`, `first_name`, `last_name`, `gender`, `birthday`, `city`, `country`, `created_at`, `updated_at`) VALUES (4, 4, 'Amie', 'Hand', '', '1982-09-10', 'Stefanieberg', '9203617', '1980-09-17 12:36:35', '1978-08-17 19:04:27');
INSERT INTO `profiles` (`id`, `user_id`, `first_name`, `last_name`, `gender`, `birthday`, `city`, `country`, `created_at`, `updated_at`) VALUES (5, 5, 'Dianna', 'Prosacco', '', '1970-01-01', 'Beattyburgh', '9471050', '1987-10-25 07:33:11', '2011-09-23 16:18:57');
INSERT INTO `profiles` (`id`, `user_id`, `first_name`, `last_name`, `gender`, `birthday`, `city`, `country`, `created_at`, `updated_at`) VALUES (6, 6, 'Crawford', 'Heaney', '', '2007-02-24', 'Brendahaven', '473686', '2013-06-01 05:39:25', '1984-01-04 05:03:10');
INSERT INTO `profiles` (`id`, `user_id`, `first_name`, `last_name`, `gender`, `birthday`, `city`, `country`, `created_at`, `updated_at`) VALUES (7, 7, 'Reynold', 'Lynch', '', '1984-01-23', 'New Reyes', '151962921', '1973-03-23 09:19:00', '1991-06-21 19:13:05');
INSERT INTO `profiles` (`id`, `user_id`, `first_name`, `last_name`, `gender`, `birthday`, `city`, `country`, `created_at`, `updated_at`) VALUES (8, 8, 'Berneice', 'Funk', '', '2003-11-07', 'South Catherinefort', '46659108', '1972-03-17 01:17:48', '2016-12-15 16:34:47');
INSERT INTO `profiles` (`id`, `user_id`, `first_name`, `last_name`, `gender`, `birthday`, `city`, `country`, `created_at`, `updated_at`) VALUES (9, 9, 'Judah', 'Stokes', '', '2006-02-27', 'Wunschville', '35198404', '1991-08-09 23:47:55', '2017-10-23 13:03:37');
INSERT INTO `profiles` (`id`, `user_id`, `first_name`, `last_name`, `gender`, `birthday`, `city`, `country`, `created_at`, `updated_at`) VALUES (10, 10, 'Colt', 'Fisher', '', '2012-06-26', 'East Enola', '2858864', '1977-04-26 20:58:22', '2010-04-28 08:20:02');
INSERT INTO `profiles` (`id`, `user_id`, `first_name`, `last_name`, `gender`, `birthday`, `city`, `country`, `created_at`, `updated_at`) VALUES (11, 11, 'Marisol', 'Kunze', '', '1970-07-29', 'Lake Alfredamouth', '', '1974-11-06 20:17:38', '2008-03-08 22:47:19');
INSERT INTO `profiles` (`id`, `user_id`, `first_name`, `last_name`, `gender`, `birthday`, `city`, `country`, `created_at`, `updated_at`) VALUES (12, 12, 'Gia', 'Hamill', '', '2015-10-10', 'East Mortonchester', '2705524', '2014-10-07 03:34:25', '1995-05-05 16:46:38');
INSERT INTO `profiles` (`id`, `user_id`, `first_name`, `last_name`, `gender`, `birthday`, `city`, `country`, `created_at`, `updated_at`) VALUES (13, 13, 'Eliza', 'Hilpert', '', '1977-02-27', 'Anibalstad', '531800', '2020-12-28 12:35:18', '1972-12-01 02:56:11');
INSERT INTO `profiles` (`id`, `user_id`, `first_name`, `last_name`, `gender`, `birthday`, `city`, `country`, `created_at`, `updated_at`) VALUES (14, 14, 'Monserrat', 'Goodwin', '', '2003-12-15', 'Lake Melba', '695', '2017-05-26 22:04:09', '2009-04-08 15:51:25');
INSERT INTO `profiles` (`id`, `user_id`, `first_name`, `last_name`, `gender`, `birthday`, `city`, `country`, `created_at`, `updated_at`) VALUES (15, 15, 'Johan', 'Hoeger', '', '1973-09-19', 'South Reuben', '56274', '1984-04-23 02:13:39', '1983-04-07 04:39:14');
INSERT INTO `profiles` (`id`, `user_id`, `first_name`, `last_name`, `gender`, `birthday`, `city`, `country`, `created_at`, `updated_at`) VALUES (16, 16, 'Liana', 'Will', '', '1970-08-22', 'New Henryfurt', '50770399', '2008-07-27 02:37:33', '1999-07-17 04:17:26');
INSERT INTO `profiles` (`id`, `user_id`, `first_name`, `last_name`, `gender`, `birthday`, `city`, `country`, `created_at`, `updated_at`) VALUES (17, 17, 'Baylee', 'Parker', '', '1985-10-13', 'South Othaton', '', '1985-01-06 23:01:45', '1976-06-12 18:10:48');
INSERT INTO `profiles` (`id`, `user_id`, `first_name`, `last_name`, `gender`, `birthday`, `city`, `country`, `created_at`, `updated_at`) VALUES (18, 18, 'Julius', 'Runte', '', '1991-04-02', 'Tremayneport', '679', '1976-06-15 15:37:20', '2009-11-09 02:17:17');
INSERT INTO `profiles` (`id`, `user_id`, `first_name`, `last_name`, `gender`, `birthday`, `city`, `country`, `created_at`, `updated_at`) VALUES (19, 19, 'Cindy', 'Pollich', '', '1978-03-18', 'Marvinfurt', '93', '1975-08-24 06:17:34', '2004-03-22 03:06:01');
INSERT INTO `profiles` (`id`, `user_id`, `first_name`, `last_name`, `gender`, `birthday`, `city`, `country`, `created_at`, `updated_at`) VALUES (20, 20, 'Adah', 'Koss', '', '1978-07-18', 'Howeland', '16', '1980-09-16 20:30:35', '2000-01-29 07:32:44');
UPDATE profiles SET gender = 1 + ROUND(RAND() * 2);

-- communities
INSERT INTO `communities` (`id`, `name`, `created_at`, `updated_at`) VALUES (1, 'totam', '1981-06-17 08:20:21', '2021-07-02 16:24:39');
INSERT INTO `communities` (`id`, `name`, `created_at`, `updated_at`) VALUES (2, 'dolorem', '1971-03-06 07:01:40', '2010-08-28 22:13:11');
INSERT INTO `communities` (`id`, `name`, `created_at`, `updated_at`) VALUES (3, 'libero', '2018-01-10 04:15:35', '2019-05-15 16:24:43');
INSERT INTO `communities` (`id`, `name`, `created_at`, `updated_at`) VALUES (4, 'provident', '1982-09-17 19:34:33', '2008-06-18 02:13:58');
INSERT INTO `communities` (`id`, `name`, `created_at`, `updated_at`) VALUES (5, 'ex', '2018-04-05 14:02:05', '2004-12-24 15:49:20');
INSERT INTO `communities` (`id`, `name`, `created_at`, `updated_at`) VALUES (6, 'exercitationem', '2003-04-24 03:57:36', '1980-04-23 14:35:20');

-- communities_users
INSERT INTO `communities_users` (`community_id`, `user_id`, `created_at`, `updated_at`) VALUES (1, 1, '1995-06-21 20:35:37', '1987-11-23 00:00:39');
INSERT INTO `communities_users` (`community_id`, `user_id`, `created_at`, `updated_at`) VALUES (1, 7, '1970-06-16 07:20:59', '1986-11-20 01:48:48');
INSERT INTO `communities_users` (`community_id`, `user_id`, `created_at`, `updated_at`) VALUES (1, 13, '1976-04-06 22:02:14', '1992-08-07 21:44:01');
INSERT INTO `communities_users` (`community_id`, `user_id`, `created_at`, `updated_at`) VALUES (1, 19, '2018-06-11 14:00:24', '1972-01-21 12:32:47');
INSERT INTO `communities_users` (`community_id`, `user_id`, `created_at`, `updated_at`) VALUES (2, 2, '1995-02-06 03:33:03', '1990-06-04 00:48:51');
INSERT INTO `communities_users` (`community_id`, `user_id`, `created_at`, `updated_at`) VALUES (2, 8, '2005-05-25 12:26:02', '1990-11-04 09:35:52');
INSERT INTO `communities_users` (`community_id`, `user_id`, `created_at`, `updated_at`) VALUES (2, 14, '1993-06-28 16:00:21', '1995-01-09 18:32:47');
INSERT INTO `communities_users` (`community_id`, `user_id`, `created_at`, `updated_at`) VALUES (2, 20, '2004-09-26 13:36:27', '1995-06-25 15:52:40');
INSERT INTO `communities_users` (`community_id`, `user_id`, `created_at`, `updated_at`) VALUES (3, 1, '1979-04-08 06:30:43', '2020-10-27 08:23:11');
INSERT INTO `communities_users` (`community_id`, `user_id`, `created_at`, `updated_at`) VALUES (3, 3, '2007-01-04 10:06:11', '2007-10-10 19:12:08');
INSERT INTO `communities_users` (`community_id`, `user_id`, `created_at`, `updated_at`) VALUES (3, 9, '1978-07-31 11:45:28', '1978-07-15 05:11:01');
INSERT INTO `communities_users` (`community_id`, `user_id`, `created_at`, `updated_at`) VALUES (3, 15, '2003-03-01 19:36:23', '1973-05-24 20:45:18');
INSERT INTO `communities_users` (`community_id`, `user_id`, `created_at`, `updated_at`) VALUES (4, 2, '2018-09-14 15:14:42', '1976-02-15 09:17:25');
INSERT INTO `communities_users` (`community_id`, `user_id`, `created_at`, `updated_at`) VALUES (4, 4, '1986-12-11 17:10:15', '1984-03-16 02:28:39');
INSERT INTO `communities_users` (`community_id`, `user_id`, `created_at`, `updated_at`) VALUES (4, 10, '2018-10-20 13:48:41', '1992-09-19 06:33:11');
INSERT INTO `communities_users` (`community_id`, `user_id`, `created_at`, `updated_at`) VALUES (4, 16, '1984-06-07 21:45:16', '1985-11-12 12:18:13');
INSERT INTO `communities_users` (`community_id`, `user_id`, `created_at`, `updated_at`) VALUES (5, 3, '1970-08-05 10:04:28', '1995-05-06 18:32:17');
INSERT INTO `communities_users` (`community_id`, `user_id`, `created_at`, `updated_at`) VALUES (5, 5, '2004-03-06 02:48:47', '1970-09-08 10:06:53');
INSERT INTO `communities_users` (`community_id`, `user_id`, `created_at`, `updated_at`) VALUES (5, 11, '2020-11-02 18:20:05', '2019-04-29 14:21:05');
INSERT INTO `communities_users` (`community_id`, `user_id`, `created_at`, `updated_at`) VALUES (5, 17, '1995-09-19 13:29:57', '2016-07-09 07:35:34');
INSERT INTO `communities_users` (`community_id`, `user_id`, `created_at`, `updated_at`) VALUES (6, 6, '2010-07-27 15:42:36', '1990-09-03 10:11:37');
INSERT INTO `communities_users` (`community_id`, `user_id`, `created_at`, `updated_at`) VALUES (6, 12, '1995-03-26 10:12:17', '1975-12-03 23:53:52');
INSERT INTO `communities_users` (`community_id`, `user_id`, `created_at`, `updated_at`) VALUES (6, 18, '2018-08-23 18:01:00', '1986-10-30 14:41:48');

-- friendship
INSERT INTO `friendship` (`user_id`, `friend_id`, `status`, `requested_at`, `confirmed_at`, `created_at`, `updated_at`) VALUES (1, 1, 'Delectus ipsam corporis neque non eum nemo. Voluptatem maiores laborum iure sit facilis. Facere reru', '1997-03-23 09:57:30', '1988-04-21 12:41:16', '2012-07-12 18:49:33', '2013-10-16 23:14:23');
INSERT INTO `friendship` (`user_id`, `friend_id`, `status`, `requested_at`, `confirmed_at`, `created_at`, `updated_at`) VALUES (2, 2, 'Qui voluptatibus iure sint repellendus aut. Fuga quas dolorem porro blanditiis id. Numquam qui fuga ', '2011-04-24 08:41:52', '1970-09-22 09:01:22', '2018-04-29 02:36:15', '2020-12-24 14:19:47');
INSERT INTO `friendship` (`user_id`, `friend_id`, `status`, `requested_at`, `confirmed_at`, `created_at`, `updated_at`) VALUES (3, 3, 'Modi tempora omnis nobis quisquam deleniti aliquid. Et molestiae dolor beatae adipisci dolor alias u', '1991-05-08 09:20:05', '1997-08-08 00:50:17', '1984-05-05 07:07:19', '1998-09-15 19:05:12');
INSERT INTO `friendship` (`user_id`, `friend_id`, `status`, `requested_at`, `confirmed_at`, `created_at`, `updated_at`) VALUES (4, 4, 'Nam vel vel officiis error ullam error repellat fugit. Non iste neque incidunt nesciunt et et harum.', '2002-04-09 21:35:11', '1980-07-05 07:37:41', '1994-11-25 18:47:52', '2016-02-28 02:48:48');
INSERT INTO `friendship` (`user_id`, `friend_id`, `status`, `requested_at`, `confirmed_at`, `created_at`, `updated_at`) VALUES (5, 5, 'Eius repellendus sed magni dolorem nihil delectus eligendi. Odio dolor ab provident. Vel ut et aut q', '1981-01-22 18:23:50', '2014-03-09 01:33:58', '2016-08-17 11:41:50', '1992-04-19 13:39:40');
INSERT INTO `friendship` (`user_id`, `friend_id`, `status`, `requested_at`, `confirmed_at`, `created_at`, `updated_at`) VALUES (6, 6, 'Maiores reprehenderit labore aperiam enim. Eligendi molestiae aut mollitia sint quidem quo aut. Illo', '1976-05-11 21:14:10', '1981-11-04 14:53:37', '2000-07-17 20:59:42', '2006-09-20 04:05:40');
INSERT INTO `friendship` (`user_id`, `friend_id`, `status`, `requested_at`, `confirmed_at`, `created_at`, `updated_at`) VALUES (7, 7, 'Est earum dolor ipsam iusto eum esse soluta. Eum qui aliquid ducimus quasi distinctio aliquam.', '1988-01-19 13:59:54', '1991-06-24 14:32:27', '2005-04-15 09:00:00', '2018-10-07 08:47:07');
INSERT INTO `friendship` (`user_id`, `friend_id`, `status`, `requested_at`, `confirmed_at`, `created_at`, `updated_at`) VALUES (8, 8, 'Eos est consectetur in itaque non. Quibusdam nemo nihil nesciunt. Consequatur voluptatum vitae sunt ', '1986-12-13 13:35:11', '1993-09-25 20:41:50', '1980-01-26 00:41:39', '2017-06-29 20:59:12');
INSERT INTO `friendship` (`user_id`, `friend_id`, `status`, `requested_at`, `confirmed_at`, `created_at`, `updated_at`) VALUES (9, 9, 'Minus temporibus deserunt accusamus maiores qui. Reiciendis hic sint quasi. Nostrum animi provident ', '2021-01-07 20:08:51', '1995-08-18 05:08:59', '2002-10-20 02:51:13', '2014-11-08 11:29:38');
INSERT INTO `friendship` (`user_id`, `friend_id`, `status`, `requested_at`, `confirmed_at`, `created_at`, `updated_at`) VALUES (10, 10, 'Ducimus sit qui eligendi. Ex quia rem dolores modi voluptatum mollitia.', '2019-09-15 11:43:39', '1970-12-04 00:53:48', '1983-02-04 12:39:23', '1980-04-30 18:25:55');
INSERT INTO `friendship` (`user_id`, `friend_id`, `status`, `requested_at`, `confirmed_at`, `created_at`, `updated_at`) VALUES (11, 11, 'Ratione qui at voluptatem velit. Molestias vero incidunt itaque. Cumque sequi excepturi ad quis repu', '1979-12-13 05:56:07', '1980-12-21 10:35:41', '2009-08-14 07:56:04', '1995-07-06 16:20:39');
INSERT INTO `friendship` (`user_id`, `friend_id`, `status`, `requested_at`, `confirmed_at`, `created_at`, `updated_at`) VALUES (12, 12, 'Sit aspernatur et eveniet quaerat. Aliquam vel ab mollitia neque. Veniam sit accusamus ut.', '2003-09-17 00:54:17', '1989-08-17 14:08:36', '1977-04-20 12:24:56', '1983-06-18 03:43:49');
INSERT INTO `friendship` (`user_id`, `friend_id`, `status`, `requested_at`, `confirmed_at`, `created_at`, `updated_at`) VALUES (13, 13, 'Voluptate sit repellat est et ex quidem maxime. Eveniet dolore vitae ut est aut. Temporibus magni po', '1993-11-09 19:49:00', '1987-10-27 19:17:56', '2013-04-12 15:51:57', '1998-10-02 01:30:36');
INSERT INTO `friendship` (`user_id`, `friend_id`, `status`, `requested_at`, `confirmed_at`, `created_at`, `updated_at`) VALUES (14, 14, 'Dolorum quia rerum rerum autem pariatur autem eum. Laboriosam sunt velit optio doloribus provident i', '1992-08-27 19:58:52', '2004-06-13 04:13:06', '2001-12-23 22:45:54', '2005-07-29 20:44:57');
INSERT INTO `friendship` (`user_id`, `friend_id`, `status`, `requested_at`, `confirmed_at`, `created_at`, `updated_at`) VALUES (15, 15, 'Et cumque aut illum quibusdam cumque dolore voluptatum. Suscipit repellendus quidem qui maxime esse ', '2000-01-21 12:31:57', '2004-03-15 21:43:01', '2009-11-24 05:34:34', '2003-04-04 09:31:14');
INSERT INTO `friendship` (`user_id`, `friend_id`, `status`, `requested_at`, `confirmed_at`, `created_at`, `updated_at`) VALUES (16, 16, 'Asperiores corporis ut omnis asperiores possimus. Ut voluptas placeat reprehenderit aut. Recusandae ', '1978-11-01 07:17:31', '2004-06-08 17:34:19', '2018-08-06 01:08:52', '1986-01-22 13:30:54');
INSERT INTO `friendship` (`user_id`, `friend_id`, `status`, `requested_at`, `confirmed_at`, `created_at`, `updated_at`) VALUES (17, 17, 'Dolorem eum at ratione rerum soluta dolores. Illum aut doloremque impedit error repellendus. Illum m', '2013-02-01 11:23:39', '1977-07-29 21:50:24', '1985-04-29 06:01:49', '1998-10-05 09:34:56');
INSERT INTO `friendship` (`user_id`, `friend_id`, `status`, `requested_at`, `confirmed_at`, `created_at`, `updated_at`) VALUES (18, 18, 'Rem amet voluptatem recusandae id vel minus voluptatem fuga. Voluptatibus consequatur est accusantiu', '1987-02-01 06:57:30', '2005-06-14 11:30:30', '2011-08-10 12:12:37', '2012-03-14 16:03:37');
INSERT INTO `friendship` (`user_id`, `friend_id`, `status`, `requested_at`, `confirmed_at`, `created_at`, `updated_at`) VALUES (19, 19, 'Sed maiores voluptatem reprehenderit fugiat dolores. Iste sed rerum nesciunt quo. Vel explicabo aliq', '2002-04-26 15:58:18', '1995-10-30 23:18:28', '1994-08-29 22:08:32', '1982-08-03 20:52:00');
INSERT INTO `friendship` (`user_id`, `friend_id`, `status`, `requested_at`, `confirmed_at`, `created_at`, `updated_at`) VALUES (20, 20, 'Sint sed sequi ea molestias quidem sit. Quaerat et ut ipsam. Velit quis ut modi velit at ex.', '1982-09-15 08:18:42', '1987-06-04 13:15:31', '1998-09-20 17:33:10', '1989-04-14 05:32:45');

-- messages
INSERT INTO `messages` (`id`, `sender_id`, `reciever_id`, `send_at`, `recieved_at`, `created_at`, `updated_at`) VALUES (1, 1, 1, '1979-08-18 10:53:38', '2009-03-22 11:43:47', '2018-05-16 13:20:10', '1993-08-27 14:13:41');
INSERT INTO `messages` (`id`, `sender_id`, `reciever_id`, `send_at`, `recieved_at`, `created_at`, `updated_at`) VALUES (2, 2, 2, '2009-12-29 22:26:51', '1996-02-24 20:31:31', '1986-06-13 05:35:17', '2001-06-19 07:26:35');
INSERT INTO `messages` (`id`, `sender_id`, `reciever_id`, `send_at`, `recieved_at`, `created_at`, `updated_at`) VALUES (3, 3, 3, '1981-02-24 12:13:00', '2012-07-12 12:11:26', '2009-07-23 07:51:11', '1984-11-24 20:48:22');
INSERT INTO `messages` (`id`, `sender_id`, `reciever_id`, `send_at`, `recieved_at`, `created_at`, `updated_at`) VALUES (4, 4, 4, '1989-06-11 05:25:16', '2002-06-17 08:48:16', '2016-03-22 04:34:01', '2010-07-03 12:33:32');
INSERT INTO `messages` (`id`, `sender_id`, `reciever_id`, `send_at`, `recieved_at`, `created_at`, `updated_at`) VALUES (5, 5, 5, '1991-08-27 05:01:52', '1985-12-21 03:41:06', '2003-03-26 21:53:39', '2010-06-06 07:11:31');

-- media_types
INSERT INTO `media_types` (`id`, `name`, `created_at`, `updated_at`) VALUES (1, 'quos', '1996-06-28 02:46:02', '2013-07-10 00:58:18');
INSERT INTO `media_types` (`id`, `name`, `created_at`, `updated_at`) VALUES (2, 'eveniet', '2012-11-07 19:47:06', '1992-01-02 05:19:00');
INSERT INTO `media_types` (`id`, `name`, `created_at`, `updated_at`) VALUES (3, 'qui', '1972-09-02 22:27:43', '2002-06-16 00:42:26');
INSERT INTO `media_types` (`id`, `name`, `created_at`, `updated_at`) VALUES (4, 'nulla', '2015-06-06 17:50:27', '1980-08-31 17:33:24');

-- media 
INSERT INTO `media` (`id`, `media_type_id`, `filename`, `created_at`, `updated_at`) VALUES (1, 1, 'voluptate', '1995-10-19 13:04:02', '1981-12-06 05:40:39');
INSERT INTO `media` (`id`, `media_type_id`, `filename`, `created_at`, `updated_at`) VALUES (2, 2, 'et', '2015-01-22 09:53:23', '1986-01-02 20:26:34');
INSERT INTO `media` (`id`, `media_type_id`, `filename`, `created_at`, `updated_at`) VALUES (3, 3, 'eum', '2008-02-05 20:13:45', '2004-02-20 22:22:54');
INSERT INTO `media` (`id`, `media_type_id`, `filename`, `created_at`, `updated_at`) VALUES (4, 4, 'qui', '2015-10-06 14:16:30', '1988-11-22 01:18:01');
INSERT INTO `media` (`id`, `media_type_id`, `filename`, `created_at`, `updated_at`) VALUES (5, 1, 'perspiciatis', '2009-09-09 05:41:09', '2012-09-13 22:02:12');
INSERT INTO `media` (`id`, `media_type_id`, `filename`, `created_at`, `updated_at`) VALUES (6, 2, 'recusandae', '2004-12-27 10:06:25', '1978-09-14 18:34:10');
INSERT INTO `media` (`id`, `media_type_id`, `filename`, `created_at`, `updated_at`) VALUES (7, 3, 'autem', '1983-11-28 08:03:22', '1982-09-30 21:16:55');
INSERT INTO `media` (`id`, `media_type_id`, `filename`, `created_at`, `updated_at`) VALUES (8, 4, 'cupiditate', '1997-06-03 04:20:54', '2013-12-25 09:27:03');
INSERT INTO `media` (`id`, `media_type_id`, `filename`, `created_at`, `updated_at`) VALUES (9, 1, 'expedita', '1983-10-11 23:16:17', '1990-09-26 22:58:33');
INSERT INTO `media` (`id`, `media_type_id`, `filename`, `created_at`, `updated_at`) VALUES (10, 2, 'sunt', '1996-02-04 12:16:19', '2005-01-05 11:41:48');
INSERT INTO `media` (`id`, `media_type_id`, `filename`, `created_at`, `updated_at`) VALUES (11, 3, 'illo', '1987-11-02 22:56:18', '1990-10-06 17:14:38');
INSERT INTO `media` (`id`, `media_type_id`, `filename`, `created_at`, `updated_at`) VALUES (12, 4, 'consequatur', '2010-06-02 15:03:03', '1999-01-28 08:16:31');
INSERT INTO `media` (`id`, `media_type_id`, `filename`, `created_at`, `updated_at`) VALUES (13, 1, 'eius', '1982-11-28 23:58:13', '1979-02-04 17:35:46');
INSERT INTO `media` (`id`, `media_type_id`, `filename`, `created_at`, `updated_at`) VALUES (14, 2, 'nihil', '2014-12-11 18:26:02', '1983-07-11 02:17:47');
INSERT INTO `media` (`id`, `media_type_id`, `filename`, `created_at`, `updated_at`) VALUES (15, 3, 'nulla', '2002-02-20 04:36:19', '2015-11-14 09:59:32');
INSERT INTO `media` (`id`, `media_type_id`, `filename`, `created_at`, `updated_at`) VALUES (16, 4, 'animi', '1983-12-14 02:22:12', '1973-06-29 21:05:11');
INSERT INTO `media` (`id`, `media_type_id`, `filename`, `created_at`, `updated_at`) VALUES (17, 1, 'corporis', '1976-10-29 19:20:08', '1987-08-07 19:35:23');
INSERT INTO `media` (`id`, `media_type_id`, `filename`, `created_at`, `updated_at`) VALUES (18, 2, 'repellendus', '1980-08-29 02:42:32', '2016-02-16 05:50:42');
INSERT INTO `media` (`id`, `media_type_id`, `filename`, `created_at`, `updated_at`) VALUES (19, 3, 'et', '1995-09-23 05:20:17', '2001-09-10 18:14:12');
INSERT INTO `media` (`id`, `media_type_id`, `filename`, `created_at`, `updated_at`) VALUES (20, 4, 'ullam', '2010-11-09 18:44:35', '1990-06-25 21:10:22');
INSERT INTO `media` (`id`, `media_type_id`, `filename`, `created_at`, `updated_at`) VALUES (21, 1, 'est', '1981-06-12 05:52:06', '1997-11-03 06:38:32');
INSERT INTO `media` (`id`, `media_type_id`, `filename`, `created_at`, `updated_at`) VALUES (22, 2, 'qui', '2000-06-15 17:29:24', '1975-05-07 21:49:39');
INSERT INTO `media` (`id`, `media_type_id`, `filename`, `created_at`, `updated_at`) VALUES (23, 3, 'blanditiis', '2000-01-23 22:33:04', '1982-08-12 04:02:09');
INSERT INTO `media` (`id`, `media_type_id`, `filename`, `created_at`, `updated_at`) VALUES (24, 4, 'animi', '2014-11-17 19:15:26', '1992-12-27 15:05:46');
INSERT INTO `media` (`id`, `media_type_id`, `filename`, `created_at`, `updated_at`) VALUES (25, 1, 'labore', '2019-04-11 08:24:08', '1975-11-06 18:26:51');
INSERT INTO `media` (`id`, `media_type_id`, `filename`, `created_at`, `updated_at`) VALUES (26, 2, 'ut', '2021-06-03 03:48:49', '2017-06-07 09:18:22');
INSERT INTO `media` (`id`, `media_type_id`, `filename`, `created_at`, `updated_at`) VALUES (27, 3, 'atque', '2009-11-29 10:08:56', '1975-03-12 16:22:05');
INSERT INTO `media` (`id`, `media_type_id`, `filename`, `created_at`, `updated_at`) VALUES (28, 4, 'rerum', '1977-02-16 05:57:52', '2017-08-21 21:23:45');
INSERT INTO `media` (`id`, `media_type_id`, `filename`, `created_at`, `updated_at`) VALUES (29, 1, 'provident', '1982-05-07 17:44:20', '2003-09-29 17:11:01');
INSERT INTO `media` (`id`, `media_type_id`, `filename`, `created_at`, `updated_at`) VALUES (30, 2, 'et', '2020-04-28 04:27:07', '1993-02-05 14:47:21');
INSERT INTO `media` (`id`, `media_type_id`, `filename`, `created_at`, `updated_at`) VALUES (31, 3, 'quia', '1974-08-28 01:36:35', '2015-05-13 00:50:55');
INSERT INTO `media` (`id`, `media_type_id`, `filename`, `created_at`, `updated_at`) VALUES (32, 4, 'animi', '1997-10-14 11:24:54', '1977-09-12 20:34:51');
INSERT INTO `media` (`id`, `media_type_id`, `filename`, `created_at`, `updated_at`) VALUES (33, 1, 'exercitationem', '1973-11-24 08:00:37', '1976-07-30 22:14:59');
INSERT INTO `media` (`id`, `media_type_id`, `filename`, `created_at`, `updated_at`) VALUES (34, 2, 'maxime', '1990-03-15 12:19:40', '2000-02-27 18:32:58');
INSERT INTO `media` (`id`, `media_type_id`, `filename`, `created_at`, `updated_at`) VALUES (35, 3, 'velit', '1981-10-20 15:59:37', '2000-07-02 18:10:33');
INSERT INTO `media` (`id`, `media_type_id`, `filename`, `created_at`, `updated_at`) VALUES (36, 4, 'saepe', '2003-11-27 10:45:34', '1982-09-29 03:43:41');
INSERT INTO `media` (`id`, `media_type_id`, `filename`, `created_at`, `updated_at`) VALUES (37, 1, 'consequatur', '2003-09-30 14:57:01', '1990-01-02 09:55:49');
INSERT INTO `media` (`id`, `media_type_id`, `filename`, `created_at`, `updated_at`) VALUES (38, 2, 'enim', '1997-07-26 00:49:20', '1999-11-12 06:33:14');
INSERT INTO `media` (`id`, `media_type_id`, `filename`, `created_at`, `updated_at`) VALUES (39, 3, 'qui', '1970-01-18 03:42:37', '1978-05-03 05:43:18');
INSERT INTO `media` (`id`, `media_type_id`, `filename`, `created_at`, `updated_at`) VALUES (40, 4, 'consequatur', '1975-09-02 09:06:19', '1989-12-11 20:07:08');
INSERT INTO `media` (`id`, `media_type_id`, `filename`, `created_at`, `updated_at`) VALUES (41, 1, 'quaerat', '1981-08-17 15:31:08', '1980-04-02 17:49:06');
INSERT INTO `media` (`id`, `media_type_id`, `filename`, `created_at`, `updated_at`) VALUES (42, 2, 'minima', '1977-03-08 04:15:37', '1970-06-01 19:55:27');
INSERT INTO `media` (`id`, `media_type_id`, `filename`, `created_at`, `updated_at`) VALUES (43, 3, 'velit', '2011-05-21 22:49:09', '1993-02-08 19:04:53');
INSERT INTO `media` (`id`, `media_type_id`, `filename`, `created_at`, `updated_at`) VALUES (44, 4, 'aperiam', '1986-02-07 02:59:41', '1975-12-14 05:21:29');
INSERT INTO `media` (`id`, `media_type_id`, `filename`, `created_at`, `updated_at`) VALUES (45, 1, 'sed', '1991-06-06 18:02:57', '1998-08-15 08:30:35');
INSERT INTO `media` (`id`, `media_type_id`, `filename`, `created_at`, `updated_at`) VALUES (46, 2, 'harum', '1995-12-07 16:38:51', '2019-05-08 03:37:16');
INSERT INTO `media` (`id`, `media_type_id`, `filename`, `created_at`, `updated_at`) VALUES (47, 3, 'perferendis', '1976-03-21 15:18:59', '2015-01-16 01:17:04');
INSERT INTO `media` (`id`, `media_type_id`, `filename`, `created_at`, `updated_at`) VALUES (48, 4, 'exercitationem', '2013-03-12 07:33:43', '2010-02-02 09:18:25');
INSERT INTO `media` (`id`, `media_type_id`, `filename`, `created_at`, `updated_at`) VALUES (49, 1, 'voluptas', '1989-09-19 06:50:44', '1995-03-30 02:15:51');
INSERT INTO `media` (`id`, `media_type_id`, `filename`, `created_at`, `updated_at`) VALUES (50, 2, 'cupiditate', '2018-04-15 04:28:57', '1984-10-14 00:44:13');
INSERT INTO `media` (`id`, `media_type_id`, `filename`, `created_at`, `updated_at`) VALUES (51, 3, 'occaecati', '2005-09-26 12:14:01', '1982-10-09 05:55:38');
INSERT INTO `media` (`id`, `media_type_id`, `filename`, `created_at`, `updated_at`) VALUES (52, 4, 'maxime', '2019-08-31 16:09:15', '1985-09-30 02:03:59');
INSERT INTO `media` (`id`, `media_type_id`, `filename`, `created_at`, `updated_at`) VALUES (53, 1, 'aliquam', '2004-01-27 13:10:26', '2016-09-09 07:38:48');
INSERT INTO `media` (`id`, `media_type_id`, `filename`, `created_at`, `updated_at`) VALUES (54, 2, 'maiores', '1989-09-04 03:47:05', '1982-10-31 12:03:36');
INSERT INTO `media` (`id`, `media_type_id`, `filename`, `created_at`, `updated_at`) VALUES (55, 3, 'nemo', '2001-07-01 06:12:13', '2003-12-23 16:27:41');
INSERT INTO `media` (`id`, `media_type_id`, `filename`, `created_at`, `updated_at`) VALUES (56, 4, 'et', '1972-08-30 18:09:30', '1985-12-06 01:49:49');
INSERT INTO `media` (`id`, `media_type_id`, `filename`, `created_at`, `updated_at`) VALUES (57, 1, 'dignissimos', '2006-05-31 09:25:28', '1994-09-06 06:18:28');
INSERT INTO `media` (`id`, `media_type_id`, `filename`, `created_at`, `updated_at`) VALUES (58, 2, 'quae', '1996-04-29 16:02:22', '2005-02-20 01:35:17');
INSERT INTO `media` (`id`, `media_type_id`, `filename`, `created_at`, `updated_at`) VALUES (59, 3, 'enim', '2000-08-03 13:51:32', '1980-03-18 06:08:44');
INSERT INTO `media` (`id`, `media_type_id`, `filename`, `created_at`, `updated_at`) VALUES (60, 4, 'totam', '2006-01-16 16:55:53', '2012-07-08 15:26:35');
INSERT INTO `media` (`id`, `media_type_id`, `filename`, `created_at`, `updated_at`) VALUES (61, 1, 'reiciendis', '1999-01-27 22:40:24', '1999-08-11 02:55:30');
INSERT INTO `media` (`id`, `media_type_id`, `filename`, `created_at`, `updated_at`) VALUES (62, 2, 'tempora', '1977-03-09 12:32:34', '1989-06-29 00:40:12');
INSERT INTO `media` (`id`, `media_type_id`, `filename`, `created_at`, `updated_at`) VALUES (63, 3, 'atque', '1983-11-19 20:25:59', '1987-03-18 11:45:02');
INSERT INTO `media` (`id`, `media_type_id`, `filename`, `created_at`, `updated_at`) VALUES (64, 4, 'provident', '2006-05-10 21:30:05', '1984-07-17 15:12:19');
INSERT INTO `media` (`id`, `media_type_id`, `filename`, `created_at`, `updated_at`) VALUES (65, 1, 'aut', '1980-02-27 14:34:28', '2018-06-05 06:59:59');
INSERT INTO `media` (`id`, `media_type_id`, `filename`, `created_at`, `updated_at`) VALUES (66, 2, 'quia', '2009-03-27 06:21:37', '1985-09-24 07:32:29');
INSERT INTO `media` (`id`, `media_type_id`, `filename`, `created_at`, `updated_at`) VALUES (67, 3, 'cupiditate', '1999-07-28 19:42:56', '1993-11-28 12:49:19');
INSERT INTO `media` (`id`, `media_type_id`, `filename`, `created_at`, `updated_at`) VALUES (68, 4, 'dolore', '1991-09-29 10:03:02', '1983-01-24 16:47:52');
INSERT INTO `media` (`id`, `media_type_id`, `filename`, `created_at`, `updated_at`) VALUES (69, 1, 'nisi', '2009-03-09 12:57:48', '1976-04-21 12:17:29');
INSERT INTO `media` (`id`, `media_type_id`, `filename`, `created_at`, `updated_at`) VALUES (70, 2, 'reiciendis', '1979-02-02 05:20:11', '2012-04-11 16:50:19');
INSERT INTO `media` (`id`, `media_type_id`, `filename`, `created_at`, `updated_at`) VALUES (71, 3, 'consequatur', '2009-10-28 12:38:50', '1991-06-13 09:23:18');
INSERT INTO `media` (`id`, `media_type_id`, `filename`, `created_at`, `updated_at`) VALUES (72, 4, 'est', '1974-07-24 11:02:00', '2019-08-10 15:16:02');
INSERT INTO `media` (`id`, `media_type_id`, `filename`, `created_at`, `updated_at`) VALUES (73, 1, 'eligendi', '2011-03-07 06:47:49', '2017-01-24 04:16:51');
INSERT INTO `media` (`id`, `media_type_id`, `filename`, `created_at`, `updated_at`) VALUES (74, 2, 'aut', '1997-02-02 05:09:24', '1978-08-16 23:18:00');
INSERT INTO `media` (`id`, `media_type_id`, `filename`, `created_at`, `updated_at`) VALUES (75, 3, 'et', '1983-05-25 11:10:39', '1970-10-08 08:16:42');
INSERT INTO `media` (`id`, `media_type_id`, `filename`, `created_at`, `updated_at`) VALUES (76, 4, 'cum', '2005-09-29 15:14:08', '2020-02-01 13:39:14');
INSERT INTO `media` (`id`, `media_type_id`, `filename`, `created_at`, `updated_at`) VALUES (77, 1, 'nihil', '2010-07-28 15:12:51', '2009-05-30 20:05:26');
INSERT INTO `media` (`id`, `media_type_id`, `filename`, `created_at`, `updated_at`) VALUES (78, 2, 'voluptates', '2001-02-05 13:20:48', '1970-01-02 08:12:58');
INSERT INTO `media` (`id`, `media_type_id`, `filename`, `created_at`, `updated_at`) VALUES (79, 3, 'tempore', '2019-03-26 06:20:24', '1974-03-02 15:30:38');
INSERT INTO `media` (`id`, `media_type_id`, `filename`, `created_at`, `updated_at`) VALUES (80, 4, 'mollitia', '2013-02-27 19:32:42', '2004-11-16 20:32:08');
INSERT INTO `media` (`id`, `media_type_id`, `filename`, `created_at`, `updated_at`) VALUES (81, 1, 'labore', '2005-07-17 11:58:59', '1977-05-31 19:33:41');
INSERT INTO `media` (`id`, `media_type_id`, `filename`, `created_at`, `updated_at`) VALUES (82, 2, 'vel', '2020-04-25 07:28:10', '2010-11-12 17:43:25');
INSERT INTO `media` (`id`, `media_type_id`, `filename`, `created_at`, `updated_at`) VALUES (83, 3, 'et', '2015-04-26 12:29:12', '2002-08-12 16:19:54');
INSERT INTO `media` (`id`, `media_type_id`, `filename`, `created_at`, `updated_at`) VALUES (84, 4, 'non', '1991-09-02 02:39:16', '1971-10-20 20:09:37');
INSERT INTO `media` (`id`, `media_type_id`, `filename`, `created_at`, `updated_at`) VALUES (85, 1, 'autem', '2018-12-06 00:18:07', '1985-02-06 09:08:50');
INSERT INTO `media` (`id`, `media_type_id`, `filename`, `created_at`, `updated_at`) VALUES (86, 2, 'nam', '1976-02-14 12:33:38', '1985-10-06 11:39:18');
INSERT INTO `media` (`id`, `media_type_id`, `filename`, `created_at`, `updated_at`) VALUES (87, 3, 'vitae', '1989-05-02 15:17:34', '1993-07-24 13:41:44');
INSERT INTO `media` (`id`, `media_type_id`, `filename`, `created_at`, `updated_at`) VALUES (88, 4, 'iure', '2002-10-30 17:12:16', '1983-09-17 20:00:08');
INSERT INTO `media` (`id`, `media_type_id`, `filename`, `created_at`, `updated_at`) VALUES (89, 1, 'quasi', '2020-09-19 10:23:26', '1970-05-22 08:49:47');
INSERT INTO `media` (`id`, `media_type_id`, `filename`, `created_at`, `updated_at`) VALUES (90, 2, 'a', '1987-05-09 10:59:17', '2014-06-26 03:08:36');
INSERT INTO `media` (`id`, `media_type_id`, `filename`, `created_at`, `updated_at`) VALUES (91, 3, 'voluptatem', '2008-05-29 01:01:21', '1987-06-14 16:08:51');
INSERT INTO `media` (`id`, `media_type_id`, `filename`, `created_at`, `updated_at`) VALUES (92, 4, 'voluptas', '2002-11-16 03:32:40', '1971-09-07 08:51:13');
INSERT INTO `media` (`id`, `media_type_id`, `filename`, `created_at`, `updated_at`) VALUES (93, 1, 'qui', '2013-10-13 20:08:49', '1997-05-26 10:57:10');
INSERT INTO `media` (`id`, `media_type_id`, `filename`, `created_at`, `updated_at`) VALUES (94, 2, 'quasi', '2019-02-12 17:56:59', '1987-07-08 17:43:24');
INSERT INTO `media` (`id`, `media_type_id`, `filename`, `created_at`, `updated_at`) VALUES (95, 3, 'autem', '2016-04-23 05:07:34', '1992-04-24 23:36:09');
INSERT INTO `media` (`id`, `media_type_id`, `filename`, `created_at`, `updated_at`) VALUES (96, 4, 'repellat', '1992-12-26 19:45:47', '2019-03-04 21:05:57');
INSERT INTO `media` (`id`, `media_type_id`, `filename`, `created_at`, `updated_at`) VALUES (97, 1, 'illo', '2018-06-30 21:31:16', '1997-03-13 17:24:56');
INSERT INTO `media` (`id`, `media_type_id`, `filename`, `created_at`, `updated_at`) VALUES (98, 2, 'aut', '1973-12-24 12:47:08', '2013-02-26 23:26:50');
INSERT INTO `media` (`id`, `media_type_id`, `filename`, `created_at`, `updated_at`) VALUES (99, 3, 'non', '1999-05-27 12:58:52', '1995-11-05 18:18:57');
INSERT INTO `media` (`id`, `media_type_id`, `filename`, `created_at`, `updated_at`) VALUES (100, 4, 'tenetur', '1978-12-22 07:18:53', '1991-03-01 21:47:17');

-- messages_media
INSERT INTO `messages_media` (`message_id`, `media_id`, `created_at`, `updated_at`) VALUES (1, 1, '2011-08-04 07:09:11', '2013-11-26 22:23:06');
INSERT INTO `messages_media` (`message_id`, `media_id`, `created_at`, `updated_at`) VALUES (2, 2, '1991-02-17 04:00:56', '1986-07-05 16:43:03');
INSERT INTO `messages_media` (`message_id`, `media_id`, `created_at`, `updated_at`) VALUES (3, 3, '2007-01-25 12:44:37', '1987-07-02 18:08:51');
INSERT INTO `messages_media` (`message_id`, `media_id`, `created_at`, `updated_at`) VALUES (4, 4, '1973-01-13 14:41:43', '1988-11-26 10:21:45');
INSERT INTO `messages_media` (`message_id`, `media_id`, `created_at`, `updated_at`) VALUES (5, 5, '1993-08-24 18:18:04', '1982-03-14 21:39:53');
INSERT INTO `messages_media` (`message_id`, `media_id`, `created_at`, `updated_at`) VALUES (1, 6, '1985-09-25 14:32:06', '1989-01-16 20:37:59');
INSERT INTO `messages_media` (`message_id`, `media_id`, `created_at`, `updated_at`) VALUES (2, 7, '1983-03-31 18:21:57', '2012-06-08 06:07:13');
INSERT INTO `messages_media` (`message_id`, `media_id`, `created_at`, `updated_at`) VALUES (3, 8, '2000-06-30 22:57:12', '1985-12-03 04:45:17');
INSERT INTO `messages_media` (`message_id`, `media_id`, `created_at`, `updated_at`) VALUES (4, 9, '1992-11-27 23:43:09', '1993-03-20 01:49:43');
INSERT INTO `messages_media` (`message_id`, `media_id`, `created_at`, `updated_at`) VALUES (5, 10, '2006-09-02 12:22:53', '1998-03-03 22:47:09');
INSERT INTO `messages_media` (`message_id`, `media_id`, `created_at`, `updated_at`) VALUES (1, 11, '1979-02-28 22:48:23', '2004-04-01 11:12:34');
INSERT INTO `messages_media` (`message_id`, `media_id`, `created_at`, `updated_at`) VALUES (2, 12, '2015-09-08 10:12:59', '2015-01-05 04:03:03');
INSERT INTO `messages_media` (`message_id`, `media_id`, `created_at`, `updated_at`) VALUES (3, 13, '1981-02-25 07:34:44', '1974-10-31 03:30:25');
INSERT INTO `messages_media` (`message_id`, `media_id`, `created_at`, `updated_at`) VALUES (4, 14, '1982-02-13 03:12:50', '2019-02-04 21:39:16');
INSERT INTO `messages_media` (`message_id`, `media_id`, `created_at`, `updated_at`) VALUES (5, 15, '2016-07-17 05:53:54', '2013-11-27 21:12:34');

-- posts
INSERT INTO `posts` (`id`, `user_id`, `community_id`, `post_content`, `created_at`, `updated_at`) VALUES (1, 1, 1, NULL, '1995-10-14 19:17:45', '2003-02-24 13:41:42');
INSERT INTO `posts` (`id`, `user_id`, `community_id`, `post_content`, `created_at`, `updated_at`) VALUES (2, 2, 2, NULL, '2010-05-10 08:01:23', '1979-10-06 11:00:52');
INSERT INTO `posts` (`id`, `user_id`, `community_id`, `post_content`, `created_at`, `updated_at`) VALUES (3, 3, 3, NULL, '2005-11-21 15:30:38', '2008-08-08 07:31:09');
INSERT INTO `posts` (`id`, `user_id`, `community_id`, `post_content`, `created_at`, `updated_at`) VALUES (4, 4, 4, NULL, '1974-08-21 15:57:44', '1988-10-30 21:13:49');
INSERT INTO `posts` (`id`, `user_id`, `community_id`, `post_content`, `created_at`, `updated_at`) VALUES (5, 5, 5, NULL, '2004-09-15 09:29:23', '1997-08-26 20:15:18');
INSERT INTO `posts` (`id`, `user_id`, `community_id`, `post_content`, `created_at`, `updated_at`) VALUES (6, 6, 6, NULL, '2017-07-14 04:48:41', '1994-12-01 05:05:58');
INSERT INTO `posts` (`id`, `user_id`, `community_id`, `post_content`, `created_at`, `updated_at`) VALUES (7, 7, 1, NULL, '2019-12-06 11:37:39', '1980-05-26 06:05:44');
INSERT INTO `posts` (`id`, `user_id`, `community_id`, `post_content`, `created_at`, `updated_at`) VALUES (8, 8, 2, NULL, '2000-04-05 09:07:20', '2016-01-01 03:37:35');
INSERT INTO `posts` (`id`, `user_id`, `community_id`, `post_content`, `created_at`, `updated_at`) VALUES (9, 9, 3, NULL, '1997-11-19 21:58:32', '2021-01-10 11:33:52');
INSERT INTO `posts` (`id`, `user_id`, `community_id`, `post_content`, `created_at`, `updated_at`) VALUES (10, 10, 4, NULL, '1984-09-01 07:01:31', '1987-07-06 21:26:27');
INSERT INTO `posts` (`id`, `user_id`, `community_id`, `post_content`, `created_at`, `updated_at`) VALUES (11, 11, 5, NULL, '1971-12-09 18:23:53', '1970-05-23 18:12:18');
INSERT INTO `posts` (`id`, `user_id`, `community_id`, `post_content`, `created_at`, `updated_at`) VALUES (12, 12, 6, NULL, '1985-01-31 12:06:10', '1994-10-16 12:23:16');
INSERT INTO `posts` (`id`, `user_id`, `community_id`, `post_content`, `created_at`, `updated_at`) VALUES (13, 13, 1, NULL, '2020-09-29 22:30:46', '1997-10-19 18:51:43');
INSERT INTO `posts` (`id`, `user_id`, `community_id`, `post_content`, `created_at`, `updated_at`) VALUES (14, 14, 2, NULL, '1996-03-16 18:58:21', '1986-03-04 00:09:36');
INSERT INTO `posts` (`id`, `user_id`, `community_id`, `post_content`, `created_at`, `updated_at`) VALUES (15, 15, 3, NULL, '1998-07-26 03:19:48', '2003-10-24 03:11:30');
INSERT INTO `posts` (`id`, `user_id`, `community_id`, `post_content`, `created_at`, `updated_at`) VALUES (16, 16, 4, NULL, '2001-09-16 06:03:46', '2019-09-21 13:09:07');

-- posts_media
INSERT INTO `posts_media` (`post_id`, `media_id`, `created_at`, `updated_at`) VALUES (1, 1, '2003-11-24 00:37:05', '1987-10-01 13:15:03');
INSERT INTO `posts_media` (`post_id`, `media_id`, `created_at`, `updated_at`) VALUES (1, 17, '2018-07-09 05:55:46', '2013-01-08 21:43:27');
INSERT INTO `posts_media` (`post_id`, `media_id`, `created_at`, `updated_at`) VALUES (2, 2, '1987-08-19 16:12:47', '1974-03-09 21:16:48');
INSERT INTO `posts_media` (`post_id`, `media_id`, `created_at`, `updated_at`) VALUES (2, 18, '1981-04-13 04:09:35', '1976-03-03 00:50:05');
INSERT INTO `posts_media` (`post_id`, `media_id`, `created_at`, `updated_at`) VALUES (3, 3, '2006-10-08 14:33:17', '2016-11-21 00:33:29');
INSERT INTO `posts_media` (`post_id`, `media_id`, `created_at`, `updated_at`) VALUES (3, 19, '1999-09-09 07:58:52', '2011-11-24 21:01:42');
INSERT INTO `posts_media` (`post_id`, `media_id`, `created_at`, `updated_at`) VALUES (4, 4, '2016-06-01 11:20:04', '2010-06-17 17:31:50');
INSERT INTO `posts_media` (`post_id`, `media_id`, `created_at`, `updated_at`) VALUES (4, 20, '1996-11-11 22:03:52', '1975-06-29 09:16:43');
INSERT INTO `posts_media` (`post_id`, `media_id`, `created_at`, `updated_at`) VALUES (5, 5, '1980-02-03 17:14:11', '1973-05-17 08:23:22');
INSERT INTO `posts_media` (`post_id`, `media_id`, `created_at`, `updated_at`) VALUES (5, 21, '1997-09-13 04:42:13', '2002-01-12 02:58:42');
INSERT INTO `posts_media` (`post_id`, `media_id`, `created_at`, `updated_at`) VALUES (6, 6, '2015-12-28 18:51:22', '1975-07-14 08:33:13');
INSERT INTO `posts_media` (`post_id`, `media_id`, `created_at`, `updated_at`) VALUES (7, 7, '2015-06-25 01:25:00', '1991-07-26 08:34:08');
INSERT INTO `posts_media` (`post_id`, `media_id`, `created_at`, `updated_at`) VALUES (8, 8, '1976-11-20 23:46:37', '1975-05-28 03:13:42');
INSERT INTO `posts_media` (`post_id`, `media_id`, `created_at`, `updated_at`) VALUES (9, 9, '2004-02-10 23:59:21', '1982-12-27 06:13:30');
INSERT INTO `posts_media` (`post_id`, `media_id`, `created_at`, `updated_at`) VALUES (10, 10, '2014-08-19 01:26:43', '1984-05-25 23:18:05');
INSERT INTO `posts_media` (`post_id`, `media_id`, `created_at`, `updated_at`) VALUES (11, 11, '2020-08-17 10:48:00', '1973-11-23 00:44:26');
INSERT INTO `posts_media` (`post_id`, `media_id`, `created_at`, `updated_at`) VALUES (12, 12, '2013-12-10 18:29:53', '1997-11-21 06:40:34');
INSERT INTO `posts_media` (`post_id`, `media_id`, `created_at`, `updated_at`) VALUES (13, 13, '1998-02-17 01:37:25', '1989-12-05 20:20:58');
INSERT INTO `posts_media` (`post_id`, `media_id`, `created_at`, `updated_at`) VALUES (14, 14, '1972-03-19 07:47:47', '2012-10-31 21:07:54');
INSERT INTO `posts_media` (`post_id`, `media_id`, `created_at`, `updated_at`) VALUES (15, 15, '1972-02-28 00:57:07', '2008-02-05 20:56:47');
INSERT INTO `posts_media` (`post_id`, `media_id`, `created_at`, `updated_at`) VALUES (16, 16, '1980-05-31 01:59:41', '2009-09-23 04:57:03');

-- like_types
INSERT INTO `like_types` (`id`, `like_type_name`) VALUES (1, 'et');
INSERT INTO `like_types` (`id`, `like_type_name`) VALUES (2, 'reprehenderit');

-- entity_types
INSERT INTO `entity_types` (`id`, `entity_name`) VALUES (3, 'tempore');
INSERT INTO `entity_types` (`id`, `entity_name`) VALUES (1, 'voluptate');
INSERT INTO `entity_types` (`id`, `entity_name`) VALUES (2, 'voluptatibus');
INSERT INTO `entity_types` (`id`, `entity_name`) VALUES (4, 'volfdddfdibus');

-- likes
INSERT INTO `likes` (`id`, `entity_id`, `from_user_id`, `like_type_id`, `created_at`, `updated_at`) VALUES (1, 1, 1, 1, '1978-04-25 10:42:10', '1988-01-15 08:45:36');
INSERT INTO `likes` (`id`, `entity_id`, `from_user_id`, `like_type_id`, `created_at`, `updated_at`) VALUES (2, 2, 2, 2, '2011-04-10 16:46:33', '2009-06-13 07:57:44');
INSERT INTO `likes` (`id`, `entity_id`, `from_user_id`, `like_type_id`, `created_at`, `updated_at`) VALUES (3, 3, 3, 1, '1970-10-25 08:51:27', '1973-11-16 23:59:43');
INSERT INTO `likes` (`id`, `entity_id`, `from_user_id`, `like_type_id`, `created_at`, `updated_at`) VALUES (4, 1, 4, 2, '1986-02-22 22:52:22', '2018-11-23 11:11:51');
INSERT INTO `likes` (`id`, `entity_id`, `from_user_id`, `like_type_id`, `created_at`, `updated_at`) VALUES (5, 2, 5, 1, '1971-08-21 05:07:36', '1972-10-22 11:26:23');
INSERT INTO `likes` (`id`, `entity_id`, `from_user_id`, `like_type_id`, `created_at`, `updated_at`) VALUES (6, 3, 6, 2, '1996-12-27 20:40:54', '1998-05-14 13:54:43');
INSERT INTO `likes` (`id`, `entity_id`, `from_user_id`, `like_type_id`, `created_at`, `updated_at`) VALUES (7, 1, 7, 1, '1977-06-04 03:21:41', '1984-04-23 09:32:26');
INSERT INTO `likes` (`id`, `entity_id`, `from_user_id`, `like_type_id`, `created_at`, `updated_at`) VALUES (8, 2, 8, 2, '1996-05-15 23:59:38', '1975-02-21 22:02:16');
INSERT INTO `likes` (`id`, `entity_id`, `from_user_id`, `like_type_id`, `created_at`, `updated_at`) VALUES (9, 3, 9, 1, '1975-08-29 03:07:36', '1992-07-06 07:48:07');
INSERT INTO `likes` (`id`, `entity_id`, `from_user_id`, `like_type_id`, `created_at`, `updated_at`) VALUES (10, 1, 10, 2, '1970-07-28 09:35:19', '1990-01-15 17:54:03');
INSERT INTO `likes` (`id`, `entity_id`, `from_user_id`, `like_type_id`, `created_at`, `updated_at`) VALUES (11, 2, 11, 1, '1997-03-09 02:59:40', '1993-08-29 01:31:45');
INSERT INTO `likes` (`id`, `entity_id`, `from_user_id`, `like_type_id`, `created_at`, `updated_at`) VALUES (12, 3, 12, 2, '2014-02-06 10:24:48', '1992-12-09 02:04:53');
INSERT INTO `likes` (`id`, `entity_id`, `from_user_id`, `like_type_id`, `created_at`, `updated_at`) VALUES (13, 1, 13, 1, '1984-08-04 09:22:47', '2000-10-19 06:55:58');
INSERT INTO `likes` (`id`, `entity_id`, `from_user_id`, `like_type_id`, `created_at`, `updated_at`) VALUES (14, 2, 14, 2, '1997-03-07 20:55:15', '2014-07-02 07:03:41');
INSERT INTO `likes` (`id`, `entity_id`, `from_user_id`, `like_type_id`, `created_at`, `updated_at`) VALUES (15, 3, 15, 1, '1998-06-09 21:58:54', '1985-05-17 07:32:09');
INSERT INTO `likes` (`id`, `entity_id`, `from_user_id`, `like_type_id`, `created_at`, `updated_at`) VALUES (16, 1, 16, 2, '2012-03-20 23:00:28', '1973-02-02 21:48:42');
INSERT INTO `likes` (`id`, `entity_id`, `from_user_id`, `like_type_id`, `created_at`, `updated_at`) VALUES (17, 2, 17, 1, '1999-07-04 15:54:39', '2011-06-11 16:32:20');
INSERT INTO `likes` (`id`, `entity_id`, `from_user_id`, `like_type_id`, `created_at`, `updated_at`) VALUES (18, 3, 18, 2, '1991-07-15 16:32:54', '1993-03-06 15:38:07');
INSERT INTO `likes` (`id`, `entity_id`, `from_user_id`, `like_type_id`, `created_at`, `updated_at`) VALUES (19, 1, 19, 1, '1981-02-04 04:35:30', '1980-02-04 20:55:21');
INSERT INTO `likes` (`id`, `entity_id`, `from_user_id`, `like_type_id`, `created_at`, `updated_at`) VALUES (20, 2, 20, 2, '1971-10-11 23:11:38', '2014-06-17 14:01:02');
INSERT INTO `likes` (`id`, `entity_id`, `from_user_id`, `like_type_id`, `created_at`, `updated_at`) VALUES (21, 3, 1, 1, '1986-05-03 04:40:27', '1988-03-27 00:27:23');
INSERT INTO `likes` (`id`, `entity_id`, `from_user_id`, `like_type_id`, `created_at`, `updated_at`) VALUES (22, 1, 2, 2, '1994-06-28 07:41:52', '1985-01-22 02:31:52');
INSERT INTO `likes` (`id`, `entity_id`, `from_user_id`, `like_type_id`, `created_at`, `updated_at`) VALUES (23, 2, 3, 1, '1988-05-11 09:24:12', '1970-03-28 04:40:07');
INSERT INTO `likes` (`id`, `entity_id`, `from_user_id`, `like_type_id`, `created_at`, `updated_at`) VALUES (24, 3, 4, 2, '1971-04-09 10:26:30', '2007-03-03 02:13:30');
INSERT INTO `likes` (`id`, `entity_id`, `from_user_id`, `like_type_id`, `created_at`, `updated_at`) VALUES (25, 1, 5, 1, '2009-02-23 09:21:00', '1996-07-31 21:22:37');
INSERT INTO `likes` (`id`, `entity_id`, `from_user_id`, `like_type_id`, `created_at`, `updated_at`) VALUES (26, 2, 6, 2, '1987-03-10 07:29:11', '1985-08-11 22:20:35');
INSERT INTO `likes` (`id`, `entity_id`, `from_user_id`, `like_type_id`, `created_at`, `updated_at`) VALUES (27, 3, 7, 1, '1978-06-02 18:18:35', '2015-03-03 22:22:08');
INSERT INTO `likes` (`id`, `entity_id`, `from_user_id`, `like_type_id`, `created_at`, `updated_at`) VALUES (28, 1, 8, 2, '2013-05-08 22:29:28', '2016-04-15 17:38:55');
INSERT INTO `likes` (`id`, `entity_id`, `from_user_id`, `like_type_id`, `created_at`, `updated_at`) VALUES (29, 2, 9, 1, '2012-11-24 15:36:31', '1977-07-25 05:31:27');
INSERT INTO `likes` (`id`, `entity_id`, `from_user_id`, `like_type_id`, `created_at`, `updated_at`) VALUES (30, 3, 10, 2, '2011-11-05 05:57:01', '1981-10-28 13:03:42');
INSERT INTO `likes` (`id`, `entity_id`, `from_user_id`, `like_type_id`, `created_at`, `updated_at`) VALUES (31, 1, 11, 1, '1975-01-24 01:43:04', '1985-09-13 01:39:26');
INSERT INTO `likes` (`id`, `entity_id`, `from_user_id`, `like_type_id`, `created_at`, `updated_at`) VALUES (32, 2, 12, 2, '1976-12-28 06:25:45', '1978-02-11 00:38:19');
INSERT INTO `likes` (`id`, `entity_id`, `from_user_id`, `like_type_id`, `created_at`, `updated_at`) VALUES (33, 3, 13, 1, '2000-01-10 06:16:00', '1989-11-13 15:23:41');
INSERT INTO `likes` (`id`, `entity_id`, `from_user_id`, `like_type_id`, `created_at`, `updated_at`) VALUES (34, 1, 14, 2, '2014-04-11 02:53:09', '2001-12-01 08:24:59');
INSERT INTO `likes` (`id`, `entity_id`, `from_user_id`, `like_type_id`, `created_at`, `updated_at`) VALUES (35, 2, 15, 1, '2018-04-13 12:52:15', '1980-05-28 09:07:46');
INSERT INTO `likes` (`id`, `entity_id`, `from_user_id`, `like_type_id`, `created_at`, `updated_at`) VALUES (36, 3, 16, 2, '2013-02-03 16:17:24', '2011-12-20 16:48:44');
INSERT INTO `likes` (`id`, `entity_id`, `from_user_id`, `like_type_id`, `created_at`, `updated_at`) VALUES (37, 1, 17, 1, '2002-04-28 12:54:21', '1975-08-24 14:58:18');
INSERT INTO `likes` (`id`, `entity_id`, `from_user_id`, `like_type_id`, `created_at`, `updated_at`) VALUES (38, 2, 18, 2, '1979-04-16 06:20:06', '2009-12-08 05:31:09');
INSERT INTO `likes` (`id`, `entity_id`, `from_user_id`, `like_type_id`, `created_at`, `updated_at`) VALUES (39, 3, 19, 1, '2000-04-15 22:32:40', '2004-07-03 10:27:59');
INSERT INTO `likes` (`id`, `entity_id`, `from_user_id`, `like_type_id`, `created_at`, `updated_at`) VALUES (40, 1, 20, 2, '1980-05-04 19:28:22', '2017-11-19 13:35:47');
INSERT INTO `likes` (`id`, `entity_id`, `from_user_id`, `like_type_id`, `created_at`, `updated_at`) VALUES (41, 2, 1, 1, '1974-07-09 11:48:48', '2016-08-13 06:24:31');
INSERT INTO `likes` (`id`, `entity_id`, `from_user_id`, `like_type_id`, `created_at`, `updated_at`) VALUES (42, 3, 2, 2, '1987-07-21 23:41:19', '1975-01-02 21:35:53');
INSERT INTO `likes` (`id`, `entity_id`, `from_user_id`, `like_type_id`, `created_at`, `updated_at`) VALUES (43, 1, 3, 1, '1997-10-20 04:47:27', '2019-05-30 11:21:45');
INSERT INTO `likes` (`id`, `entity_id`, `from_user_id`, `like_type_id`, `created_at`, `updated_at`) VALUES (44, 2, 4, 2, '2012-04-04 02:10:03', '1971-07-25 17:01:34');
INSERT INTO `likes` (`id`, `entity_id`, `from_user_id`, `like_type_id`, `created_at`, `updated_at`) VALUES (45, 3, 5, 1, '1981-11-30 03:15:15', '2000-01-08 22:11:44');
INSERT INTO `likes` (`id`, `entity_id`, `from_user_id`, `like_type_id`, `created_at`, `updated_at`) VALUES (46, 1, 6, 2, '1976-02-11 06:50:30', '2006-03-25 16:07:47');
INSERT INTO `likes` (`id`, `entity_id`, `from_user_id`, `like_type_id`, `created_at`, `updated_at`) VALUES (47, 2, 7, 1, '1995-10-17 07:04:08', '1971-02-02 06:33:50');
INSERT INTO `likes` (`id`, `entity_id`, `from_user_id`, `like_type_id`, `created_at`, `updated_at`) VALUES (48, 3, 8, 2, '1974-07-01 02:21:09', '2014-10-16 10:39:08');
INSERT INTO `likes` (`id`, `entity_id`, `from_user_id`, `like_type_id`, `created_at`, `updated_at`) VALUES (49, 1, 9, 1, '1998-07-01 05:53:02', '1972-06-05 13:48:24');
INSERT INTO `likes` (`id`, `entity_id`, `from_user_id`, `like_type_id`, `created_at`, `updated_at`) VALUES (50, 2, 10, 2, '1993-12-21 22:02:19', '1998-10-14 11:17:14');
INSERT INTO `likes` (`id`, `entity_id`, `from_user_id`, `like_type_id`, `created_at`, `updated_at`) VALUES (51, 3, 11, 1, '1996-11-17 15:00:07', '1999-02-08 13:24:10');
INSERT INTO `likes` (`id`, `entity_id`, `from_user_id`, `like_type_id`, `created_at`, `updated_at`) VALUES (52, 1, 12, 2, '2014-04-28 08:10:33', '2012-08-09 07:28:17');
INSERT INTO `likes` (`id`, `entity_id`, `from_user_id`, `like_type_id`, `created_at`, `updated_at`) VALUES (53, 2, 13, 1, '2007-11-19 12:23:57', '2003-01-24 21:24:02');
INSERT INTO `likes` (`id`, `entity_id`, `from_user_id`, `like_type_id`, `created_at`, `updated_at`) VALUES (54, 3, 14, 2, '1998-02-23 08:34:38', '1971-04-21 03:21:42');
INSERT INTO `likes` (`id`, `entity_id`, `from_user_id`, `like_type_id`, `created_at`, `updated_at`) VALUES (55, 1, 15, 1, '2007-03-26 10:19:02', '1980-09-06 15:47:27');
INSERT INTO `likes` (`id`, `entity_id`, `from_user_id`, `like_type_id`, `created_at`, `updated_at`) VALUES (56, 2, 16, 2, '1976-11-20 21:51:26', '1992-06-24 11:06:29');
INSERT INTO `likes` (`id`, `entity_id`, `from_user_id`, `like_type_id`, `created_at`, `updated_at`) VALUES (57, 3, 17, 1, '1970-05-10 02:21:35', '1976-05-28 02:00:58');
INSERT INTO `likes` (`id`, `entity_id`, `from_user_id`, `like_type_id`, `created_at`, `updated_at`) VALUES (58, 1, 18, 2, '1994-02-03 14:42:10', '2009-06-14 08:43:47');
INSERT INTO `likes` (`id`, `entity_id`, `from_user_id`, `like_type_id`, `created_at`, `updated_at`) VALUES (59, 2, 19, 1, '1989-05-11 01:40:38', '1987-08-30 21:11:25');
INSERT INTO `likes` (`id`, `entity_id`, `from_user_id`, `like_type_id`, `created_at`, `updated_at`) VALUES (60, 3, 20, 2, '1979-08-31 20:06:30', '1978-06-18 16:58:33');
INSERT INTO `likes` (`id`, `entity_id`, `from_user_id`, `like_type_id`, `created_at`, `updated_at`) VALUES (61, 1, 1, 1, '1996-12-31 16:25:49', '1998-07-31 20:58:40');
INSERT INTO `likes` (`id`, `entity_id`, `from_user_id`, `like_type_id`, `created_at`, `updated_at`) VALUES (62, 2, 2, 2, '2004-04-02 13:00:36', '1984-03-13 18:35:50');
INSERT INTO `likes` (`id`, `entity_id`, `from_user_id`, `like_type_id`, `created_at`, `updated_at`) VALUES (63, 3, 3, 1, '1981-12-10 13:42:58', '1993-09-22 09:54:00');
INSERT INTO `likes` (`id`, `entity_id`, `from_user_id`, `like_type_id`, `created_at`, `updated_at`) VALUES (64, 1, 4, 2, '1984-01-31 07:24:11', '1983-05-29 10:13:06');
INSERT INTO `likes` (`id`, `entity_id`, `from_user_id`, `like_type_id`, `created_at`, `updated_at`) VALUES (65, 2, 5, 1, '1980-05-31 20:09:58', '1976-02-11 00:28:42');
INSERT INTO `likes` (`id`, `entity_id`, `from_user_id`, `like_type_id`, `created_at`, `updated_at`) VALUES (66, 3, 6, 2, '1996-06-30 10:49:30', '1981-12-11 15:15:52');
INSERT INTO `likes` (`id`, `entity_id`, `from_user_id`, `like_type_id`, `created_at`, `updated_at`) VALUES (67, 1, 7, 1, '2013-06-22 19:59:15', '2006-03-20 07:56:09');
INSERT INTO `likes` (`id`, `entity_id`, `from_user_id`, `like_type_id`, `created_at`, `updated_at`) VALUES (68, 2, 8, 2, '2009-12-03 08:23:38', '2002-03-03 13:56:19');
INSERT INTO `likes` (`id`, `entity_id`, `from_user_id`, `like_type_id`, `created_at`, `updated_at`) VALUES (69, 3, 9, 1, '1989-01-30 21:14:01', '1975-05-30 00:12:17');
INSERT INTO `likes` (`id`, `entity_id`, `from_user_id`, `like_type_id`, `created_at`, `updated_at`) VALUES (70, 1, 10, 2, '1986-05-28 16:59:21', '1987-03-14 02:21:21');
INSERT INTO `likes` (`id`, `entity_id`, `from_user_id`, `like_type_id`, `created_at`, `updated_at`) VALUES (71, 2, 11, 1, '1972-12-11 11:14:12', '2019-07-18 20:47:24');
INSERT INTO `likes` (`id`, `entity_id`, `from_user_id`, `like_type_id`, `created_at`, `updated_at`) VALUES (72, 3, 12, 2, '1995-09-15 05:37:13', '2008-02-05 10:40:41');
INSERT INTO `likes` (`id`, `entity_id`, `from_user_id`, `like_type_id`, `created_at`, `updated_at`) VALUES (73, 1, 13, 1, '1988-02-16 12:01:54', '2009-03-05 04:01:45');
INSERT INTO `likes` (`id`, `entity_id`, `from_user_id`, `like_type_id`, `created_at`, `updated_at`) VALUES (74, 2, 14, 2, '1976-03-05 17:31:49', '1991-10-04 23:01:15');
INSERT INTO `likes` (`id`, `entity_id`, `from_user_id`, `like_type_id`, `created_at`, `updated_at`) VALUES (75, 3, 15, 1, '1973-07-05 22:20:49', '2007-09-20 10:19:43');
INSERT INTO `likes` (`id`, `entity_id`, `from_user_id`, `like_type_id`, `created_at`, `updated_at`) VALUES (76, 1, 16, 2, '1983-10-11 10:58:16', '1986-12-01 11:05:12');
INSERT INTO `likes` (`id`, `entity_id`, `from_user_id`, `like_type_id`, `created_at`, `updated_at`) VALUES (77, 2, 17, 1, '2021-06-05 06:36:30', '1987-02-20 16:02:41');
INSERT INTO `likes` (`id`, `entity_id`, `from_user_id`, `like_type_id`, `created_at`, `updated_at`) VALUES (78, 3, 18, 2, '1990-06-12 08:02:58', '1998-07-22 23:59:10');
INSERT INTO `likes` (`id`, `entity_id`, `from_user_id`, `like_type_id`, `created_at`, `updated_at`) VALUES (79, 1, 19, 1, '1991-02-16 16:13:31', '1991-04-06 11:38:53');
INSERT INTO `likes` (`id`, `entity_id`, `from_user_id`, `like_type_id`, `created_at`, `updated_at`) VALUES (80, 2, 20, 2, '1974-04-11 22:19:21', '2006-02-25 22:22:09');
INSERT INTO `likes` (`id`, `entity_id`, `from_user_id`, `like_type_id`, `created_at`, `updated_at`) VALUES (81, 3, 1, 1, '2021-04-09 07:06:37', '1972-09-02 06:12:30');
INSERT INTO `likes` (`id`, `entity_id`, `from_user_id`, `like_type_id`, `created_at`, `updated_at`) VALUES (82, 1, 2, 2, '2018-06-10 09:34:48', '1979-02-07 17:08:52');
INSERT INTO `likes` (`id`, `entity_id`, `from_user_id`, `like_type_id`, `created_at`, `updated_at`) VALUES (83, 2, 3, 1, '2017-12-19 10:52:32', '1995-10-16 23:00:28');
INSERT INTO `likes` (`id`, `entity_id`, `from_user_id`, `like_type_id`, `created_at`, `updated_at`) VALUES (84, 3, 4, 2, '2012-01-06 23:35:31', '2013-05-17 13:09:24');
INSERT INTO `likes` (`id`, `entity_id`, `from_user_id`, `like_type_id`, `created_at`, `updated_at`) VALUES (85, 1, 5, 1, '1974-12-24 23:25:40', '2014-08-08 11:45:17');
INSERT INTO `likes` (`id`, `entity_id`, `from_user_id`, `like_type_id`, `created_at`, `updated_at`) VALUES (86, 2, 6, 2, '2010-12-07 01:08:43', '2020-01-30 15:16:03');
INSERT INTO `likes` (`id`, `entity_id`, `from_user_id`, `like_type_id`, `created_at`, `updated_at`) VALUES (87, 3, 7, 1, '1990-03-26 04:54:02', '2010-03-18 13:14:32');
INSERT INTO `likes` (`id`, `entity_id`, `from_user_id`, `like_type_id`, `created_at`, `updated_at`) VALUES (88, 1, 8, 2, '2019-05-06 09:12:20', '2010-01-13 05:56:04');
INSERT INTO `likes` (`id`, `entity_id`, `from_user_id`, `like_type_id`, `created_at`, `updated_at`) VALUES (89, 2, 9, 1, '1979-06-23 04:11:41', '1974-01-14 23:19:26');
INSERT INTO `likes` (`id`, `entity_id`, `from_user_id`, `like_type_id`, `created_at`, `updated_at`) VALUES (90, 3, 10, 2, '2017-01-17 19:18:26', '1993-02-04 11:03:58');
INSERT INTO `likes` (`id`, `entity_id`, `from_user_id`, `like_type_id`, `created_at`, `updated_at`) VALUES (91, 1, 11, 1, '2014-08-08 05:45:50', '2020-02-22 13:12:16');
INSERT INTO `likes` (`id`, `entity_id`, `from_user_id`, `like_type_id`, `created_at`, `updated_at`) VALUES (92, 2, 12, 2, '2009-03-21 14:11:00', '2009-07-06 21:05:19');
INSERT INTO `likes` (`id`, `entity_id`, `from_user_id`, `like_type_id`, `created_at`, `updated_at`) VALUES (93, 3, 13, 1, '1971-09-20 15:38:04', '2005-10-23 06:31:45');
INSERT INTO `likes` (`id`, `entity_id`, `from_user_id`, `like_type_id`, `created_at`, `updated_at`) VALUES (94, 1, 14, 2, '1982-12-21 00:58:27', '1997-02-15 22:10:34');
INSERT INTO `likes` (`id`, `entity_id`, `from_user_id`, `like_type_id`, `created_at`, `updated_at`) VALUES (95, 2, 15, 1, '2010-03-11 12:46:32', '1970-09-22 22:37:30');
INSERT INTO `likes` (`id`, `entity_id`, `from_user_id`, `like_type_id`, `created_at`, `updated_at`) VALUES (96, 3, 16, 2, '1998-11-04 00:48:39', '1995-09-19 00:14:59');
INSERT INTO `likes` (`id`, `entity_id`, `from_user_id`, `like_type_id`, `created_at`, `updated_at`) VALUES (97, 1, 17, 1, '2019-09-09 02:15:56', '2011-08-20 02:58:16');
INSERT INTO `likes` (`id`, `entity_id`, `from_user_id`, `like_type_id`, `created_at`, `updated_at`) VALUES (98, 2, 18, 2, '2007-04-03 10:26:13', '1991-02-01 13:09:53');
INSERT INTO `likes` (`id`, `entity_id`, `from_user_id`, `like_type_id`, `created_at`, `updated_at`) VALUES (99, 3, 19, 1, '1991-07-05 04:33:14', '1987-07-31 23:45:02');
INSERT INTO `likes` (`id`, `entity_id`, `from_user_id`, `like_type_id`, `created_at`, `updated_at`) VALUES (100, 1, 20, 2, '1973-06-10 13:04:07', '2004-07-09 06:35:39');





































